path,score
C:\Users\miker\wake_word_project\data\negative\three\c2dccf38_nohash_2.wav,0.000885
C:\Users\miker\wake_word_project\data\negative\eight\3565ca83_nohash_1.wav,0.000513
C:\Users\miker\wake_word_project\data\negative\bed\ccfd721c_nohash_0.wav,0.002148
C:\Users\miker\wake_word_project\data\negative\wow\b17f5ba0_nohash_0.wav,0.018856
C:\Users\miker\wake_word_project\data\negative\house\b59fa113_nohash_1.wav,0.018169
C:\Users\miker\wake_word_project\data\negative\go\eb609143_nohash_0.wav,0.000145
C:\Users\miker\wake_word_project\data\negative\go\30060aba_nohash_1.wav,0.000535
C:\Users\miker\wake_word_project\data\negative\five\2bdbe5f7_nohash_1.wav,0.000844
C:\Users\miker\wake_word_project\data\negative\wow\65d844fc_nohash_2.wav,0.010684
C:\Users\miker\wake_word_project\data\negative\down\e9287461_nohash_0.wav,0.000317
C:\Users\miker\wake_word_project\data\negative\two\97101ef3_nohash_0.wav,0.000942
C:\Users\miker\wake_word_project\data\negative\wow\a74f3917_nohash_0.wav,0.000623
C:\Users\miker\wake_word_project\data\negative\sheila\1daa5ada_nohash_1.wav,0.002159
C:\Users\miker\wake_word_project\data\negative\down\64220627_nohash_0.wav,0.000285
C:\Users\miker\wake_word_project\data\negative\stop\14c7b073_nohash_0.wav,0.000367
C:\Users\miker\wake_word_project\data\negative\off\e32ff49d_nohash_1.wav,0.000331
C:\Users\miker\wake_word_project\data\negative\bird\3fb8c268_nohash_1.wav,0.000427
C:\Users\miker\wake_word_project\data\negative\bird\1e02ffc5_nohash_0.wav,0.000455
C:\Users\miker\wake_word_project\data\negative\down\a40c62f1_nohash_3.wav,0.000457
C:\Users\miker\wake_word_project\data\negative\go\09a7aa2a_nohash_0.wav,0.000245
C:\Users\miker\wake_word_project\data\negative\go\834f03fe_nohash_1.wav,0.000322
C:\Users\miker\wake_word_project\data\negative\right\bf5d409d_nohash_0.wav,0.000167
C:\Users\miker\wake_word_project\data\negative\stop\773e26f7_nohash_1.wav,0.001157
C:\Users\miker\wake_word_project\data\negative\bed\e7ea8b76_nohash_1.wav,0.000382
C:\Users\miker\wake_word_project\data\negative\six\171edea9_nohash_1.wav,0.005732
C:\Users\miker\wake_word_project\data\negative\four\578d3efb_nohash_0.wav,0.000671
C:\Users\miker\wake_word_project\data\negative\up\f0659908_nohash_3.wav,0.000249
C:\Users\miker\wake_word_project\data\negative\tree\422d3197_nohash_1.wav,0.000748
C:\Users\miker\wake_word_project\data\negative\up\6a497f80_nohash_1.wav,0.005226
C:\Users\miker\wake_word_project\data\negative\sheila\1890e5c3_nohash_0.wav,0.018188
C:\Users\miker\wake_word_project\data\negative\off\cc3b5b62_nohash_2.wav,0.000908
C:\Users\miker\wake_word_project\data\negative\go\1942abd7_nohash_0.wav,0.000034
C:\Users\miker\wake_word_project\data\negative\on\d0745d72_nohash_0.wav,0.002623
C:\Users\miker\wake_word_project\data\negative\stop\095847e4_nohash_0.wav,0.002186
C:\Users\miker\wake_word_project\data\negative\house\e8d562ca_nohash_0.wav,0.005789
C:\Users\miker\wake_word_project\data\negative\backward\879a2b38_nohash_4.wav,0.008872
C:\Users\miker\wake_word_project\data\negative\yes\6846af18_nohash_0.wav,0.001497
C:\Users\miker\wake_word_project\data\negative\zero\f00180d0_nohash_1.wav,0.004509
C:\Users\miker\wake_word_project\data\negative\five\ceef6d96_nohash_1.wav,0.000156
C:\Users\miker\wake_word_project\data\negative\up\4e99c1b7_nohash_1.wav,0.014576
C:\Users\miker\wake_word_project\data\negative\off\e9bc5cc2_nohash_3.wav,0.004541
C:\Users\miker\wake_word_project\data\negative\nine\1fe4c891_nohash_0.wav,0.000588
C:\Users\miker\wake_word_project\data\negative\house\e41a903b_nohash_0.wav,0.000694
C:\Users\miker\wake_word_project\data\negative\five\b308773d_nohash_3.wav,0.001557
C:\Users\miker\wake_word_project\data\negative\four\eb0676ec_nohash_0.wav,0.000666
C:\Users\miker\wake_word_project\data\negative\yes\94de6a6a_nohash_2.wav,0.001333
C:\Users\miker\wake_word_project\data\negative\nine\0137b3f4_nohash_0.wav,0.000358
C:\Users\miker\wake_word_project\data\negative\down\e5dadd24_nohash_1.wav,0.000444
C:\Users\miker\wake_word_project\data\negative\down\9b8a7439_nohash_2.wav,0.003160
C:\Users\miker\wake_word_project\data\negative\no\7318280c_nohash_0.wav,0.000219
C:\Users\miker\wake_word_project\data\negative\down\bab36420_nohash_4.wav,0.002438
C:\Users\miker\wake_word_project\data\negative\nine\c0445658_nohash_0.wav,0.000447
C:\Users\miker\wake_word_project\data\negative\nine\3bfd30e6_nohash_3.wav,0.001110
C:\Users\miker\wake_word_project\data\negative\stop\879a2b38_nohash_3.wav,0.004141
C:\Users\miker\wake_word_project\data\negative\house\14775481_nohash_0.wav,0.002012
C:\Users\miker\wake_word_project\data\negative\zero\f9af823e_nohash_0.wav,0.001203
C:\Users\miker\wake_word_project\data\negative\bird\f97e1fcd_nohash_0.wav,0.000352
C:\Users\miker\wake_word_project\data\negative\visual\fbb2f6cc_nohash_0.wav,0.005543
C:\Users\miker\wake_word_project\data\negative\one\2a1f4853_nohash_2.wav,0.000157
C:\Users\miker\wake_word_project\data\negative\seven\c37a72d3_nohash_0.wav,0.000480
C:\Users\miker\wake_word_project\data\negative\eight\b0f5b16d_nohash_2.wav,0.004213
C:\Users\miker\wake_word_project\data\negative\no\676f8138_nohash_4.wav,0.000130
C:\Users\miker\wake_word_project\data\negative\down\1dc86f91_nohash_2.wav,0.001386
C:\Users\miker\wake_word_project\data\negative\sheila\8a1c449e_nohash_1.wav,0.001637
C:\Users\miker\wake_word_project\data\negative\left\106a6183_nohash_4.wav,0.001718
C:\Users\miker\wake_word_project\data\negative\three\61e2f74f_nohash_3.wav,0.001030
C:\Users\miker\wake_word_project\data\negative\three\0685264e_nohash_1.wav,0.001573
C:\Users\miker\wake_word_project\data\negative\nine\d3831f6a_nohash_2.wav,0.000798
C:\Users\miker\wake_word_project\data\negative\six\a709ddd3_nohash_0.wav,0.003493
C:\Users\miker\wake_word_project\data\negative\four\1e31353f_nohash_1.wav,0.000995
C:\Users\miker\wake_word_project\data\negative\up\89f3ab7d_nohash_2.wav,0.000440
C:\Users\miker\wake_word_project\data\negative\dog\a8688b67_nohash_1.wav,0.001634
C:\Users\miker\wake_word_project\data\negative\cat\22aa3665_nohash_1.wav,0.000057
C:\Users\miker\wake_word_project\data\negative\two\0e6e36c9_nohash_1.wav,0.000626
C:\Users\miker\wake_word_project\data\negative\go\56f8a100_nohash_1.wav,0.001063
C:\Users\miker\wake_word_project\data\negative\yes\df1d5024_nohash_3.wav,0.001424
C:\Users\miker\wake_word_project\data\negative\learn\d394ef8e_nohash_0.wav,0.002808
C:\Users\miker\wake_word_project\data\negative\down\2510c044_nohash_0.wav,0.000671
C:\Users\miker\wake_word_project\data\negative\go\8536c82d_nohash_0.wav,0.000099
C:\Users\miker\wake_word_project\data\negative\down\da584bc0_nohash_4.wav,0.001395
C:\Users\miker\wake_word_project\data\negative\no\747e69fd_nohash_0.wav,0.002205
C:\Users\miker\wake_word_project\data\negative\house\e5afa9b0_nohash_1.wav,0.000766
C:\Users\miker\wake_word_project\data\negative\on\f5e44d34_nohash_1.wav,0.001362
C:\Users\miker\wake_word_project\data\negative\three\a6f2fd71_nohash_3.wav,0.001424
C:\Users\miker\wake_word_project\data\negative\nine\f1d8a638_nohash_1.wav,0.006430
C:\Users\miker\wake_word_project\data\negative\five\ec201020_nohash_2.wav,0.002582
C:\Users\miker\wake_word_project\data\negative\no\1fe4c891_nohash_0.wav,0.000591
C:\Users\miker\wake_word_project\data\negative\nine\a2cc5444_nohash_4.wav,0.003487
C:\Users\miker\wake_word_project\data\negative\four\b91b718c_nohash_0.wav,0.000897
C:\Users\miker\wake_word_project\data\negative\two\5c8af87a_nohash_0.wav,0.000108
C:\Users\miker\wake_word_project\data\negative\house\39a12648_nohash_0.wav,0.007498
C:\Users\miker\wake_word_project\data\negative\up\70a00e98_nohash_2.wav,0.000476
C:\Users\miker\wake_word_project\data\negative\two\cc6ee39b_nohash_1.wav,0.004072
C:\Users\miker\wake_word_project\data\negative\tree\214ccb20_nohash_2.wav,0.009652
C:\Users\miker\wake_word_project\data\negative\dog\c392e01d_nohash_1.wav,0.000225
C:\Users\miker\wake_word_project\data\negative\stop\b7016c27_nohash_0.wav,0.000567
C:\Users\miker\wake_word_project\data\negative\three\9ff2d2f4_nohash_1.wav,0.024049
C:\Users\miker\wake_word_project\data\negative\follow\845f8553_nohash_1.wav,0.000582
C:\Users\miker\wake_word_project\data\negative\seven\b59fe16d_nohash_0.wav,0.022983
C:\Users\miker\wake_word_project\data\negative\visual\f2e59fea_nohash_0.wav,0.059127
C:\Users\miker\wake_word_project\data\negative\go\eaa83485_nohash_3.wav,0.000491
C:\Users\miker\wake_word_project\data\negative\five\f19c1390_nohash_4.wav,0.000201
C:\Users\miker\wake_word_project\data\negative\one\3f45a0cf_nohash_2.wav,0.004346
C:\Users\miker\wake_word_project\data\negative\no\6f5eea74_nohash_0.wav,0.000529
C:\Users\miker\wake_word_project\data\negative\house\6982fc2a_nohash_0.wav,0.004080
C:\Users\miker\wake_word_project\data\negative\three\c8db14a8_nohash_0.wav,0.002651
C:\Users\miker\wake_word_project\data\negative\two\f5626af6_nohash_2.wav,0.002477
C:\Users\miker\wake_word_project\data\negative\sheila\dd6c6806_nohash_1.wav,0.040292
C:\Users\miker\wake_word_project\data\negative\go\11a022ba_nohash_0.wav,0.000280
C:\Users\miker\wake_word_project\data\negative\two\d4082f3e_nohash_2.wav,0.000440
C:\Users\miker\wake_word_project\data\negative\marvin\3cdecb0b_nohash_1.wav,0.024473
C:\Users\miker\wake_word_project\data\negative\yes\bbf38549_nohash_1.wav,0.001392
C:\Users\miker\wake_word_project\data\negative\yes\f822b9bf_nohash_2.wav,0.001996
C:\Users\miker\wake_word_project\data\negative\cat\cb5d2c6e_nohash_1.wav,0.000730
C:\Users\miker\wake_word_project\data\negative\go\617aeb6c_nohash_1.wav,0.000893
C:\Users\miker\wake_word_project\data\negative\bird\437455be_nohash_0.wav,0.002149
C:\Users\miker\wake_word_project\data\negative\zero\e95c70e2_nohash_0.wav,0.001734
C:\Users\miker\wake_word_project\data\negative\left\d2eae23d_nohash_0.wav,0.001446
C:\Users\miker\wake_word_project\data\negative\off\299c14b1_nohash_0.wav,0.001496
C:\Users\miker\wake_word_project\data\negative\house\437455be_nohash_1.wav,0.001712
C:\Users\miker\wake_word_project\data\negative\dog\708a9569_nohash_2.wav,0.001621
C:\Users\miker\wake_word_project\data\negative\four\c50f55b8_nohash_1.wav,0.002677
C:\Users\miker\wake_word_project\data\negative\six\4995d875_nohash_3.wav,0.016544
C:\Users\miker\wake_word_project\data\negative\visual\03401e93_nohash_0.wav,0.008030
C:\Users\miker\wake_word_project\data\negative\left\cce7416f_nohash_7.wav,0.011503
C:\Users\miker\wake_word_project\data\negative\four\d0faf7e4_nohash_4.wav,0.001554
C:\Users\miker\wake_word_project\data\negative\tree\ae04cdbe_nohash_1.wav,0.000069
C:\Users\miker\wake_word_project\data\negative\right\8a28231e_nohash_0.wav,0.748904
C:\Users\miker\wake_word_project\data\negative\no\f798ac78_nohash_2.wav,0.001260
C:\Users\miker\wake_word_project\data\negative\three\e14a99a5_nohash_0.wav,0.000108
C:\Users\miker\wake_word_project\data\negative\one\257e17e0_nohash_1.wav,0.001350
C:\Users\miker\wake_word_project\data\negative\five\4620dc14_nohash_0.wav,0.000841
C:\Users\miker\wake_word_project\data\negative\house\1a073312_nohash_0.wav,0.004147
C:\Users\miker\wake_word_project\data\negative\five\2c727642_nohash_0.wav,0.004632
C:\Users\miker\wake_word_project\data\negative\go\fa52ddf6_nohash_4.wav,0.004407
C:\Users\miker\wake_word_project\data\negative\wow\ec989d6d_nohash_0.wav,0.001604
C:\Users\miker\wake_word_project\data\negative\six\187af8be_nohash_0.wav,0.002680
C:\Users\miker\wake_word_project\data\negative\seven\d9b8fab2_nohash_0.wav,0.004285
C:\Users\miker\wake_word_project\data\negative\happy\fc94edb0_nohash_2.wav,0.007736
C:\Users\miker\wake_word_project\data\negative\yes\07ad9b59_nohash_1.wav,0.000870
C:\Users\miker\wake_word_project\data\negative\six\e1469561_nohash_1.wav,0.022472
C:\Users\miker\wake_word_project\data\negative\on\1e9e6bdd_nohash_2.wav,0.000196
C:\Users\miker\wake_word_project\data\negative\six\d8c52371_nohash_0.wav,0.002937
C:\Users\miker\wake_word_project\data\negative\off\1acc97de_nohash_2.wav,0.000981
C:\Users\miker\wake_word_project\data\negative\nine\d962e5ac_nohash_3.wav,0.000977
C:\Users\miker\wake_word_project\data\negative\go\0f7266cf_nohash_1.wav,0.000844
C:\Users\miker\wake_word_project\data\negative\five\234d6a48_nohash_2.wav,0.000315
C:\Users\miker\wake_word_project\data\negative\right\e1936ce8_nohash_1.wav,0.000200
C:\Users\miker\wake_word_project\data\negative\right\56cd307a_nohash_0.wav,0.000133
C:\Users\miker\wake_word_project\data\negative\down\89947bd7_nohash_1.wav,0.001766
C:\Users\miker\wake_word_project\data\negative\yes\50d1c8e3_nohash_0.wav,0.003800
C:\Users\miker\wake_word_project\data\negative\cat\365908bd_nohash_0.wav,0.000303
C:\Users\miker\wake_word_project\data\negative\eight\2748cce7_nohash_3.wav,0.011641
C:\Users\miker\wake_word_project\data\negative\five\9cde5de8_nohash_0.wav,0.318551
C:\Users\miker\wake_word_project\data\negative\three\56eb74ae_nohash_1.wav,0.015177
C:\Users\miker\wake_word_project\data\negative\five\d21fd169_nohash_4.wav,0.000566
C:\Users\miker\wake_word_project\data\negative\zero\8134f43f_nohash_0.wav,0.005879
C:\Users\miker\wake_word_project\data\negative\two\b5cf6ea8_nohash_0.wav,0.001624
C:\Users\miker\wake_word_project\data\negative\off\e54a0f16_nohash_3.wav,0.001587
C:\Users\miker\wake_word_project\data\negative\stop\44dad20e_nohash_0.wav,0.000683
C:\Users\miker\wake_word_project\data\negative\dog\42c6fff1_nohash_0.wav,0.000928
C:\Users\miker\wake_word_project\data\negative\no\a13e0a74_nohash_0.wav,0.001844
C:\Users\miker\wake_word_project\data\negative\no\856eb138_nohash_1.wav,0.000412
C:\Users\miker\wake_word_project\data\negative\stop\3d86b69a_nohash_2.wav,0.003668
C:\Users\miker\wake_word_project\data\negative\one\7799c9cd_nohash_1.wav,0.000651
C:\Users\miker\wake_word_project\data\negative\seven\8b25410a_nohash_1.wav,0.000868
C:\Users\miker\wake_word_project\data\negative\happy\4422e51d_nohash_2.wav,0.002973
C:\Users\miker\wake_word_project\data\negative\sheila\9f92fb7c_nohash_0.wav,0.000427
C:\Users\miker\wake_word_project\data\negative\backward\ee1d8d49_nohash_2.wav,0.155404
C:\Users\miker\wake_word_project\data\negative\two\b4aa9fef_nohash_4.wav,0.000901
C:\Users\miker\wake_word_project\data\negative\visual\3b195250_nohash_1.wav,0.003062
C:\Users\miker\wake_word_project\data\negative\eight\528f9242_nohash_0.wav,0.000522
C:\Users\miker\wake_word_project\data\negative\two\bed06fac_nohash_0.wav,0.000737
C:\Users\miker\wake_word_project\data\negative\seven\c9e251d2_nohash_0.wav,0.000404
C:\Users\miker\wake_word_project\data\negative\yes\28460a60_nohash_2.wav,0.087782
C:\Users\miker\wake_word_project\data\negative\house\37bd115d_nohash_1.wav,0.001275
C:\Users\miker\wake_word_project\data\negative\yes\bdee441c_nohash_1.wav,0.000955
C:\Users\miker\wake_word_project\data\negative\three\ce9410da_nohash_0.wav,0.001183
C:\Users\miker\wake_word_project\data\negative\nine\1efdf53f_nohash_0.wav,0.003213
C:\Users\miker\wake_word_project\data\negative\eight\377e916b_nohash_0.wav,0.000312
C:\Users\miker\wake_word_project\data\negative\left\14775481_nohash_0.wav,0.002794
C:\Users\miker\wake_word_project\data\negative\on\569455ff_nohash_0.wav,0.000719
C:\Users\miker\wake_word_project\data\negative\five\c50f55b8_nohash_7.wav,0.000265
C:\Users\miker\wake_word_project\data\negative\on\f8f60f59_nohash_2.wav,0.000919
C:\Users\miker\wake_word_project\data\negative\backward\3ce4910e_nohash_3.wav,0.095159
C:\Users\miker\wake_word_project\data\negative\visual\559bc36a_nohash_2.wav,0.005417
C:\Users\miker\wake_word_project\data\negative\visual\26a093e1_nohash_0.wav,0.002074
C:\Users\miker\wake_word_project\data\negative\house\00970ce1_nohash_0.wav,0.000190
C:\Users\miker\wake_word_project\data\negative\right\97f4c236_nohash_1.wav,0.007672
C:\Users\miker\wake_word_project\data\negative\yes\86cb59b2_nohash_0.wav,0.000825
C:\Users\miker\wake_word_project\data\negative\forward\1efdf53f_nohash_0.wav,0.002452
C:\Users\miker\wake_word_project\data\negative\right\cfbedff9_nohash_2.wav,0.005914
C:\Users\miker\wake_word_project\data\negative\eight\09ddc105_nohash_0.wav,0.000249
C:\Users\miker\wake_word_project\data\negative\three\3fdafe25_nohash_0.wav,0.011817
C:\Users\miker\wake_word_project\data\negative\left\3bdf05d3_nohash_0.wav,0.000523
C:\Users\miker\wake_word_project\data\negative\three\c0445658_nohash_1.wav,0.000251
C:\Users\miker\wake_word_project\data\negative\right\cfbedff9_nohash_0.wav,0.010427
C:\Users\miker\wake_word_project\data\negative\stop\b66f4f93_nohash_0.wav,0.001495
C:\Users\miker\wake_word_project\data\negative\four\57de2379_nohash_0.wav,0.000044
C:\Users\miker\wake_word_project\data\negative\five\9c24bc76_nohash_2.wav,0.000261
C:\Users\miker\wake_word_project\data\negative\no\3ce4910e_nohash_3.wav,0.005760
C:\Users\miker\wake_word_project\data\negative\yes\8a90cf67_nohash_1.wav,0.000259
C:\Users\miker\wake_word_project\data\negative\five\e0c782d5_nohash_3.wav,0.001161
C:\Users\miker\wake_word_project\data\negative\seven\dca2797e_nohash_0.wav,0.004978
C:\Users\miker\wake_word_project\data\negative\zero\0fc57d61_nohash_1.wav,0.000440
C:\Users\miker\wake_word_project\data\negative\seven\97cbf436_nohash_0.wav,0.000029
C:\Users\miker\wake_word_project\data\negative\backward\0d82fd99_nohash_0.wav,0.000616
C:\Users\miker\wake_word_project\data\negative\stop\5ebc1cda_nohash_0.wav,0.001730
C:\Users\miker\wake_word_project\data\negative\marvin\3aa6f4e2_nohash_2.wav,0.015119
C:\Users\miker\wake_word_project\data\negative\right\28e47b1a_nohash_4.wav,0.011642
C:\Users\miker\wake_word_project\data\negative\bed\72aa7259_nohash_0.wav,0.001838
C:\Users\miker\wake_word_project\data\negative\eight\3a69f765_nohash_2.wav,0.112071
C:\Users\miker\wake_word_project\data\negative\nine\e1469561_nohash_0.wav,0.003382
C:\Users\miker\wake_word_project\data\negative\zero\f68160c0_nohash_4.wav,0.002704
C:\Users\miker\wake_word_project\data\negative\left\9151f184_nohash_0.wav,0.004791
C:\Users\miker\wake_word_project\data\negative\go\bf90a57a_nohash_0.wav,0.018420
C:\Users\miker\wake_word_project\data\negative\cat\eb3f7d82_nohash_0.wav,0.000058
C:\Users\miker\wake_word_project\data\negative\go\c948d727_nohash_4.wav,0.002248
C:\Users\miker\wake_word_project\data\negative\six\4bc2c2c5_nohash_1.wav,0.003430
C:\Users\miker\wake_word_project\data\negative\down\1d919a90_nohash_0.wav,0.000047
C:\Users\miker\wake_word_project\data\negative\down\5828dfa2_nohash_0.wav,0.000266
C:\Users\miker\wake_word_project\data\negative\wow\1fe4c891_nohash_0.wav,0.000790
C:\Users\miker\wake_word_project\data\negative\right\113b3fbc_nohash_1.wav,0.000521
C:\Users\miker\wake_word_project\data\negative\dog\a243fcc2_nohash_2.wav,0.000261
C:\Users\miker\wake_word_project\data\negative\yes\79b37d3a_nohash_0.wav,0.016843
C:\Users\miker\wake_word_project\data\negative\seven\aac5b7c1_nohash_1.wav,0.007164
C:\Users\miker\wake_word_project\data\negative\yes\a929f9b9_nohash_2.wav,0.001970
C:\Users\miker\wake_word_project\data\negative\eight\b6ebe225_nohash_0.wav,0.000326
C:\Users\miker\wake_word_project\data\negative\eight\cb62dbf1_nohash_2.wav,0.000653
C:\Users\miker\wake_word_project\data\negative\tree\ff21fb59_nohash_0.wav,0.002867
C:\Users\miker\wake_word_project\data\negative\one\b8b8cb52_nohash_1.wav,0.004846
C:\Users\miker\wake_word_project\data\negative\sheila\66276b0e_nohash_1.wav,0.007459
C:\Users\miker\wake_word_project\data\negative\five\fe291fa9_nohash_0.wav,0.000302
C:\Users\miker\wake_word_project\data\negative\house\1bb6ed89_nohash_0.wav,0.001216
C:\Users\miker\wake_word_project\data\negative\seven\7fd25f7c_nohash_0.wav,0.000363
C:\Users\miker\wake_word_project\data\negative\stop\a16013b7_nohash_2.wav,0.000469
C:\Users\miker\wake_word_project\data\negative\off\ef3367d9_nohash_0.wav,0.017244
C:\Users\miker\wake_word_project\data\negative\four\cb62dbf1_nohash_1.wav,0.000571
C:\Users\miker\wake_word_project\data\negative\seven\dbaf8fc6_nohash_0.wav,0.002336
C:\Users\miker\wake_word_project\data\negative\yes\4c3cddb8_nohash_2.wav,0.003526
C:\Users\miker\wake_word_project\data\negative\visual\ff2b842e_nohash_3.wav,0.001074
C:\Users\miker\wake_word_project\data\negative\up\050170cb_nohash_1.wav,0.000205
C:\Users\miker\wake_word_project\data\negative\four\6ace4fe1_nohash_2.wav,0.000391
C:\Users\miker\wake_word_project\data\negative\up\d278d8ef_nohash_1.wav,0.001339
C:\Users\miker\wake_word_project\data\negative\left\b6573c88_nohash_1.wav,0.002510
C:\Users\miker\wake_word_project\data\negative\off\189cbabe_nohash_0.wav,0.004949
C:\Users\miker\wake_word_project\data\negative\two\676f8138_nohash_1.wav,0.000135
C:\Users\miker\wake_word_project\data\negative\tree\422d3197_nohash_0.wav,0.000607
C:\Users\miker\wake_word_project\data\negative\no\3a70ab7f_nohash_0.wav,0.001437
C:\Users\miker\wake_word_project\data\negative\on\7211390b_nohash_2.wav,0.000294
C:\Users\miker\wake_word_project\data\negative\seven\28ed6bc9_nohash_0.wav,0.002321
C:\Users\miker\wake_word_project\data\negative\on\e5c48e53_nohash_1.wav,0.002642
C:\Users\miker\wake_word_project\data\negative\eight\8e05039f_nohash_1.wav,0.005229
C:\Users\miker\wake_word_project\data\negative\happy\0bfec55f_nohash_0.wav,0.000055
C:\Users\miker\wake_word_project\data\negative\go\3a929277_nohash_3.wav,0.000246
C:\Users\miker\wake_word_project\data\negative\dog\4c3cddb8_nohash_0.wav,0.001510
C:\Users\miker\wake_word_project\data\negative\nine\0f250098_nohash_1.wav,0.000515
C:\Users\miker\wake_word_project\data\negative\bed\8ec6dab6_nohash_0.wav,0.001544
C:\Users\miker\wake_word_project\data\negative\six\ff63ab0b_nohash_0.wav,0.002890
C:\Users\miker\wake_word_project\data\negative\sheila\aa62fdad_nohash_0.wav,0.001589
C:\Users\miker\wake_word_project\data\negative\go\692a88e6_nohash_3.wav,0.007155
C:\Users\miker\wake_word_project\data\negative\stop\012187a4_nohash_1.wav,0.000416
C:\Users\miker\wake_word_project\data\negative\go\179a61b7_nohash_2.wav,0.006396
C:\Users\miker\wake_word_project\data\negative\backward\96d8bb6f_nohash_3.wav,0.004675
C:\Users\miker\wake_word_project\data\negative\dog\beb458a4_nohash_0.wav,0.004971
C:\Users\miker\wake_word_project\data\negative\up\ab5ae445_nohash_0.wav,0.000760
C:\Users\miker\wake_word_project\data\negative\three\7c86c03e_nohash_0.wav,0.000591
C:\Users\miker\wake_word_project\data\negative\cat\f8ad3941_nohash_0.wav,0.000312
C:\Users\miker\wake_word_project\data\negative\go\6124b431_nohash_0.wav,0.002237
C:\Users\miker\wake_word_project\data\negative\dog\84999496_nohash_1.wav,0.002903
C:\Users\miker\wake_word_project\data\negative\bird\39a6b995_nohash_1.wav,0.000178
C:\Users\miker\wake_word_project\data\negative\marvin\a2b16113_nohash_0.wav,0.020703
C:\Users\miker\wake_word_project\data\negative\dog\bc196f81_nohash_0.wav,0.000599
C:\Users\miker\wake_word_project\data\negative\seven\0c2ca723_nohash_1.wav,0.038414
C:\Users\miker\wake_word_project\data\negative\go\b4ea0d9a_nohash_1.wav,0.000664
C:\Users\miker\wake_word_project\data\negative\house\ee07dcb9_nohash_0.wav,0.001461
C:\Users\miker\wake_word_project\data\negative\two\51055bda_nohash_1.wav,0.000681
C:\Users\miker\wake_word_project\data\negative\right\0d2bcf9d_nohash_0.wav,0.001016
C:\Users\miker\wake_word_project\data\negative\four\e102119e_nohash_0.wav,0.000642
C:\Users\miker\wake_word_project\data\negative\seven\db79a764_nohash_0.wav,0.006093
C:\Users\miker\wake_word_project\data\negative\eight\ef77b778_nohash_3.wav,0.003250
C:\Users\miker\wake_word_project\data\negative\visual\72242187_nohash_3.wav,0.005408
C:\Users\miker\wake_word_project\data\negative\six\6c0f6493_nohash_0.wav,0.004854
C:\Users\miker\wake_word_project\data\negative\six\9bfd6a9d_nohash_0.wav,0.000086
C:\Users\miker\wake_word_project\data\negative\one\a3255f5c_nohash_0.wav,0.000590
C:\Users\miker\wake_word_project\data\negative\go\da5dadb9_nohash_0.wav,0.003555
C:\Users\miker\wake_word_project\data\negative\zero\3bfd30e6_nohash_3.wav,0.002247
C:\Users\miker\wake_word_project\data\negative\one\a7216980_nohash_0.wav,0.000798
C:\Users\miker\wake_word_project\data\negative\zero\fbb2f6cc_nohash_4.wav,0.046672
C:\Users\miker\wake_word_project\data\negative\off\5f1b1051_nohash_0.wav,0.000257
C:\Users\miker\wake_word_project\data\negative\four\0d53e045_nohash_0.wav,0.000623
C:\Users\miker\wake_word_project\data\negative\down\a8e25ebb_nohash_0.wav,0.000852
C:\Users\miker\wake_word_project\data\negative\down\bc065a17_nohash_0.wav,0.000141
C:\Users\miker\wake_word_project\data\negative\tree\f2dd248e_nohash_0.wav,0.000422
C:\Users\miker\wake_word_project\data\negative\on\339f2c5c_nohash_0.wav,0.002159
C:\Users\miker\wake_word_project\data\negative\nine\9aa21fa9_nohash_0.wav,0.002520
C:\Users\miker\wake_word_project\data\negative\off\f297e878_nohash_1.wav,0.010187
C:\Users\miker\wake_word_project\data\negative\off\8281a2a8_nohash_1.wav,0.002252
C:\Users\miker\wake_word_project\data\negative\one\6cc28ce5_nohash_1.wav,0.000897
C:\Users\miker\wake_word_project\data\negative\visual\f1d8a638_nohash_1.wav,0.003462
C:\Users\miker\wake_word_project\data\negative\cat\b00dff7e_nohash_1.wav,0.000883
C:\Users\miker\wake_word_project\data\negative\two\78884794_nohash_1.wav,0.001075
C:\Users\miker\wake_word_project\data\negative\tree\85d2ac4b_nohash_0.wav,0.000851
C:\Users\miker\wake_word_project\data\negative\three\fd5ccd39_nohash_1.wav,0.001389
C:\Users\miker\wake_word_project\data\negative\down\c6ee87a7_nohash_2.wav,0.001434
C:\Users\miker\wake_word_project\data\negative\dog\15574821_nohash_0.wav,0.000149
C:\Users\miker\wake_word_project\data\negative\off\353b4d33_nohash_2.wav,0.000271
C:\Users\miker\wake_word_project\data\negative\visual\e11fbc6e_nohash_2.wav,0.001406
C:\Users\miker\wake_word_project\data\negative\nine\18f8afd5_nohash_2.wav,0.018826
C:\Users\miker\wake_word_project\data\negative\zero\c39703ec_nohash_4.wav,0.000199
C:\Users\miker\wake_word_project\data\negative\eight\23da904f_nohash_1.wav,0.002712
C:\Users\miker\wake_word_project\data\negative\happy\1995cf9e_nohash_0.wav,0.001332
C:\Users\miker\wake_word_project\data\negative\four\18f8afd5_nohash_0.wav,0.001953
C:\Users\miker\wake_word_project\data\negative\four\0b7ee1a0_nohash_0.wav,0.001131
C:\Users\miker\wake_word_project\data\negative\seven\c41d9052_nohash_0.wav,0.000496
C:\Users\miker\wake_word_project\data\negative\on\cc6ee39b_nohash_3.wav,0.001900
C:\Users\miker\wake_word_project\data\negative\five\30f6e665_nohash_0.wav,0.001332
C:\Users\miker\wake_word_project\data\negative\off\e2286c18_nohash_0.wav,0.024070
C:\Users\miker\wake_word_project\data\negative\forward\893705bb_nohash_0.wav,0.000494
C:\Users\miker\wake_word_project\data\negative\house\efa16ffd_nohash_0.wav,0.000828
C:\Users\miker\wake_word_project\data\negative\one\439c84f4_nohash_1.wav,0.002016
C:\Users\miker\wake_word_project\data\negative\happy\2c6446f7_nohash_0.wav,0.000625
C:\Users\miker\wake_word_project\data\negative\dog\fc3ba625_nohash_0.wav,0.003390
C:\Users\miker\wake_word_project\data\negative\on\a05a90c1_nohash_3.wav,0.005768
C:\Users\miker\wake_word_project\data\negative\sheila\6f5b4d3d_nohash_0.wav,0.000615
C:\Users\miker\wake_word_project\data\negative\down\c2dccf38_nohash_0.wav,0.001263
C:\Users\miker\wake_word_project\data\negative\cat\73f0c1f7_nohash_0.wav,0.000456
C:\Users\miker\wake_word_project\data\negative\tree\6aafb34f_nohash_0.wav,0.001147
C:\Users\miker\wake_word_project\data\negative\seven\e76dd1ce_nohash_0.wav,0.001986
C:\Users\miker\wake_word_project\data\negative\bed\23add12a_nohash_0.wav,0.005861
C:\Users\miker\wake_word_project\data\negative\down\a0a8d759_nohash_1.wav,0.000180
C:\Users\miker\wake_word_project\data\negative\yes\3c257192_nohash_2.wav,0.007627
C:\Users\miker\wake_word_project\data\negative\go\a759efbc_nohash_0.wav,0.001056
C:\Users\miker\wake_word_project\data\negative\follow\18e910f4_nohash_2.wav,0.000483
C:\Users\miker\wake_word_project\data\negative\off\5769c5ab_nohash_4.wav,0.000954
C:\Users\miker\wake_word_project\data\negative\right\0ea9c8ce_nohash_1.wav,0.000082
C:\Users\miker\wake_word_project\data\negative\one\e8c3c5ca_nohash_1.wav,0.000680
C:\Users\miker\wake_word_project\data\negative\four\dd664d92_nohash_0.wav,0.003167
C:\Users\miker\wake_word_project\data\negative\off\28e47b1a_nohash_3.wav,0.003263
C:\Users\miker\wake_word_project\data\negative\cat\f4504600_nohash_0.wav,0.000190
C:\Users\miker\wake_word_project\data\negative\five\fa70c187_nohash_1.wav,0.000416
C:\Users\miker\wake_word_project\data\negative\no\6aa8def4_nohash_0.wav,0.000720
C:\Users\miker\wake_word_project\data\negative\backward\2aca1e72_nohash_0.wav,0.000622
C:\Users\miker\wake_word_project\data\negative\no\ca4d5368_nohash_5.wav,0.001319
C:\Users\miker\wake_word_project\data\negative\house\1dc86f91_nohash_0.wav,0.000479
C:\Users\miker\wake_word_project\data\negative\zero\39833acb_nohash_4.wav,0.008401
C:\Users\miker\wake_word_project\data\negative\zero\402e2977_nohash_1.wav,0.034334
C:\Users\miker\wake_word_project\data\negative\one\0585b66d_nohash_1.wav,0.002560
C:\Users\miker\wake_word_project\data\negative\learn\7fb8d703_nohash_4.wav,0.003314
C:\Users\miker\wake_word_project\data\negative\off\edc53350_nohash_0.wav,0.000627
C:\Users\miker\wake_word_project\data\negative\up\3e549219_nohash_0.wav,0.003059
C:\Users\miker\wake_word_project\data\negative\wow\0ac15fe9_nohash_3.wav,0.001058
C:\Users\miker\wake_word_project\data\negative\zero\3291330e_nohash_0.wav,0.001686
C:\Users\miker\wake_word_project\data\negative\sheila\c8771f88_nohash_1.wav,0.123513
C:\Users\miker\wake_word_project\data\negative\two\1338a799_nohash_3.wav,0.000323
C:\Users\miker\wake_word_project\data\negative\visual\0d90d8e1_nohash_2.wav,0.002824
C:\Users\miker\wake_word_project\data\negative\right\18f8afd5_nohash_4.wav,0.018714
C:\Users\miker\wake_word_project\data\negative\five\acfd5b5e_nohash_0.wav,0.005710
C:\Users\miker\wake_word_project\data\negative\four\079d1020_nohash_1.wav,0.001347
C:\Users\miker\wake_word_project\data\negative\left\2f813234_nohash_0.wav,0.000243
C:\Users\miker\wake_word_project\data\negative\go\012187a4_nohash_1.wav,0.003228
C:\Users\miker\wake_word_project\data\negative\cat\f2dd248e_nohash_0.wav,0.000061
C:\Users\miker\wake_word_project\data\negative\six\b5cf6ea8_nohash_1.wav,0.008837
C:\Users\miker\wake_word_project\data\negative\wow\5de3f6cc_nohash_0.wav,0.000024
C:\Users\miker\wake_word_project\data\negative\seven\f5626af6_nohash_4.wav,0.014059
C:\Users\miker\wake_word_project\data\negative\dog\19f9c115_nohash_0.wav,0.002732
C:\Users\miker\wake_word_project\data\negative\yes\1093c8e7_nohash_0.wav,0.002892
C:\Users\miker\wake_word_project\data\negative\left\c4e00ee9_nohash_3.wav,0.002718
C:\Users\miker\wake_word_project\data\negative\cat\de08912f_nohash_0.wav,0.000341
C:\Users\miker\wake_word_project\data\negative\cat\6cf5459b_nohash_0.wav,0.002662
C:\Users\miker\wake_word_project\data\negative\six\ddedba85_nohash_8.wav,0.000168
C:\Users\miker\wake_word_project\data\negative\one\c2dccf38_nohash_4.wav,0.000547
C:\Users\miker\wake_word_project\data\negative\right\ac899eb7_nohash_1.wav,0.000824
C:\Users\miker\wake_word_project\data\negative\seven\9db2bfe9_nohash_3.wav,0.007826
C:\Users\miker\wake_word_project\data\negative\five\c0e0f834_nohash_1.wav,0.000109
C:\Users\miker\wake_word_project\data\negative\cat\da27460c_nohash_0.wav,0.000263
C:\Users\miker\wake_word_project\data\negative\right\d0faf7e4_nohash_0.wav,0.000341
C:\Users\miker\wake_word_project\data\negative\down\27c24504_nohash_1.wav,0.005816
C:\Users\miker\wake_word_project\data\negative\forward\bb6d4301_nohash_2.wav,0.006331
C:\Users\miker\wake_word_project\data\negative\dog\9735764a_nohash_0.wav,0.007224
C:\Users\miker\wake_word_project\data\negative\stop\38d78313_nohash_1.wav,0.006488
C:\Users\miker\wake_word_project\data\negative\dog\8d8d9855_nohash_0.wav,0.001291
C:\Users\miker\wake_word_project\data\negative\two\88e90bc1_nohash_0.wav,0.000145
C:\Users\miker\wake_word_project\data\negative\go\9be15e93_nohash_0.wav,0.000066
C:\Users\miker\wake_word_project\data\negative\off\3d53244b_nohash_2.wav,0.000811
C:\Users\miker\wake_word_project\data\negative\eight\845f8553_nohash_0.wav,0.002508
C:\Users\miker\wake_word_project\data\negative\six\605ed0ff_nohash_1.wav,0.001035
C:\Users\miker\wake_word_project\data\negative\go\f6a380e7_nohash_0.wav,0.027107
C:\Users\miker\wake_word_project\data\negative\six\b4877f8e_nohash_0.wav,0.004163
C:\Users\miker\wake_word_project\data\negative\stop\3389305e_nohash_2.wav,0.000992
C:\Users\miker\wake_word_project\data\negative\bird\c0cb43d6_nohash_1.wav,0.003440
C:\Users\miker\wake_word_project\data\negative\three\102192fd_nohash_0.wav,0.001123
C:\Users\miker\wake_word_project\data\negative\down\365908bd_nohash_2.wav,0.017315
C:\Users\miker\wake_word_project\data\negative\off\c9b653a0_nohash_3.wav,0.004065
C:\Users\miker\wake_word_project\data\negative\tree\d78858d9_nohash_0.wav,0.000076
C:\Users\miker\wake_word_project\data\negative\six\d9b50b8b_nohash_0.wav,0.000348
C:\Users\miker\wake_word_project\data\negative\six\36de13e1_nohash_2.wav,0.003822
C:\Users\miker\wake_word_project\data\negative\seven\54ad8f22_nohash_1.wav,0.001085
C:\Users\miker\wake_word_project\data\negative\left\dca2797e_nohash_0.wav,0.002684
C:\Users\miker\wake_word_project\data\negative\happy\dfb6450b_nohash_0.wav,0.001608
C:\Users\miker\wake_word_project\data\negative\four\884ae8e1_nohash_1.wav,0.001159
C:\Users\miker\wake_word_project\data\negative\two\571c044e_nohash_0.wav,0.002920
C:\Users\miker\wake_word_project\data\negative\up\f216055e_nohash_0.wav,0.000723
C:\Users\miker\wake_word_project\data\negative\left\ca48dc76_nohash_3.wav,0.000775
C:\Users\miker\wake_word_project\data\negative\go\b9515bf3_nohash_0.wav,0.000063
C:\Users\miker\wake_word_project\data\negative\house\234d6a48_nohash_0.wav,0.001382
C:\Users\miker\wake_word_project\data\negative\no\f8f60f59_nohash_1.wav,0.000713
C:\Users\miker\wake_word_project\data\negative\eight\e14d3db8_nohash_0.wav,0.001553
C:\Users\miker\wake_word_project\data\negative\three\f839238a_nohash_1.wav,0.001762
C:\Users\miker\wake_word_project\data\negative\left\4a294341_nohash_1.wav,0.004038
C:\Users\miker\wake_word_project\data\negative\one\199da2bf_nohash_0.wav,0.000267
C:\Users\miker\wake_word_project\data\negative\left\dae01802_nohash_2.wav,0.005372
C:\Users\miker\wake_word_project\data\negative\yes\30137d34_nohash_2.wav,0.000920
C:\Users\miker\wake_word_project\data\negative\dog\d37e4bf1_nohash_0.wav,0.000219
C:\Users\miker\wake_word_project\data\negative\backward\bde0f20a_nohash_2.wav,0.000435
C:\Users\miker\wake_word_project\data\negative\one\226537ab_nohash_1.wav,0.000269
C:\Users\miker\wake_word_project\data\negative\three\1e9e6bdd_nohash_2.wav,0.000627
C:\Users\miker\wake_word_project\data\negative\six\24a3e589_nohash_2.wav,0.008496
C:\Users\miker\wake_word_project\data\negative\down\d1dd03ed_nohash_0.wav,0.000078
C:\Users\miker\wake_word_project\data\negative\dog\dd086776_nohash_1.wav,0.001626
C:\Users\miker\wake_word_project\data\negative\seven\cd3331a6_nohash_1.wav,0.002516
C:\Users\miker\wake_word_project\data\negative\four\d8c314c0_nohash_0.wav,0.000361
C:\Users\miker\wake_word_project\data\negative\right\c2dccf38_nohash_0.wav,0.002750
C:\Users\miker\wake_word_project\data\negative\eight\f035e2ea_nohash_1.wav,0.001987
C:\Users\miker\wake_word_project\data\negative\nine\692a88e6_nohash_2.wav,0.003700
C:\Users\miker\wake_word_project\data\negative\dog\9b6c08ba_nohash_0.wav,0.000487
C:\Users\miker\wake_word_project\data\negative\go\e6327279_nohash_1.wav,0.000575
C:\Users\miker\wake_word_project\data\negative\no\1a994c9f_nohash_3.wav,0.000297
C:\Users\miker\wake_word_project\data\negative\learn\73f20b00_nohash_3.wav,0.002507
C:\Users\miker\wake_word_project\data\negative\five\c2aeb59d_nohash_0.wav,0.000664
C:\Users\miker\wake_word_project\data\negative\on\723efc4c_nohash_0.wav,0.002524
C:\Users\miker\wake_word_project\data\negative\seven\fc2411fe_nohash_0.wav,0.005149
C:\Users\miker\wake_word_project\data\negative\up\8281a2a8_nohash_1.wav,0.001082
C:\Users\miker\wake_word_project\data\negative\left\617aeb6c_nohash_2.wav,0.010110
C:\Users\miker\wake_word_project\data\negative\stop\cb62dbf1_nohash_2.wav,0.001092
C:\Users\miker\wake_word_project\data\negative\zero\f9643d42_nohash_3.wav,0.003487
C:\Users\miker\wake_word_project\data\negative\tree\8ed25ef8_nohash_0.wav,0.000201
C:\Users\miker\wake_word_project\data\negative\seven\89947bd7_nohash_4.wav,0.001668
C:\Users\miker\wake_word_project\data\negative\backward\a489191a_nohash_3.wav,0.006500
C:\Users\miker\wake_word_project\data\negative\two\45692b02_nohash_0.wav,0.002006
C:\Users\miker\wake_word_project\data\negative\sheila\b29f8b23_nohash_0.wav,0.000593
C:\Users\miker\wake_word_project\data\negative\left\437455be_nohash_0.wav,0.001039
C:\Users\miker\wake_word_project\data\negative\two\1f3e4139_nohash_1.wav,0.002207
C:\Users\miker\wake_word_project\data\negative\down\f19c1390_nohash_2.wav,0.000149
C:\Users\miker\wake_word_project\data\negative\eight\ff2b842e_nohash_2.wav,0.000310
C:\Users\miker\wake_word_project\data\negative\house\12c206ea_nohash_1.wav,0.000185
C:\Users\miker\wake_word_project\data\negative\eight\5c39594f_nohash_2.wav,0.000551
C:\Users\miker\wake_word_project\data\negative\eight\0f7266cf_nohash_1.wav,0.001477
C:\Users\miker\wake_word_project\data\negative\wow\bed06fac_nohash_0.wav,0.001141
C:\Users\miker\wake_word_project\data\negative\five\b2ae3928_nohash_4.wav,0.005613
C:\Users\miker\wake_word_project\data\negative\house\8ca3b1db_nohash_0.wav,0.003128
C:\Users\miker\wake_word_project\data\negative\learn\2fee065a_nohash_1.wav,0.000359
C:\Users\miker\wake_word_project\data\negative\stop\9151f184_nohash_1.wav,0.001706
C:\Users\miker\wake_word_project\data\negative\four\c1e0e8e3_nohash_0.wav,0.000548
C:\Users\miker\wake_word_project\data\negative\up\fdb5155e_nohash_1.wav,0.000004
C:\Users\miker\wake_word_project\data\negative\nine\332d33b1_nohash_4.wav,0.012023
C:\Users\miker\wake_word_project\data\negative\four\833a0279_nohash_0.wav,0.001941
C:\Users\miker\wake_word_project\data\negative\two\f035e2ea_nohash_0.wav,0.004241
C:\Users\miker\wake_word_project\data\negative\three\9886d8bf_nohash_4.wav,0.010495
C:\Users\miker\wake_word_project\data\negative\house\0b56bcfe_nohash_0.wav,0.005290
C:\Users\miker\wake_word_project\data\negative\right\bfd26d6b_nohash_0.wav,0.001743
C:\Users\miker\wake_word_project\data\negative\right\28ce0c58_nohash_0.wav,0.002498
C:\Users\miker\wake_word_project\data\negative\happy\3f6ba067_nohash_0.wav,0.000684
C:\Users\miker\wake_word_project\data\negative\cat\78884794_nohash_0.wav,0.000219
C:\Users\miker\wake_word_project\data\negative\down\97f4c236_nohash_4.wav,0.008400
C:\Users\miker\wake_word_project\data\negative\three\98ea0818_nohash_4.wav,0.001662
C:\Users\miker\wake_word_project\data\negative\off\f297e878_nohash_0.wav,0.001356
C:\Users\miker\wake_word_project\data\negative\house\cd7f8c1b_nohash_0.wav,0.003171
C:\Users\miker\wake_word_project\data\negative\cat\05b2db80_nohash_0.wav,0.000141
C:\Users\miker\wake_word_project\data\negative\backward\45692b02_nohash_1.wav,0.003342
C:\Users\miker\wake_word_project\data\negative\marvin\d1453a87_nohash_0.wav,0.067153
C:\Users\miker\wake_word_project\data\negative\yes\ceef6d96_nohash_0.wav,0.000550
C:\Users\miker\wake_word_project\data\negative\eight\e11fbc6e_nohash_0.wav,0.002227
C:\Users\miker\wake_word_project\data\negative\three\b308773d_nohash_1.wav,0.000581
C:\Users\miker\wake_word_project\data\negative\happy\f2a90886_nohash_0.wav,0.003740
C:\Users\miker\wake_word_project\data\negative\five\e102119e_nohash_0.wav,0.000163
C:\Users\miker\wake_word_project\data\negative\wow\ae71797c_nohash_1.wav,0.000280
C:\Users\miker\wake_word_project\data\negative\on\9637f43f_nohash_1.wav,0.003558
C:\Users\miker\wake_word_project\data\negative\sheila\86402da1_nohash_0.wav,0.016742
C:\Users\miker\wake_word_project\data\negative\up\964e8cfd_nohash_1.wav,0.023239
C:\Users\miker\wake_word_project\data\negative\on\195c120a_nohash_1.wav,0.015101
C:\Users\miker\wake_word_project\data\negative\six\131e738d_nohash_3.wav,0.003385
C:\Users\miker\wake_word_project\data\negative\backward\c50f55b8_nohash_22.wav,0.004318
C:\Users\miker\wake_word_project\data\negative\eight\3a69f765_nohash_3.wav,0.013299
C:\Users\miker\wake_word_project\data\negative\dog\facd97c0_nohash_1.wav,0.002158
C:\Users\miker\wake_word_project\data\negative\up\11379f4d_nohash_0.wav,0.001920
C:\Users\miker\wake_word_project\data\negative\five\7d149b38_nohash_0.wav,0.000332
C:\Users\miker\wake_word_project\data\negative\sheila\215699ff_nohash_0.wav,0.004550
C:\Users\miker\wake_word_project\data\negative\bird\8494fba8_nohash_0.wav,0.000461
C:\Users\miker\wake_word_project\data\negative\no\18f8afd5_nohash_4.wav,0.005236
C:\Users\miker\wake_word_project\data\negative\six\ccfd721c_nohash_1.wav,0.003297
C:\Users\miker\wake_word_project\data\negative\sheila\93ec8b84_nohash_0.wav,0.006963
C:\Users\miker\wake_word_project\data\negative\five\7213ed54_nohash_2.wav,0.001248
C:\Users\miker\wake_word_project\data\negative\on\29fb33da_nohash_1.wav,0.000446
C:\Users\miker\wake_word_project\data\negative\eight\c39703ec_nohash_0.wav,0.000348
C:\Users\miker\wake_word_project\data\negative\bird\e04d7130_nohash_1.wav,0.000810
C:\Users\miker\wake_word_project\data\negative\left\97f4c236_nohash_2.wav,0.019655
C:\Users\miker\wake_word_project\data\negative\nine\f0522ff4_nohash_3.wav,0.010547
C:\Users\miker\wake_word_project\data\negative\zero\a42a88ff_nohash_1.wav,0.050854
C:\Users\miker\wake_word_project\data\negative\bird\c2657ba5_nohash_0.wav,0.002115
C:\Users\miker\wake_word_project\data\negative\nine\b69002d4_nohash_3.wav,0.000674
C:\Users\miker\wake_word_project\data\negative\four\bd76a7fd_nohash_4.wav,0.002244
C:\Users\miker\wake_word_project\data\negative\two\c1d39ce8_nohash_3.wav,0.002009
C:\Users\miker\wake_word_project\data\negative\happy\274c008f_nohash_2.wav,0.004669
C:\Users\miker\wake_word_project\data\negative\two\3bc21161_nohash_4.wav,0.000456
C:\Users\miker\wake_word_project\data\negative\down\eb609143_nohash_1.wav,0.000243
C:\Users\miker\wake_word_project\data\negative\nine\964e8cfd_nohash_1.wav,0.017700
C:\Users\miker\wake_word_project\data\negative\zero\1b18600d_nohash_0.wav,0.000298
C:\Users\miker\wake_word_project\data\negative\six\099d52ad_nohash_1.wav,0.007460
C:\Users\miker\wake_word_project\data\negative\off\573cdb8a_nohash_0.wav,0.003350
C:\Users\miker\wake_word_project\data\negative\three\1aeef15e_nohash_3.wav,0.000671
C:\Users\miker\wake_word_project\data\negative\yes\1c84a139_nohash_1.wav,0.000366
C:\Users\miker\wake_word_project\data\negative\five\ab71c9a7_nohash_0.wav,0.021255
C:\Users\miker\wake_word_project\data\negative\go\aa80f517_nohash_3.wav,0.001091
C:\Users\miker\wake_word_project\data\negative\five\eb0676ec_nohash_1.wav,0.000706
C:\Users\miker\wake_word_project\data\negative\zero\be7a5b2d_nohash_2.wav,0.000873
C:\Users\miker\wake_word_project\data\negative\follow\fa57ab3b_nohash_4.wav,0.006275
C:\Users\miker\wake_word_project\data\negative\off\8c7f81df_nohash_0.wav,0.000531
C:\Users\miker\wake_word_project\data\negative\bed\cab100c9_nohash_0.wav,0.000137
C:\Users\miker\wake_word_project\data\negative\forward\2b5e346d_nohash_4.wav,0.047467
C:\Users\miker\wake_word_project\data\negative\wow\6736bc64_nohash_1.wav,0.004396
C:\Users\miker\wake_word_project\data\negative\marvin\beb49c22_nohash_2.wav,0.201549
C:\Users\miker\wake_word_project\data\negative\zero\2a1f4853_nohash_4.wav,0.004206
C:\Users\miker\wake_word_project\data\negative\off\878befa7_nohash_0.wav,0.016714
C:\Users\miker\wake_word_project\data\negative\zero\ce7a8e92_nohash_0.wav,0.000471
C:\Users\miker\wake_word_project\data\negative\two\5a3712c9_nohash_0.wav,0.000150
C:\Users\miker\wake_word_project\data\negative\wow\520b2c17_nohash_1.wav,0.000381
C:\Users\miker\wake_word_project\data\negative\happy\126a31d2_nohash_1.wav,0.000787
C:\Users\miker\wake_word_project\data\negative\house\37b03ab1_nohash_1.wav,0.004562
C:\Users\miker\wake_word_project\data\negative\five\cc8b3228_nohash_0.wav,0.000864
C:\Users\miker\wake_word_project\data\negative\zero\5705a0f9_nohash_0.wav,0.001302
C:\Users\miker\wake_word_project\data\negative\up\69a1a79f_nohash_1.wav,0.002226
C:\Users\miker\wake_word_project\data\negative\eight\195c120a_nohash_2.wav,0.003527
C:\Users\miker\wake_word_project\data\negative\no\8b25410a_nohash_2.wav,0.001368
C:\Users\miker\wake_word_project\data\negative\bird\b01c8f61_nohash_0.wav,0.000217
C:\Users\miker\wake_word_project\data\negative\one\91b03183_nohash_1.wav,0.000586
C:\Users\miker\wake_word_project\data\negative\go\28ed6bc9_nohash_0.wav,0.000212
C:\Users\miker\wake_word_project\data\negative\four\5f814c23_nohash_0.wav,0.000550
C:\Users\miker\wake_word_project\data\negative\one\31f01a8d_nohash_2.wav,0.000584
C:\Users\miker\wake_word_project\data\negative\nine\6f1ffef6_nohash_1.wav,0.042183
C:\Users\miker\wake_word_project\data\negative\left\7c1d8533_nohash_0.wav,0.003549
C:\Users\miker\wake_word_project\data\negative\zero\9e46cfa1_nohash_0.wav,0.005894
C:\Users\miker\wake_word_project\data\negative\go\54b6d355_nohash_1.wav,0.000003
C:\Users\miker\wake_word_project\data\negative\go\2cf28b70_nohash_0.wav,0.000841
C:\Users\miker\wake_word_project\data\negative\bed\bab36420_nohash_0.wav,0.000395
C:\Users\miker\wake_word_project\data\negative\two\01bb6a2a_nohash_0.wav,0.016551
C:\Users\miker\wake_word_project\data\negative\four\23da904f_nohash_0.wav,0.001898
C:\Users\miker\wake_word_project\data\negative\off\135c6841_nohash_0.wav,0.002144
C:\Users\miker\wake_word_project\data\negative\marvin\80c45ed6_nohash_1.wav,0.002679
C:\Users\miker\wake_word_project\data\negative\house\f035e2ea_nohash_0.wav,0.001091
C:\Users\miker\wake_word_project\data\negative\dog\a5d1becc_nohash_0.wav,0.001412
C:\Users\miker\wake_word_project\data\negative\yes\e14d3db8_nohash_1.wav,0.001598
C:\Users\miker\wake_word_project\data\negative\house\f852895b_nohash_0.wav,0.001897
C:\Users\miker\wake_word_project\data\negative\nine\7ea032f3_nohash_3.wav,0.000536
C:\Users\miker\wake_word_project\data\negative\three\d3831f6a_nohash_0.wav,0.000339
C:\Users\miker\wake_word_project\data\negative\right\e0c782d5_nohash_0.wav,0.000344
C:\Users\miker\wake_word_project\data\negative\off\1c84a139_nohash_3.wav,0.000346
C:\Users\miker\wake_word_project\data\negative\two\af405b69_nohash_0.wav,0.000194
C:\Users\miker\wake_word_project\data\negative\seven\c351e611_nohash_3.wav,0.002859
C:\Users\miker\wake_word_project\data\negative\marvin\adec6a94_nohash_1.wav,0.004959
C:\Users\miker\wake_word_project\data\negative\bed\f804cbb3_nohash_0.wav,0.000111
C:\Users\miker\wake_word_project\data\negative\eight\5b09db89_nohash_1.wav,0.005293
C:\Users\miker\wake_word_project\data\negative\happy\e72aa705_nohash_1.wav,0.001260
C:\Users\miker\wake_word_project\data\negative\forward\1e02ffc5_nohash_2.wav,0.000481
C:\Users\miker\wake_word_project\data\negative\six\bfbd0e6b_nohash_1.wav,0.001172
C:\Users\miker\wake_word_project\data\negative\house\214ccb20_nohash_1.wav,0.005455
C:\Users\miker\wake_word_project\data\negative\bird\aa753bb9_nohash_0.wav,0.000544
C:\Users\miker\wake_word_project\data\negative\eight\1b4c9b89_nohash_4.wav,0.033543
C:\Users\miker\wake_word_project\data\negative\stop\462e1919_nohash_2.wav,0.001434
C:\Users\miker\wake_word_project\data\negative\on\54ad8f22_nohash_2.wav,0.003183
C:\Users\miker\wake_word_project\data\negative\nine\4d763ca4_nohash_0.wav,0.000888
C:\Users\miker\wake_word_project\data\negative\visual\e9bc5cc2_nohash_2.wav,0.022315
C:\Users\miker\wake_word_project\data\negative\zero\4def68db_nohash_0.wav,0.005928
C:\Users\miker\wake_word_project\data\negative\left\c5e3817f_nohash_0.wav,0.000408
C:\Users\miker\wake_word_project\data\negative\on\61e50f62_nohash_0.wav,0.000378
C:\Users\miker\wake_word_project\data\negative\stop\9e075bf1_nohash_0.wav,0.000758
C:\Users\miker\wake_word_project\data\negative\right\f2e9b610_nohash_0.wav,0.000789
C:\Users\miker\wake_word_project\data\negative\eight\5ebc1cda_nohash_4.wav,0.000757
C:\Users\miker\wake_word_project\data\negative\no\a4ca3afe_nohash_0.wav,0.001390
C:\Users\miker\wake_word_project\data\negative\six\9ff2d2f4_nohash_2.wav,0.010753
C:\Users\miker\wake_word_project\data\negative\four\0a196374_nohash_0.wav,0.001304
C:\Users\miker\wake_word_project\data\negative\happy\7be5a0f3_nohash_0.wav,0.001420
C:\Users\miker\wake_word_project\data\negative\cat\0c09f202_nohash_0.wav,0.000196
C:\Users\miker\wake_word_project\data\negative\up\b46e8153_nohash_0.wav,0.000298
C:\Users\miker\wake_word_project\data\negative\on\611d2b50_nohash_1.wav,0.000491
C:\Users\miker\wake_word_project\data\negative\backward\234d6a48_nohash_1.wav,0.001583
C:\Users\miker\wake_word_project\data\negative\seven\3b195250_nohash_2.wav,0.001666
C:\Users\miker\wake_word_project\data\negative\zero\f5626af6_nohash_0.wav,0.023872
C:\Users\miker\wake_word_project\data\negative\seven\d3831f6a_nohash_2.wav,0.001146
C:\Users\miker\wake_word_project\data\negative\two\eb0676ec_nohash_2.wav,0.000545
C:\Users\miker\wake_word_project\data\negative\visual\234d6a48_nohash_2.wav,0.001408
C:\Users\miker\wake_word_project\data\negative\wow\b65f6015_nohash_1.wav,0.001238
C:\Users\miker\wake_word_project\data\negative\wow\6e916de8_nohash_3.wav,0.000885
C:\Users\miker\wake_word_project\data\negative\two\5fb88f4c_nohash_0.wav,0.000120
C:\Users\miker\wake_word_project\data\negative\four\460209ac_nohash_2.wav,0.002485
C:\Users\miker\wake_word_project\data\negative\nine\ed032775_nohash_1.wav,0.001305
C:\Users\miker\wake_word_project\data\negative\on\365908bd_nohash_1.wav,0.000340
C:\Users\miker\wake_word_project\data\negative\dog\ae927455_nohash_0.wav,0.000764
C:\Users\miker\wake_word_project\data\negative\two\25e95412_nohash_5.wav,0.000384
C:\Users\miker\wake_word_project\data\negative\marvin\9fac5701_nohash_0.wav,0.008954
C:\Users\miker\wake_word_project\data\negative\three\2fee065a_nohash_4.wav,0.000527
C:\Users\miker\wake_word_project\data\negative\left\c842b5e4_nohash_0.wav,0.002300
C:\Users\miker\wake_word_project\data\negative\eight\af6fbbf5_nohash_1.wav,0.006551
C:\Users\miker\wake_word_project\data\negative\visual\29229c21_nohash_1.wav,0.008374
C:\Users\miker\wake_word_project\data\negative\left\4d9e07cf_nohash_1.wav,0.000102
C:\Users\miker\wake_word_project\data\negative\right\cc6ee39b_nohash_1.wav,0.014317
C:\Users\miker\wake_word_project\data\negative\left\a04817c2_nohash_4.wav,0.000779
C:\Users\miker\wake_word_project\data\negative\two\3bb68054_nohash_3.wav,0.000111
C:\Users\miker\wake_word_project\data\negative\off\682e1687_nohash_0.wav,0.000296
C:\Users\miker\wake_word_project\data\negative\marvin\5e3dde6b_nohash_0.wav,0.002710
C:\Users\miker\wake_word_project\data\negative\off\332d33b1_nohash_0.wav,0.001623
C:\Users\miker\wake_word_project\data\negative\up\44f68a83_nohash_0.wav,0.001296
C:\Users\miker\wake_word_project\data\negative\left\25e95412_nohash_2.wav,0.033452
C:\Users\miker\wake_word_project\data\negative\sheila\afe0b87d_nohash_0.wav,0.011302
C:\Users\miker\wake_word_project\data\negative\eight\c22d3f18_nohash_4.wav,0.004930
C:\Users\miker\wake_word_project\data\negative\four\1acc97de_nohash_3.wav,0.001924
C:\Users\miker\wake_word_project\data\negative\off\d31d8dd7_nohash_0.wav,0.000410
C:\Users\miker\wake_word_project\data\negative\two\2c727642_nohash_0.wav,0.007113
C:\Users\miker\wake_word_project\data\negative\no\6c429c7b_nohash_0.wav,0.000259
C:\Users\miker\wake_word_project\data\negative\two\9be15e93_nohash_1.wav,0.000367
C:\Users\miker\wake_word_project\data\negative\yes\11b1df78_nohash_3.wav,0.001539
C:\Users\miker\wake_word_project\data\negative\follow\bd76a7fd_nohash_2.wav,0.000829
C:\Users\miker\wake_word_project\data\negative\stop\ed032775_nohash_4.wav,0.000456
C:\Users\miker\wake_word_project\data\negative\six\5b32733e_nohash_0.wav,0.001034
C:\Users\miker\wake_word_project\data\negative\left\538e1856_nohash_0.wav,0.000294
C:\Users\miker\wake_word_project\data\negative\off\54aecbd5_nohash_4.wav,0.000421
C:\Users\miker\wake_word_project\data\negative\sheila\4a4e28f1_nohash_0.wav,0.003996
C:\Users\miker\wake_word_project\data\negative\backward\0a396ff2_nohash_0.wav,0.000182
C:\Users\miker\wake_word_project\data\negative\left\6bf5baf3_nohash_3.wav,0.001813
C:\Users\miker\wake_word_project\data\negative\learn\a55105d0_nohash_2.wav,0.000104
C:\Users\miker\wake_word_project\data\negative\four\bde0f20a_nohash_5.wav,0.000438
C:\Users\miker\wake_word_project\data\negative\on\2aca1e72_nohash_0.wav,0.000250
C:\Users\miker\wake_word_project\data\negative\zero\472b8045_nohash_0.wav,0.000559
C:\Users\miker\wake_word_project\data\negative\six\bbc30633_nohash_4.wav,0.013700
C:\Users\miker\wake_word_project\data\negative\stop\a1cff772_nohash_0.wav,0.016107
C:\Users\miker\wake_word_project\data\negative\tree\9e6bb505_nohash_0.wav,0.000791
C:\Users\miker\wake_word_project\data\negative\marvin\1d919a90_nohash_0.wav,0.000081
C:\Users\miker\wake_word_project\data\negative\one\5e3b7a84_nohash_0.wav,0.000553
C:\Users\miker\wake_word_project\data\negative\on\953fe1ad_nohash_3.wav,0.000772
C:\Users\miker\wake_word_project\data\negative\on\98170b49_nohash_0.wav,0.000301
C:\Users\miker\wake_word_project\data\negative\two\8c3c4715_nohash_1.wav,0.003981
C:\Users\miker\wake_word_project\data\negative\four\dca2797e_nohash_0.wav,0.000179
C:\Users\miker\wake_word_project\data\negative\right\f0ebef1b_nohash_0.wav,0.000155
C:\Users\miker\wake_word_project\data\negative\one\a996cf66_nohash_2.wav,0.000200
C:\Users\miker\wake_word_project\data\negative\zero\8fe67225_nohash_2.wav,0.004830
C:\Users\miker\wake_word_project\data\negative\zero\a2cc5444_nohash_2.wav,0.013174
C:\Users\miker\wake_word_project\data\negative\wow\6071a214_nohash_0.wav,0.000955
C:\Users\miker\wake_word_project\data\negative\follow\5ebc1cda_nohash_1.wav,0.002277
C:\Users\miker\wake_word_project\data\negative\tree\f0ac2522_nohash_1.wav,0.001842
C:\Users\miker\wake_word_project\data\negative\down\513aeddf_nohash_4.wav,0.000321
C:\Users\miker\wake_word_project\data\negative\learn\5a5721f8_nohash_3.wav,0.002052
C:\Users\miker\wake_word_project\data\negative\seven\189cbabe_nohash_0.wav,0.006945
C:\Users\miker\wake_word_project\data\negative\two\2356b88d_nohash_3.wav,0.012297
C:\Users\miker\wake_word_project\data\negative\three\8d8d9855_nohash_0.wav,0.001611
C:\Users\miker\wake_word_project\data\negative\three\0f250098_nohash_0.wav,0.002507
C:\Users\miker\wake_word_project\data\negative\marvin\ec32860c_nohash_0.wav,0.000074
C:\Users\miker\wake_word_project\data\negative\down\a1cf7fd8_nohash_1.wav,0.000417
C:\Users\miker\wake_word_project\data\negative\yes\29fb33da_nohash_1.wav,0.007317
C:\Users\miker\wake_word_project\data\negative\go\98ea0818_nohash_3.wav,0.000998
C:\Users\miker\wake_word_project\data\negative\two\72242187_nohash_0.wav,0.001506
C:\Users\miker\wake_word_project\data\negative\left\ab81c9c8_nohash_0.wav,0.000161
C:\Users\miker\wake_word_project\data\negative\go\3a69f765_nohash_2.wav,0.008205
C:\Users\miker\wake_word_project\data\negative\zero\f568162b_nohash_2.wav,0.004968
C:\Users\miker\wake_word_project\data\negative\four\5b1db3ee_nohash_0.wav,0.003037
C:\Users\miker\wake_word_project\data\negative\five\6c0f6493_nohash_3.wav,0.018463
C:\Users\miker\wake_word_project\data\negative\bed\c5a1e46c_nohash_0.wav,0.000351
C:\Users\miker\wake_word_project\data\negative\cat\299c14b1_nohash_0.wav,0.000230
C:\Users\miker\wake_word_project\data\negative\go\eb0676ec_nohash_3.wav,0.018310
C:\Users\miker\wake_word_project\data\negative\one\b83c1acf_nohash_1.wav,0.023444
C:\Users\miker\wake_word_project\data\negative\stop\c86d4fd4_nohash_0.wav,0.005440
C:\Users\miker\wake_word_project\data\negative\yes\bd76a7fd_nohash_7.wav,0.076127
C:\Users\miker\wake_word_project\data\negative\dog\d85270c1_nohash_1.wav,0.000459
C:\Users\miker\wake_word_project\data\negative\one\099d52ad_nohash_0.wav,0.001249
C:\Users\miker\wake_word_project\data\negative\off\a16b3102_nohash_0.wav,0.000884
C:\Users\miker\wake_word_project\data\negative\three\6c6aa323_nohash_0.wav,0.000340
C:\Users\miker\wake_word_project\data\negative\six\983577be_nohash_0.wav,0.022354
C:\Users\miker\wake_word_project\data\negative\four\30276d03_nohash_0.wav,0.025124
C:\Users\miker\wake_word_project\data\negative\visual\0d6d7360_nohash_3.wav,0.007221
C:\Users\miker\wake_word_project\data\negative\up\3cfc6b3a_nohash_0.wav,0.000249
C:\Users\miker\wake_word_project\data\negative\no\99a9b015_nohash_0.wav,0.010387
C:\Users\miker\wake_word_project\data\negative\right\5f9cd2eb_nohash_4.wav,0.000398
C:\Users\miker\wake_word_project\data\negative\off\1c84a139_nohash_0.wav,0.001258
C:\Users\miker\wake_word_project\data\negative\go\e3411931_nohash_1.wav,0.000449
C:\Users\miker\wake_word_project\data\negative\five\6d7af359_nohash_0.wav,0.013925
C:\Users\miker\wake_word_project\data\negative\tree\b8872c20_nohash_0.wav,0.000240
C:\Users\miker\wake_word_project\data\negative\two\f0ebef1b_nohash_0.wav,0.000622
C:\Users\miker\wake_word_project\data\negative\backward\72242187_nohash_1.wav,0.002135
C:\Users\miker\wake_word_project\data\negative\yes\28e47b1a_nohash_4.wav,0.004089
C:\Users\miker\wake_word_project\data\negative\yes\c93d5e22_nohash_2.wav,0.000420
C:\Users\miker\wake_word_project\data\negative\eight\0b7ee1a0_nohash_2.wav,0.003256
C:\Users\miker\wake_word_project\data\negative\zero\0e6e36c9_nohash_1.wav,0.002488
C:\Users\miker\wake_word_project\data\negative\off\ffd2ba2f_nohash_1.wav,0.001338
C:\Users\miker\wake_word_project\data\negative\go\0b7ee1a0_nohash_4.wav,0.002333
C:\Users\miker\wake_word_project\data\negative\follow\e882abb2_nohash_3.wav,0.001653
C:\Users\miker\wake_word_project\data\negative\zero\df1d5024_nohash_2.wav,0.012004
C:\Users\miker\wake_word_project\data\negative\up\3ab9ba07_nohash_0.wav,0.000859
C:\Users\miker\wake_word_project\data\negative\seven\2b5e346d_nohash_3.wav,0.012765
C:\Users\miker\wake_word_project\data\negative\one\578d3efb_nohash_4.wav,0.002374
C:\Users\miker\wake_word_project\data\negative\cat\6e41a77e_nohash_0.wav,0.001024
C:\Users\miker\wake_word_project\data\negative\sheila\e6be0830_nohash_0.wav,0.000274
C:\Users\miker\wake_word_project\data\negative\happy\215699ff_nohash_0.wav,0.008638
C:\Users\miker\wake_word_project\data\negative\eight\91bed2e0_nohash_0.wav,0.000276
C:\Users\miker\wake_word_project\data\negative\one\131e738d_nohash_1.wav,0.002559
C:\Users\miker\wake_word_project\data\negative\eight\f6a380e7_nohash_1.wav,0.026028
C:\Users\miker\wake_word_project\data\negative\zero\ca48dc76_nohash_1.wav,0.001238
C:\Users\miker\wake_word_project\data\negative\one\5a5721f8_nohash_3.wav,0.001374
C:\Users\miker\wake_word_project\data\negative\two\4290ca61_nohash_0.wav,0.001815
C:\Users\miker\wake_word_project\data\negative\seven\9dc1889e_nohash_0.wav,0.000226
C:\Users\miker\wake_word_project\data\negative\sheila\ffbb695d_nohash_0.wav,0.002784
C:\Users\miker\wake_word_project\data\negative\stop\3b7f817e_nohash_0.wav,0.001757
C:\Users\miker\wake_word_project\data\negative\left\e53139ad_nohash_3.wav,0.003120
C:\Users\miker\wake_word_project\data\negative\yes\4c3cddb8_nohash_0.wav,0.000545
C:\Users\miker\wake_word_project\data\negative\on\9ab86dd0_nohash_1.wav,0.000140
C:\Users\miker\wake_word_project\data\negative\stop\d21fd169_nohash_2.wav,0.017919
C:\Users\miker\wake_word_project\data\negative\visual\1ed0b13d_nohash_2.wav,0.003387
C:\Users\miker\wake_word_project\data\negative\right\bab36420_nohash_1.wav,0.009021
C:\Users\miker\wake_word_project\data\negative\on\105a0eea_nohash_0.wav,0.000316
C:\Users\miker\wake_word_project\data\negative\sheila\48e8b82a_nohash_0.wav,0.011673
C:\Users\miker\wake_word_project\data\negative\on\b83c1acf_nohash_1.wav,0.001377
C:\Users\miker\wake_word_project\data\negative\five\cc554de3_nohash_1.wav,0.000311
C:\Users\miker\wake_word_project\data\negative\wow\d394ef8e_nohash_0.wav,0.000241
C:\Users\miker\wake_word_project\data\negative\one\b528edb3_nohash_4.wav,0.001050
C:\Users\miker\wake_word_project\data\negative\on\da040491_nohash_0.wav,0.000982
C:\Users\miker\wake_word_project\data\negative\happy\c38720cb_nohash_1.wav,0.000744
C:\Users\miker\wake_word_project\data\negative\yes\2fee065a_nohash_3.wav,0.000654
C:\Users\miker\wake_word_project\data\negative\go\ffd2ba2f_nohash_3.wav,0.000525
C:\Users\miker\wake_word_project\data\negative\three\b65f6015_nohash_0.wav,0.006504
C:\Users\miker\wake_word_project\data\negative\house\d9e9f554_nohash_0.wav,0.004390
C:\Users\miker\wake_word_project\data\negative\yes\a928cc5b_nohash_0.wav,0.000771
C:\Users\miker\wake_word_project\data\negative\zero\06f6c194_nohash_4.wav,0.008568
C:\Users\miker\wake_word_project\data\negative\seven\462e1919_nohash_0.wav,0.000858
C:\Users\miker\wake_word_project\data\negative\right\050170cb_nohash_1.wav,0.007647
C:\Users\miker\wake_word_project\data\negative\three\50d1c8e3_nohash_0.wav,0.013324
C:\Users\miker\wake_word_project\data\negative\go\bdd22e4d_nohash_3.wav,0.000244
C:\Users\miker\wake_word_project\data\negative\house\b01c8f61_nohash_0.wav,0.000025
C:\Users\miker\wake_word_project\data\negative\on\833d9f56_nohash_1.wav,0.001628
C:\Users\miker\wake_word_project\data\negative\down\13dce503_nohash_0.wav,0.000521
C:\Users\miker\wake_word_project\data\negative\up\da584bc0_nohash_0.wav,0.004493
C:\Users\miker\wake_word_project\data\negative\learn\893705bb_nohash_1.wav,0.001898
C:\Users\miker\wake_word_project\data\negative\go\964e8cfd_nohash_2.wav,0.000566
C:\Users\miker\wake_word_project\data\negative\house\8442ea62_nohash_1.wav,0.000945
C:\Users\miker\wake_word_project\data\negative\marvin\f5733968_nohash_0.wav,0.000831
C:\Users\miker\wake_word_project\data\negative\left\f953e1af_nohash_0.wav,0.000769
C:\Users\miker\wake_word_project\data\negative\seven\e453d477_nohash_0.wav,0.000457
C:\Users\miker\wake_word_project\data\negative\down\2b5e346d_nohash_2.wav,0.004006
C:\Users\miker\wake_word_project\data\negative\five\235b444f_nohash_0.wav,0.000423
C:\Users\miker\wake_word_project\data\negative\five\8a325749_nohash_1.wav,0.000038
C:\Users\miker\wake_word_project\data\negative\go\735845ab_nohash_1.wav,0.000114
C:\Users\miker\wake_word_project\data\negative\no\90e72357_nohash_0.wav,0.000291
C:\Users\miker\wake_word_project\data\negative\up\29fb33da_nohash_0.wav,0.001919
C:\Users\miker\wake_word_project\data\negative\five\9c06a3f3_nohash_0.wav,0.000988
C:\Users\miker\wake_word_project\data\negative\up\9b8a7439_nohash_2.wav,0.000475
C:\Users\miker\wake_word_project\data\negative\four\dea820ce_nohash_0.wav,0.473638
C:\Users\miker\wake_word_project\data\negative\dog\50a8ef27_nohash_0.wav,0.007863
C:\Users\miker\wake_word_project\data\negative\off\a5d1becc_nohash_3.wav,0.000539
C:\Users\miker\wake_word_project\data\negative\off\61bcb275_nohash_0.wav,0.001026
C:\Users\miker\wake_word_project\data\negative\marvin\aa48c94a_nohash_0.wav,0.003823
C:\Users\miker\wake_word_project\data\negative\seven\f852895b_nohash_3.wav,0.012333
C:\Users\miker\wake_word_project\data\negative\one\64a80906_nohash_0.wav,0.000456
C:\Users\miker\wake_word_project\data\negative\off\ae927455_nohash_0.wav,0.001516
C:\Users\miker\wake_word_project\data\negative\dog\2e8c59f7_nohash_0.wav,0.000054
C:\Users\miker\wake_word_project\data\negative\four\a16013b7_nohash_3.wav,0.000415
C:\Users\miker\wake_word_project\data\negative\off\d0426d63_nohash_1.wav,0.000416
C:\Users\miker\wake_word_project\data\negative\no\c4500713_nohash_0.wav,0.000530
C:\Users\miker\wake_word_project\data\negative\yes\c634a189_nohash_2.wav,0.029785
C:\Users\miker\wake_word_project\data\negative\six\dca2797e_nohash_1.wav,0.004401
C:\Users\miker\wake_word_project\data\negative\up\37dca74f_nohash_4.wav,0.566041
C:\Users\miker\wake_word_project\data\negative\bed\73f20b00_nohash_0.wav,0.013443
C:\Users\miker\wake_word_project\data\negative\yes\a7216980_nohash_0.wav,0.000294
C:\Users\miker\wake_word_project\data\negative\six\98447c43_nohash_0.wav,0.003396
C:\Users\miker\wake_word_project\data\negative\no\7846fd85_nohash_0.wav,0.000860
C:\Users\miker\wake_word_project\data\negative\one\c50225fa_nohash_0.wav,0.002422
C:\Users\miker\wake_word_project\data\negative\backward\7c86c03e_nohash_1.wav,0.001481
C:\Users\miker\wake_word_project\data\negative\nine\8353fea1_nohash_0.wav,0.000081
C:\Users\miker\wake_word_project\data\negative\left\3cc595de_nohash_1.wav,0.008449
C:\Users\miker\wake_word_project\data\negative\yes\3bc21161_nohash_1.wav,0.002462
C:\Users\miker\wake_word_project\data\negative\no\c79159aa_nohash_3.wav,0.003702
C:\Users\miker\wake_word_project\data\negative\off\c86d4fd4_nohash_1.wav,0.002540
C:\Users\miker\wake_word_project\data\negative\seven\d1a4fb3f_nohash_2.wav,0.002757
C:\Users\miker\wake_word_project\data\negative\yes\0d6d7360_nohash_1.wav,0.000445
C:\Users\miker\wake_word_project\data\negative\wow\4a0e2c16_nohash_1.wav,0.005744
C:\Users\miker\wake_word_project\data\negative\sheila\2a0b413e_nohash_1.wav,0.004685
C:\Users\miker\wake_word_project\data\negative\zero\be7a5b2d_nohash_0.wav,0.002353
C:\Users\miker\wake_word_project\data\negative\stop\837a0f64_nohash_0.wav,0.002846
C:\Users\miker\wake_word_project\data\negative\go\197f4153_nohash_2.wav,0.000324
C:\Users\miker\wake_word_project\data\negative\right\24ed94ab_nohash_1.wav,0.001042
C:\Users\miker\wake_word_project\data\negative\go\10467b06_nohash_1.wav,0.000630
C:\Users\miker\wake_word_project\data\negative\house\9735764a_nohash_2.wav,0.000963
C:\Users\miker\wake_word_project\data\negative\on\5f9cd2eb_nohash_0.wav,0.009755
C:\Users\miker\wake_word_project\data\negative\right\0ea9c8ce_nohash_2.wav,0.000622
C:\Users\miker\wake_word_project\data\negative\bird\13dce503_nohash_0.wav,0.000174
C:\Users\miker\wake_word_project\data\negative\no\c0445658_nohash_3.wav,0.000275
C:\Users\miker\wake_word_project\data\negative\marvin\f9f9751d_nohash_0.wav,0.006865
C:\Users\miker\wake_word_project\data\negative\two\4fd1443e_nohash_3.wav,0.002819
C:\Users\miker\wake_word_project\data\negative\two\ac899eb7_nohash_0.wav,0.002526
C:\Users\miker\wake_word_project\data\negative\zero\b433332a_nohash_0.wav,0.000874
C:\Users\miker\wake_word_project\data\negative\off\42f81601_nohash_3.wav,0.000193
C:\Users\miker\wake_word_project\data\negative\visual\890cc926_nohash_0.wav,0.030256
C:\Users\miker\wake_word_project\data\negative\five\fce96bac_nohash_0.wav,0.004471
C:\Users\miker\wake_word_project\data\negative\one\71aa5b54_nohash_0.wav,0.001230
C:\Users\miker\wake_word_project\data\negative\eight\c5570933_nohash_1.wav,0.001382
C:\Users\miker\wake_word_project\data\negative\three\27c24504_nohash_0.wav,0.004372
C:\Users\miker\wake_word_project\data\negative\seven\b5935410_nohash_1.wav,0.002124
C:\Users\miker\wake_word_project\data\negative\bed\ee07dcb9_nohash_0.wav,0.000812
C:\Users\miker\wake_word_project\data\negative\no\ea7ca285_nohash_0.wav,0.000856
C:\Users\miker\wake_word_project\data\negative\stop\1ffd513b_nohash_0.wav,0.005327
C:\Users\miker\wake_word_project\data\negative\six\30276d03_nohash_3.wav,0.010072
C:\Users\miker\wake_word_project\data\negative\two\1c3f4fac_nohash_0.wav,0.009834
C:\Users\miker\wake_word_project\data\negative\bed\f0ae7203_nohash_0.wav,0.000556
C:\Users\miker\wake_word_project\data\negative\down\4845bb10_nohash_0.wav,0.000243
C:\Users\miker\wake_word_project\data\negative\three\e0c782d5_nohash_3.wav,0.001476
C:\Users\miker\wake_word_project\data\negative\on\20fd451f_nohash_2.wav,0.004903
C:\Users\miker\wake_word_project\data\negative\five\0d82fd99_nohash_2.wav,0.000251
C:\Users\miker\wake_word_project\data\negative\one\3bfd30e6_nohash_2.wav,0.004841
C:\Users\miker\wake_word_project\data\negative\forward\5f9cd2eb_nohash_3.wav,0.001633
C:\Users\miker\wake_word_project\data\negative\cat\6f689791_nohash_0.wav,0.008256
C:\Users\miker\wake_word_project\data\negative\happy\d3badc9a_nohash_0.wav,0.001705
C:\Users\miker\wake_word_project\data\negative\no\6bf5baf3_nohash_3.wav,0.000146
C:\Users\miker\wake_word_project\data\negative\marvin\6f1ffef6_nohash_0.wav,0.027811
C:\Users\miker\wake_word_project\data\negative\four\ca58a8c6_nohash_0.wav,0.002865
C:\Users\miker\wake_word_project\data\negative\one\01b4757a_nohash_0.wav,0.000436
C:\Users\miker\wake_word_project\data\negative\marvin\66cff190_nohash_1.wav,0.039200
C:\Users\miker\wake_word_project\data\negative\nine\0a196374_nohash_1.wav,0.000366
C:\Users\miker\wake_word_project\data\negative\yes\8012c69d_nohash_3.wav,0.008005
C:\Users\miker\wake_word_project\data\negative\no\6c0f6493_nohash_1.wav,0.000361
C:\Users\miker\wake_word_project\data\negative\house\e9901cf0_nohash_0.wav,0.002092
C:\Users\miker\wake_word_project\data\negative\yes\311fde72_nohash_0.wav,0.001560
C:\Users\miker\wake_word_project\data\negative\off\dea820ce_nohash_1.wav,0.002482
C:\Users\miker\wake_word_project\data\negative\happy\530306f5_nohash_0.wav,0.000669
C:\Users\miker\wake_word_project\data\negative\down\36050ef3_nohash_2.wav,0.001190
C:\Users\miker\wake_word_project\data\negative\one\8dc18a75_nohash_2.wav,0.006414
C:\Users\miker\wake_word_project\data\negative\bed\71904de3_nohash_0.wav,0.000542
C:\Users\miker\wake_word_project\data\negative\yes\19b05529_nohash_0.wav,0.003432
C:\Users\miker\wake_word_project\data\negative\seven\dcb57584_nohash_0.wav,0.002007
C:\Users\miker\wake_word_project\data\negative\cat\8d4cdc60_nohash_2.wav,0.002762
C:\Users\miker\wake_word_project\data\negative\nine\71bf8f48_nohash_2.wav,0.012276
C:\Users\miker\wake_word_project\data\negative\go\36de13e1_nohash_1.wav,0.000606
C:\Users\miker\wake_word_project\data\negative\tree\475b61f1_nohash_0.wav,0.000456
C:\Users\miker\wake_word_project\data\negative\dog\989a2213_nohash_0.wav,0.001177
C:\Users\miker\wake_word_project\data\negative\zero\234ab0fb_nohash_0.wav,0.007823
C:\Users\miker\wake_word_project\data\negative\tree\653a48f5_nohash_2.wav,0.000845
C:\Users\miker\wake_word_project\data\negative\bird\c7124b73_nohash_0.wav,0.000401
C:\Users\miker\wake_word_project\data\negative\yes\421ed23f_nohash_0.wav,0.001249
C:\Users\miker\wake_word_project\data\negative\bird\332d33b1_nohash_0.wav,0.001085
C:\Users\miker\wake_word_project\data\negative\happy\012c8314_nohash_0.wav,0.003786
C:\Users\miker\wake_word_project\data\negative\four\5e3dde6b_nohash_3.wav,0.001735
C:\Users\miker\wake_word_project\data\negative\bed\84d1e469_nohash_0.wav,0.000376
C:\Users\miker\wake_word_project\data\negative\three\20fd451f_nohash_4.wav,0.001660
C:\Users\miker\wake_word_project\data\negative\five\990ebd1f_nohash_0.wav,0.003120
C:\Users\miker\wake_word_project\data\negative\go\b83c1acf_nohash_2.wav,0.000361
C:\Users\miker\wake_word_project\data\negative\eight\bab36420_nohash_2.wav,0.008790
C:\Users\miker\wake_word_project\data\negative\one\ac9dee0e_nohash_4.wav,0.000390
C:\Users\miker\wake_word_project\data\negative\two\54aecbd5_nohash_1.wav,0.000467
C:\Users\miker\wake_word_project\data\negative\eight\518588b6_nohash_0.wav,0.000702
C:\Users\miker\wake_word_project\data\negative\six\2c6d3924_nohash_1.wav,0.000864
C:\Users\miker\wake_word_project\data\negative\go\023a61ad_nohash_1.wav,0.001212
C:\Users\miker\wake_word_project\data\negative\one\5ebc1cda_nohash_2.wav,0.000104
C:\Users\miker\wake_word_project\data\negative\up\5a98d407_nohash_3.wav,0.002063
C:\Users\miker\wake_word_project\data\negative\happy\94d370bf_nohash_0.wav,0.003848
C:\Users\miker\wake_word_project\data\negative\yes\b2ae3928_nohash_0.wav,0.013996
C:\Users\miker\wake_word_project\data\negative\no\173e6bbf_nohash_0.wav,0.100213
C:\Users\miker\wake_word_project\data\negative\follow\31fd5cf5_nohash_0.wav,0.001207
C:\Users\miker\wake_word_project\data\negative\stop\9aa21fa9_nohash_1.wav,0.197020
C:\Users\miker\wake_word_project\data\negative\stop\a77fbcfd_nohash_2.wav,0.002073
C:\Users\miker\wake_word_project\data\negative\yes\10627519_nohash_2.wav,0.000741
C:\Users\miker\wake_word_project\data\negative\visual\0d82fd99_nohash_0.wav,0.000404
C:\Users\miker\wake_word_project\data\negative\eight\525eaa62_nohash_2.wav,0.002509
C:\Users\miker\wake_word_project\data\negative\zero\07ad9b59_nohash_0.wav,0.013782
C:\Users\miker\wake_word_project\data\negative\five\f42e234b_nohash_0.wav,0.000757
C:\Users\miker\wake_word_project\data\negative\left\b19f7f5f_nohash_0.wav,0.001202
C:\Users\miker\wake_word_project\data\negative\six\b29f8b23_nohash_0.wav,0.003493
C:\Users\miker\wake_word_project\data\negative\bed\d9b50b8b_nohash_0.wav,0.001092
C:\Users\miker\wake_word_project\data\negative\left\b83c1acf_nohash_0.wav,0.025129
C:\Users\miker\wake_word_project\data\negative\six\997867e7_nohash_1.wav,0.002095
C:\Users\miker\wake_word_project\data\negative\two\9be15e93_nohash_5.wav,0.000217
C:\Users\miker\wake_word_project\data\negative\no\4c6167ca_nohash_3.wav,0.001706
C:\Users\miker\wake_word_project\data\negative\off\0132a06d_nohash_0.wav,0.000585
C:\Users\miker\wake_word_project\data\negative\up\e882abb2_nohash_4.wav,0.007533
C:\Users\miker\wake_word_project\data\negative\four\525eaa62_nohash_2.wav,0.000701
C:\Users\miker\wake_word_project\data\negative\down\0474c92a_nohash_0.wav,0.000352
C:\Users\miker\wake_word_project\data\negative\stop\226537ab_nohash_0.wav,0.000367
C:\Users\miker\wake_word_project\data\negative\up\0d90d8e1_nohash_0.wav,0.000490
C:\Users\miker\wake_word_project\data\negative\three\54ad8f22_nohash_3.wav,0.002203
C:\Users\miker\wake_word_project\data\negative\go\d9aa8c90_nohash_3.wav,0.000037
C:\Users\miker\wake_word_project\data\negative\down\e2b7d6d6_nohash_0.wav,0.000005
C:\Users\miker\wake_word_project\data\negative\up\44dad20e_nohash_0.wav,0.000324
C:\Users\miker\wake_word_project\data\negative\yes\db24628d_nohash_2.wav,0.000616
C:\Users\miker\wake_word_project\data\negative\left\59c3a7f2_nohash_0.wav,0.007065
C:\Users\miker\wake_word_project\data\negative\two\d0fb9ff4_nohash_0.wav,0.002071
C:\Users\miker\wake_word_project\data\negative\stop\686d030b_nohash_3.wav,0.000844
C:\Users\miker\wake_word_project\data\negative\zero\edc53350_nohash_1.wav,0.006441
C:\Users\miker\wake_word_project\data\negative\eight\8e523821_nohash_1.wav,0.000153
C:\Users\miker\wake_word_project\data\negative\zero\a5609cce_nohash_0.wav,0.002885
C:\Users\miker\wake_word_project\data\negative\six\3c4aa5ef_nohash_1.wav,0.003530
C:\Users\miker\wake_word_project\data\negative\zero\2da58b32_nohash_0.wav,0.019703
C:\Users\miker\wake_word_project\data\negative\bird\d37e4bf1_nohash_0.wav,0.000385
C:\Users\miker\wake_word_project\data\negative\nine\5cf1ecce_nohash_0.wav,0.001769
C:\Users\miker\wake_word_project\data\negative\seven\ab3f0c1b_nohash_1.wav,0.002740
C:\Users\miker\wake_word_project\data\negative\on\1e02ffc5_nohash_2.wav,0.001678
C:\Users\miker\wake_word_project\data\negative\two\102192fd_nohash_3.wav,0.002124
C:\Users\miker\wake_word_project\data\negative\no\2356b88d_nohash_4.wav,0.004913
C:\Users\miker\wake_word_project\data\negative\dog\9e6bb505_nohash_0.wav,0.000298
C:\Users\miker\wake_word_project\data\negative\right\c39703ec_nohash_2.wav,0.000481
C:\Users\miker\wake_word_project\data\negative\tree\18a1aab9_nohash_0.wav,0.000046
C:\Users\miker\wake_word_project\data\negative\nine\264f471d_nohash_1.wav,0.003298
C:\Users\miker\wake_word_project\data\negative\backward\ff0e27c3_nohash_0.wav,0.000914
C:\Users\miker\wake_word_project\data\negative\off\ce7a8e92_nohash_1.wav,0.000119
C:\Users\miker\wake_word_project\data\negative\right\35d1b6ee_nohash_0.wav,0.001856
C:\Users\miker\wake_word_project\data\negative\eight\0132a06d_nohash_3.wav,0.005547
C:\Users\miker\wake_word_project\data\negative\on\4b25f620_nohash_0.wav,0.002565
C:\Users\miker\wake_word_project\data\negative\nine\da584bc0_nohash_1.wav,0.004547
C:\Users\miker\wake_word_project\data\negative\three\a5d1becc_nohash_0.wav,0.003301
C:\Users\miker\wake_word_project\data\negative\one\2cf28b70_nohash_1.wav,0.000634
C:\Users\miker\wake_word_project\data\negative\up\a6285644_nohash_0.wav,0.000890
C:\Users\miker\wake_word_project\data\negative\five\9e075bf1_nohash_1.wav,0.000263
C:\Users\miker\wake_word_project\data\negative\on\5d4e3bb8_nohash_0.wav,0.005338
C:\Users\miker\wake_word_project\data\negative\follow\ee1d8d49_nohash_3.wav,0.000112
C:\Users\miker\wake_word_project\data\negative\wow\3c6d55b3_nohash_0.wav,0.003668
C:\Users\miker\wake_word_project\data\negative\seven\4b3a7ad5_nohash_0.wav,0.001300
C:\Users\miker\wake_word_project\data\negative\tree\4ca37738_nohash_0.wav,0.011984
C:\Users\miker\wake_word_project\data\negative\house\6af4aa07_nohash_0.wav,0.001341
C:\Users\miker\wake_word_project\data\negative\stop\f0522ff4_nohash_0.wav,0.000380
C:\Users\miker\wake_word_project\data\negative\seven\d107dc42_nohash_0.wav,0.006039
C:\Users\miker\wake_word_project\data\negative\yes\ede2f4ee_nohash_0.wav,0.017563
C:\Users\miker\wake_word_project\data\negative\one\fa446c16_nohash_0.wav,0.000121
C:\Users\miker\wake_word_project\data\negative\one\5c8af87a_nohash_3.wav,0.000241
C:\Users\miker\wake_word_project\data\negative\on\5e033479_nohash_0.wav,0.001567
C:\Users\miker\wake_word_project\data\negative\wow\135c6841_nohash_0.wav,0.008143
C:\Users\miker\wake_word_project\data\negative\stop\24c9f572_nohash_0.wav,0.000626
C:\Users\miker\wake_word_project\data\negative\house\4fd1443e_nohash_0.wav,0.005929
C:\Users\miker\wake_word_project\data\negative\marvin\1e31353f_nohash_1.wav,0.005572
C:\Users\miker\wake_word_project\data\negative\go\f19c1390_nohash_2.wav,0.000076
C:\Users\miker\wake_word_project\data\negative\down\61abbf52_nohash_1.wav,0.003268
C:\Users\miker\wake_word_project\data\negative\house\f5496439_nohash_0.wav,0.002055
C:\Users\miker\wake_word_project\data\negative\on\df1d5024_nohash_3.wav,0.000920
C:\Users\miker\wake_word_project\data\negative\go\e1469561_nohash_4.wav,0.007084
C:\Users\miker\wake_word_project\data\negative\yes\24befdb3_nohash_4.wav,0.002941
C:\Users\miker\wake_word_project\data\negative\one\5af0ca83_nohash_1.wav,0.004027
C:\Users\miker\wake_word_project\data\negative\six\617aeb6c_nohash_3.wav,0.042149
C:\Users\miker\wake_word_project\data\negative\stop\c0fb6812_nohash_1.wav,0.000588
C:\Users\miker\wake_word_project\data\negative\two\4995d875_nohash_2.wav,0.016675
C:\Users\miker\wake_word_project\data\negative\no\6aa8def4_nohash_2.wav,0.000401
C:\Users\miker\wake_word_project\data\negative\marvin\fcb25a78_nohash_0.wav,0.009261
C:\Users\miker\wake_word_project\data\negative\bird\0e17f595_nohash_0.wav,0.001508
C:\Users\miker\wake_word_project\data\negative\right\5f8097e1_nohash_2.wav,0.001029
C:\Users\miker\wake_word_project\data\negative\marvin\4a294341_nohash_0.wav,0.014291
C:\Users\miker\wake_word_project\data\negative\forward\619b5164_nohash_0.wav,0.000103
C:\Users\miker\wake_word_project\data\negative\right\20fd451f_nohash_0.wav,0.015305
C:\Users\miker\wake_word_project\data\negative\four\cce7416f_nohash_4.wav,0.003180
C:\Users\miker\wake_word_project\data\negative\nine\9ff2d2f4_nohash_2.wav,0.001116
C:\Users\miker\wake_word_project\data\negative\zero\b0f5b16d_nohash_1.wav,0.013614
C:\Users\miker\wake_word_project\data\negative\happy\b5eb4f9b_nohash_0.wav,0.067280
C:\Users\miker\wake_word_project\data\negative\nine\20fd451f_nohash_2.wav,0.002272
C:\Users\miker\wake_word_project\data\negative\learn\0585b66d_nohash_2.wav,0.003739
C:\Users\miker\wake_word_project\data\negative\stop\4254621e_nohash_0.wav,0.044843
C:\Users\miker\wake_word_project\data\negative\up\692a88e6_nohash_0.wav,0.002162
C:\Users\miker\wake_word_project\data\negative\house\c7b4049e_nohash_1.wav,0.000146
C:\Users\miker\wake_word_project\data\negative\sheila\c885a039_nohash_0.wav,0.006707
C:\Users\miker\wake_word_project\data\negative\backward\ccca5655_nohash_4.wav,0.004265
C:\Users\miker\wake_word_project\data\negative\seven\211b928a_nohash_2.wav,0.001185
C:\Users\miker\wake_word_project\data\negative\four\131e738d_nohash_4.wav,0.002107
C:\Users\miker\wake_word_project\data\negative\down\578d3efb_nohash_2.wav,0.000365
C:\Users\miker\wake_word_project\data\negative\go\cc6ee39b_nohash_1.wav,0.002728
C:\Users\miker\wake_word_project\data\negative\visual\2fcb6397_nohash_2.wav,0.004629
C:\Users\miker\wake_word_project\data\negative\off\578d3efb_nohash_1.wav,0.010130
C:\Users\miker\wake_word_project\data\negative\right\28e47b1a_nohash_0.wav,0.007052
C:\Users\miker\wake_word_project\data\negative\sheila\be7a5b2d_nohash_0.wav,0.001353
C:\Users\miker\wake_word_project\data\negative\yes\638548d5_nohash_0.wav,0.001065
C:\Users\miker\wake_word_project\data\negative\go\c50225fa_nohash_0.wav,0.000192
C:\Users\miker\wake_word_project\data\negative\up\0d82fd99_nohash_2.wav,0.000197
C:\Users\miker\wake_word_project\data\negative\one\beb49c22_nohash_0.wav,0.000960
C:\Users\miker\wake_word_project\data\negative\three\fb2f3242_nohash_1.wav,0.000519
C:\Users\miker\wake_word_project\data\negative\up\cab100c9_nohash_0.wav,0.342928
C:\Users\miker\wake_word_project\data\negative\right\3b3d2f59_nohash_3.wav,0.001951
C:\Users\miker\wake_word_project\data\negative\on\c98bbbd3_nohash_2.wav,0.002125
C:\Users\miker\wake_word_project\data\negative\zero\87d5e978_nohash_4.wav,0.003821
C:\Users\miker\wake_word_project\data\negative\bed\5170b77f_nohash_0.wav,0.002368
C:\Users\miker\wake_word_project\data\negative\down\9f93e408_nohash_3.wav,0.040841
C:\Users\miker\wake_word_project\data\negative\left\1a892463_nohash_0.wav,0.002567
C:\Users\miker\wake_word_project\data\negative\go\229978fd_nohash_3.wav,0.010900
C:\Users\miker\wake_word_project\data\negative\off\437455be_nohash_0.wav,0.004601
C:\Users\miker\wake_word_project\data\negative\up\18a1aab9_nohash_3.wav,0.000051
C:\Users\miker\wake_word_project\data\negative\go\dc7ec25b_nohash_0.wav,0.000104
C:\Users\miker\wake_word_project\data\negative\left\840c366d_nohash_1.wav,0.000633
C:\Users\miker\wake_word_project\data\negative\two\24694eb6_nohash_0.wav,0.000264
C:\Users\miker\wake_word_project\data\negative\six\c79159aa_nohash_0.wav,0.022654
C:\Users\miker\wake_word_project\data\negative\no\187af8be_nohash_1.wav,0.000407
C:\Users\miker\wake_word_project\data\negative\one\aa233654_nohash_0.wav,0.002256
C:\Users\miker\wake_word_project\data\negative\sheila\a40c62f1_nohash_0.wav,0.000156
C:\Users\miker\wake_word_project\data\negative\seven\9b402bc2_nohash_1.wav,0.002203
C:\Users\miker\wake_word_project\data\negative\nine\3b195250_nohash_3.wav,0.002307
C:\Users\miker\wake_word_project\data\negative\on\037c445a_nohash_0.wav,0.000544
C:\Users\miker\wake_word_project\data\negative\wow\fbb2f6cc_nohash_0.wav,0.004147
C:\Users\miker\wake_word_project\data\negative\sheila\7081436f_nohash_1.wav,0.000640
C:\Users\miker\wake_word_project\data\negative\marvin\a8ee11c7_nohash_0.wav,0.001380
C:\Users\miker\wake_word_project\data\negative\nine\83957201_nohash_0.wav,0.000776
C:\Users\miker\wake_word_project\data\negative\up\7c9b43f0_nohash_1.wav,0.002639
C:\Users\miker\wake_word_project\data\negative\on\f9273a21_nohash_2.wav,0.002496
C:\Users\miker\wake_word_project\data\negative\house\784e281a_nohash_1.wav,0.000795
C:\Users\miker\wake_word_project\data\negative\left\87d5e978_nohash_0.wav,0.001486
C:\Users\miker\wake_word_project\data\negative\happy\4422e51d_nohash_0.wav,0.003075
C:\Users\miker\wake_word_project\data\negative\go\6c968bd9_nohash_0.wav,0.001067
C:\Users\miker\wake_word_project\data\negative\eight\89947bd7_nohash_0.wav,0.000156
C:\Users\miker\wake_word_project\data\negative\visual\45692b02_nohash_2.wav,0.003398
C:\Users\miker\wake_word_project\data\negative\four\20a0d54b_nohash_0.wav,0.000363
C:\Users\miker\wake_word_project\data\negative\left\d394ef8e_nohash_0.wav,0.025587
C:\Users\miker\wake_word_project\data\negative\eight\82305c3a_nohash_2.wav,0.000458
C:\Users\miker\wake_word_project\data\negative\wow\c5570933_nohash_0.wav,0.003357
C:\Users\miker\wake_word_project\data\negative\seven\c1b7c224_nohash_2.wav,0.014444
C:\Users\miker\wake_word_project\data\negative\yes\888a0c49_nohash_0.wav,0.006519
C:\Users\miker\wake_word_project\data\negative\up\08ab231c_nohash_0.wav,0.000807
C:\Users\miker\wake_word_project\data\negative\forward\ace072ba_nohash_0.wav,0.000537
C:\Users\miker\wake_word_project\data\negative\four\189cbabe_nohash_3.wav,0.030098
C:\Users\miker\wake_word_project\data\negative\four\f427aa81_nohash_0.wav,0.000590
C:\Users\miker\wake_word_project\data\negative\wow\879a2b38_nohash_0.wav,0.000829
C:\Users\miker\wake_word_project\data\negative\one\ffd2ba2f_nohash_2.wav,0.000946
C:\Users\miker\wake_word_project\data\negative\house\cb5d2c6e_nohash_0.wav,0.000426
C:\Users\miker\wake_word_project\data\negative\visual\91ffb786_nohash_2.wav,0.003067
C:\Users\miker\wake_word_project\data\negative\stop\0cc6b0b0_nohash_0.wav,0.005704
C:\Users\miker\wake_word_project\data\negative\yes\742d6431_nohash_2.wav,0.034565
C:\Users\miker\wake_word_project\data\negative\seven\62f05757_nohash_2.wav,0.006451
C:\Users\miker\wake_word_project\data\negative\stop\48a9f771_nohash_0.wav,0.000755
C:\Users\miker\wake_word_project\data\negative\learn\4995d875_nohash_1.wav,0.015252
C:\Users\miker\wake_word_project\data\negative\down\d78858d9_nohash_0.wav,0.001926
C:\Users\miker\wake_word_project\data\negative\four\2bdbe5f7_nohash_2.wav,0.000633
C:\Users\miker\wake_word_project\data\negative\left\2aa787cf_nohash_0.wav,0.000235
C:\Users\miker\wake_word_project\data\negative\go\53458368_nohash_1.wav,0.000327
C:\Users\miker\wake_word_project\data\negative\nine\cd671b5f_nohash_0.wav,0.000145
C:\Users\miker\wake_word_project\data\negative\forward\2e75d37a_nohash_4.wav,0.006004
C:\Users\miker\wake_word_project\data\negative\left\5f9cd2eb_nohash_5.wav,0.000235
C:\Users\miker\wake_word_project\data\negative\bed\1995cf9e_nohash_0.wav,0.000567
C:\Users\miker\wake_word_project\data\negative\up\ac9dee0e_nohash_4.wav,0.000146
C:\Users\miker\wake_word_project\data\negative\eight\bd76a7fd_nohash_1.wav,0.045651
C:\Users\miker\wake_word_project\data\negative\house\ab9b93e4_nohash_0.wav,0.023194
C:\Users\miker\wake_word_project\data\negative\cat\1dce06e8_nohash_1.wav,0.000688
C:\Users\miker\wake_word_project\data\negative\cat\b43c8f2f_nohash_0.wav,0.000163
C:\Users\miker\wake_word_project\data\negative\sheila\a1c63f25_nohash_0.wav,0.001893
C:\Users\miker\wake_word_project\data\negative\left\067f61e2_nohash_1.wav,0.002409
C:\Users\miker\wake_word_project\data\negative\up\472b8045_nohash_2.wav,0.000363
C:\Users\miker\wake_word_project\data\negative\eight\bb05582b_nohash_1.wav,0.002950
C:\Users\miker\wake_word_project\data\negative\three\b76f6088_nohash_2.wav,0.001060
C:\Users\miker\wake_word_project\data\negative\yes\365531e2_nohash_0.wav,0.000926
C:\Users\miker\wake_word_project\data\negative\right\3b8406c0_nohash_1.wav,0.004700
C:\Users\miker\wake_word_project\data\negative\down\e9bc5cc2_nohash_2.wav,0.001490
C:\Users\miker\wake_word_project\data\negative\backward\f8ba7c0e_nohash_2.wav,0.001932
C:\Users\miker\wake_word_project\data\negative\six\890cc926_nohash_1.wav,0.006594
C:\Users\miker\wake_word_project\data\negative\learn\63f7a489_nohash_1.wav,0.008215
C:\Users\miker\wake_word_project\data\negative\one\85851131_nohash_1.wav,0.002609
C:\Users\miker\wake_word_project\data\negative\one\d0f7bef5_nohash_0.wav,0.001584
C:\Users\miker\wake_word_project\data\negative\on\87d5e978_nohash_1.wav,0.000255
C:\Users\miker\wake_word_project\data\negative\nine\234d6a48_nohash_4.wav,0.000701
C:\Users\miker\wake_word_project\data\negative\forward\9f93e408_nohash_0.wav,0.427918
C:\Users\miker\wake_word_project\data\negative\cat\833a0279_nohash_0.wav,0.000299
C:\Users\miker\wake_word_project\data\negative\happy\5588c7e6_nohash_2.wav,0.001144
C:\Users\miker\wake_word_project\data\negative\one\ca4d5368_nohash_4.wav,0.002098
C:\Users\miker\wake_word_project\data\negative\eight\4fd1443e_nohash_0.wav,0.015318
C:\Users\miker\wake_word_project\data\negative\dog\63f7a489_nohash_0.wav,0.002528
C:\Users\miker\wake_word_project\data\negative\off\2579e514_nohash_0.wav,0.000238
C:\Users\miker\wake_word_project\data\negative\right\42a99aec_nohash_4.wav,0.001275
C:\Users\miker\wake_word_project\data\negative\dog\ead2934a_nohash_0.wav,0.000731
C:\Users\miker\wake_word_project\data\negative\six\a3255f5c_nohash_0.wav,0.011132
C:\Users\miker\wake_word_project\data\negative\three\69a1a79f_nohash_0.wav,0.001895
C:\Users\miker\wake_word_project\data\negative\two\e7bcee8a_nohash_0.wav,0.000229
C:\Users\miker\wake_word_project\data\negative\cat\a8cb6dda_nohash_0.wav,0.000036
C:\Users\miker\wake_word_project\data\negative\five\94d370bf_nohash_0.wav,0.001795
C:\Users\miker\wake_word_project\data\negative\five\7e6bd776_nohash_0.wav,0.002406
C:\Users\miker\wake_word_project\data\negative\six\234ab0fb_nohash_0.wav,0.000281
C:\Users\miker\wake_word_project\data\negative\left\6b81fead_nohash_0.wav,0.013414
C:\Users\miker\wake_word_project\data\negative\down\541120c7_nohash_0.wav,0.003140
C:\Users\miker\wake_word_project\data\negative\happy\13199b79_nohash_0.wav,0.001027
C:\Users\miker\wake_word_project\data\negative\eight\76e53db9_nohash_1.wav,0.000553
C:\Users\miker\wake_word_project\data\negative\sheila\f192e6b4_nohash_1.wav,0.002988
C:\Users\miker\wake_word_project\data\negative\yes\9be15e93_nohash_4.wav,0.000469
C:\Users\miker\wake_word_project\data\negative\off\b25b6065_nohash_0.wav,0.004945
C:\Users\miker\wake_word_project\data\negative\stop\9f63152b_nohash_1.wav,0.000424
C:\Users\miker\wake_word_project\data\negative\stop\418e7158_nohash_1.wav,0.000847
C:\Users\miker\wake_word_project\data\negative\zero\72ca6a6d_nohash_0.wav,0.002744
C:\Users\miker\wake_word_project\data\negative\three\0585b66d_nohash_0.wav,0.013657
C:\Users\miker\wake_word_project\data\negative\go\422d3197_nohash_0.wav,0.000935
C:\Users\miker\wake_word_project\data\negative\yes\f575faf3_nohash_2.wav,0.001568
C:\Users\miker\wake_word_project\data\negative\seven\51f7a034_nohash_4.wav,0.009177
C:\Users\miker\wake_word_project\data\negative\no\78102205_nohash_0.wav,0.000308
C:\Users\miker\wake_word_project\data\negative\on\dd6c6806_nohash_1.wav,0.005817
C:\Users\miker\wake_word_project\data\negative\on\9c06a3f3_nohash_1.wav,0.000454
C:\Users\miker\wake_word_project\data\negative\left\32ad5b65_nohash_4.wav,0.002015
C:\Users\miker\wake_word_project\data\negative\stop\0137b3f4_nohash_3.wav,0.018396
C:\Users\miker\wake_word_project\data\negative\on\226537ab_nohash_2.wav,0.000382
C:\Users\miker\wake_word_project\data\negative\left\7cfb1618_nohash_1.wav,0.001341
C:\Users\miker\wake_word_project\data\negative\six\563aa4e6_nohash_2.wav,0.025405
C:\Users\miker\wake_word_project\data\negative\three\1dce06e8_nohash_0.wav,0.001893
C:\Users\miker\wake_word_project\data\negative\dog\105a0eea_nohash_0.wav,0.003482
C:\Users\miker\wake_word_project\data\negative\stop\baf01c1f_nohash_0.wav,0.000358
C:\Users\miker\wake_word_project\data\negative\wow\9efe5140_nohash_0.wav,0.001920
C:\Users\miker\wake_word_project\data\negative\down\cc6ee39b_nohash_3.wav,0.000656
C:\Users\miker\wake_word_project\data\negative\yes\8e05039f_nohash_1.wav,0.010322
C:\Users\miker\wake_word_project\data\negative\four\aa80f517_nohash_4.wav,0.001197
C:\Users\miker\wake_word_project\data\negative\three\42c6fff1_nohash_0.wav,0.000287
C:\Users\miker\wake_word_project\data\negative\four\c50f55b8_nohash_3.wav,0.000103
C:\Users\miker\wake_word_project\data\negative\house\172dc2b0_nohash_1.wav,0.006688
C:\Users\miker\wake_word_project\data\negative\two\05cf43ef_nohash_1.wav,0.000317
C:\Users\miker\wake_word_project\data\negative\down\31267b59_nohash_0.wav,0.003151
C:\Users\miker\wake_word_project\data\negative\five\bdd22e4d_nohash_0.wav,0.001155
C:\Users\miker\wake_word_project\data\negative\go\c1eebc0b_nohash_1.wav,0.000124
C:\Users\miker\wake_word_project\data\negative\follow\b8874962_nohash_2.wav,0.000514
C:\Users\miker\wake_word_project\data\negative\sheila\89f3ab7d_nohash_0.wav,0.041560
C:\Users\miker\wake_word_project\data\negative\dog\f798ac78_nohash_0.wav,0.000701
C:\Users\miker\wake_word_project\data\negative\five\b9515bf3_nohash_1.wav,0.000274
C:\Users\miker\wake_word_project\data\negative\backward\32ad5b65_nohash_4.wav,0.000020
C:\Users\miker\wake_word_project\data\negative\off\692a88e6_nohash_2.wav,0.002500
C:\Users\miker\wake_word_project\data\negative\on\dd6c6806_nohash_0.wav,0.001643
C:\Users\miker\wake_word_project\data\negative\two\ffd2ba2f_nohash_0.wav,0.000372
C:\Users\miker\wake_word_project\data\negative\stop\30060aba_nohash_2.wav,0.004406
C:\Users\miker\wake_word_project\data\negative\one\893705bb_nohash_1.wav,0.001862
C:\Users\miker\wake_word_project\data\negative\learn\fb7008b0_nohash_0.wav,0.000075
C:\Users\miker\wake_word_project\data\negative\bird\4f2be90f_nohash_0.wav,0.001500
C:\Users\miker\wake_word_project\data\negative\go\763188c4_nohash_1.wav,0.002392
C:\Users\miker\wake_word_project\data\negative\learn\bcf614a2_nohash_0.wav,0.002142
C:\Users\miker\wake_word_project\data\negative\up\a16013b7_nohash_1.wav,0.000522
C:\Users\miker\wake_word_project\data\negative\learn\40738a2d_nohash_4.wav,0.000297
C:\Users\miker\wake_word_project\data\negative\up\7de97453_nohash_1.wav,0.000072
C:\Users\miker\wake_word_project\data\negative\on\fb7c9b3b_nohash_0.wav,0.000488
C:\Users\miker\wake_word_project\data\negative\dog\c0e8f5a1_nohash_0.wav,0.000979
C:\Users\miker\wake_word_project\data\negative\two\ef77b778_nohash_4.wav,0.000146
C:\Users\miker\wake_word_project\data\negative\go\89947bd7_nohash_2.wav,0.007370
C:\Users\miker\wake_word_project\data\negative\house\151bfb79_nohash_0.wav,0.000126
C:\Users\miker\wake_word_project\data\negative\zero\5c39594f_nohash_2.wav,0.000374
C:\Users\miker\wake_word_project\data\negative\zero\77f185d3_nohash_0.wav,0.001853
C:\Users\miker\wake_word_project\data\negative\three\3d794813_nohash_0.wav,0.000867
C:\Users\miker\wake_word_project\data\negative\stop\0e6e36c9_nohash_4.wav,0.001294
C:\Users\miker\wake_word_project\data\negative\two\0d82fd99_nohash_4.wav,0.004761
C:\Users\miker\wake_word_project\data\negative\zero\ddedba85_nohash_8.wav,0.001680
C:\Users\miker\wake_word_project\data\negative\four\4e6902d0_nohash_2.wav,0.000722
C:\Users\miker\wake_word_project\data\negative\off\ffd2ba2f_nohash_0.wav,0.001116
C:\Users\miker\wake_word_project\data\negative\eight\551e42e8_nohash_0.wav,0.003474
C:\Users\miker\wake_word_project\data\negative\sheila\118261a9_nohash_0.wav,0.019890
C:\Users\miker\wake_word_project\data\negative\go\3b4f8f24_nohash_1.wav,0.001016
C:\Users\miker\wake_word_project\data\negative\tree\1995cf9e_nohash_0.wav,0.001832
C:\Users\miker\wake_word_project\data\negative\five\7cf14c54_nohash_0.wav,0.000722
C:\Users\miker\wake_word_project\data\negative\house\236b6113_nohash_0.wav,0.001220
C:\Users\miker\wake_word_project\data\negative\five\40738a2d_nohash_1.wav,0.000136
C:\Users\miker\wake_word_project\data\negative\dog\c39703ec_nohash_0.wav,0.001890
C:\Users\miker\wake_word_project\data\negative\dog\0585b66d_nohash_0.wav,0.002028
C:\Users\miker\wake_word_project\data\negative\follow\0ea9c8ce_nohash_0.wav,0.000239
C:\Users\miker\wake_word_project\data\negative\zero\857366dd_nohash_0.wav,0.001702
C:\Users\miker\wake_word_project\data\negative\left\91bed2e0_nohash_0.wav,0.000250
C:\Users\miker\wake_word_project\data\negative\stop\38d78313_nohash_2.wav,0.006994
C:\Users\miker\wake_word_project\data\negative\yes\195c120a_nohash_3.wav,0.011055
C:\Users\miker\wake_word_project\data\negative\six\5cf1ecce_nohash_1.wav,0.003481
C:\Users\miker\wake_word_project\data\negative\learn\c50f55b8_nohash_8.wav,0.000394
C:\Users\miker\wake_word_project\data\negative\on\7d8babdb_nohash_1.wav,0.000541
C:\Users\miker\wake_word_project\data\negative\eight\ac9dee0e_nohash_2.wav,0.000182
C:\Users\miker\wake_word_project\data\negative\one\7fd25f7c_nohash_0.wav,0.000305
C:\Users\miker\wake_word_project\data\negative\two\f8f60f59_nohash_0.wav,0.000299
C:\Users\miker\wake_word_project\data\negative\left\6e74c582_nohash_0.wav,0.001165
C:\Users\miker\wake_word_project\data\negative\up\5db0e146_nohash_1.wav,0.001605
C:\Users\miker\wake_word_project\data\negative\off\338a40d6_nohash_0.wav,0.001849
C:\Users\miker\wake_word_project\data\negative\house\8a744054_nohash_0.wav,0.006805
C:\Users\miker\wake_word_project\data\negative\right\978240e1_nohash_2.wav,0.001467
C:\Users\miker\wake_word_project\data\negative\seven\e2286c18_nohash_1.wav,0.012353
C:\Users\miker\wake_word_project\data\negative\right\59fe87e6_nohash_1.wav,0.000182
C:\Users\miker\wake_word_project\data\negative\on\6e916de8_nohash_0.wav,0.000703
C:\Users\miker\wake_word_project\data\negative\down\2a0b413e_nohash_0.wav,0.002137
C:\Users\miker\wake_word_project\data\negative\stop\54aecbd5_nohash_0.wav,0.000714
C:\Users\miker\wake_word_project\data\negative\bird\c22d3f18_nohash_0.wav,0.004150
C:\Users\miker\wake_word_project\data\negative\on\3bb68054_nohash_4.wav,0.000061
C:\Users\miker\wake_word_project\data\negative\wow\47d01978_nohash_0.wav,0.000408
C:\Users\miker\wake_word_project\data\negative\marvin\1e4064b8_nohash_1.wav,0.009021
C:\Users\miker\wake_word_project\data\negative\stop\879a2b38_nohash_1.wav,0.002776
C:\Users\miker\wake_word_project\data\negative\happy\35c8fa78_nohash_1.wav,0.027948
C:\Users\miker\wake_word_project\data\negative\bed\db9cfc88_nohash_0.wav,0.001096
C:\Users\miker\wake_word_project\data\negative\down\8e523821_nohash_3.wav,0.000518
C:\Users\miker\wake_word_project\data\negative\go\611d2b50_nohash_1.wav,0.000654
C:\Users\miker\wake_word_project\data\negative\two\821b64cc_nohash_0.wav,0.001735
C:\Users\miker\wake_word_project\data\negative\six\94d370bf_nohash_2.wav,0.013782
C:\Users\miker\wake_word_project\data\negative\six\f603e3f9_nohash_0.wav,0.000545
C:\Users\miker\wake_word_project\data\negative\bed\89f680f3_nohash_0.wav,0.001774
C:\Users\miker\wake_word_project\data\negative\yes\9fac5701_nohash_0.wav,0.008600
C:\Users\miker\wake_word_project\data\negative\two\6c968bd9_nohash_2.wav,0.001427
C:\Users\miker\wake_word_project\data\negative\house\62ccd358_nohash_0.wav,0.000243
C:\Users\miker\wake_word_project\data\negative\six\9c59dd28_nohash_1.wav,0.002982
C:\Users\miker\wake_word_project\data\negative\bird\c6ca5d01_nohash_1.wav,0.003770
C:\Users\miker\wake_word_project\data\negative\yes\9151f184_nohash_3.wav,0.001680
C:\Users\miker\wake_word_project\data\negative\yes\541120c7_nohash_0.wav,0.002940
C:\Users\miker\wake_word_project\data\negative\follow\d5b963aa_nohash_1.wav,0.000929
C:\Users\miker\wake_word_project\data\negative\one\8f4c551f_nohash_0.wav,0.000305
C:\Users\miker\wake_word_project\data\negative\seven\333d7ddb_nohash_1.wav,0.000098
C:\Users\miker\wake_word_project\data\negative\tree\61abbf52_nohash_0.wav,0.007743
C:\Users\miker\wake_word_project\data\negative\on\9886d8bf_nohash_3.wav,0.004757
C:\Users\miker\wake_word_project\data\negative\house\e82914c0_nohash_1.wav,0.001480
C:\Users\miker\wake_word_project\data\negative\forward\5a5721f8_nohash_4.wav,0.000202
C:\Users\miker\wake_word_project\data\negative\six\e9287461_nohash_0.wav,0.001864
C:\Users\miker\wake_word_project\data\negative\on\5fadb538_nohash_1.wav,0.000089
C:\Users\miker\wake_word_project\data\negative\three\9e6bb505_nohash_1.wav,0.000188
C:\Users\miker\wake_word_project\data\negative\right\42a99aec_nohash_1.wav,0.002560
C:\Users\miker\wake_word_project\data\negative\down\8dd788d8_nohash_0.wav,0.001031
C:\Users\miker\wake_word_project\data\negative\one\89ed36ab_nohash_0.wav,0.001891
C:\Users\miker\wake_word_project\data\negative\nine\617de221_nohash_2.wav,0.000371
C:\Users\miker\wake_word_project\data\negative\off\679463fc_nohash_3.wav,0.001224
C:\Users\miker\wake_word_project\data\negative\marvin\cd3331a6_nohash_1.wav,0.000733
C:\Users\miker\wake_word_project\data\negative\marvin\099d52ad_nohash_0.wav,0.014963
C:\Users\miker\wake_word_project\data\negative\two\5c237956_nohash_1.wav,0.003903
C:\Users\miker\wake_word_project\data\negative\down\f8ba7c0e_nohash_2.wav,0.000598
C:\Users\miker\wake_word_project\data\negative\five\db24628d_nohash_1.wav,0.003211
C:\Users\miker\wake_word_project\data\negative\marvin\97f493b9_nohash_0.wav,0.000890
C:\Users\miker\wake_word_project\data\negative\off\87070229_nohash_1.wav,0.001757
C:\Users\miker\wake_word_project\data\negative\up\27c24504_nohash_1.wav,0.002575
C:\Users\miker\wake_word_project\data\negative\right\6736bc64_nohash_0.wav,0.000182
C:\Users\miker\wake_word_project\data\negative\learn\bde0f20a_nohash_1.wav,0.001840
C:\Users\miker\wake_word_project\data\negative\two\195c120a_nohash_1.wav,0.000047
C:\Users\miker\wake_word_project\data\negative\off\23abe1c9_nohash_0.wav,0.004586
C:\Users\miker\wake_word_project\data\negative\yes\7846fd85_nohash_0.wav,0.004550
C:\Users\miker\wake_word_project\data\negative\sheila\6b7d5101_nohash_0.wav,0.022597
C:\Users\miker\wake_word_project\data\negative\bird\8ea6dec6_nohash_0.wav,0.002755
C:\Users\miker\wake_word_project\data\negative\one\02ade946_nohash_3.wav,0.000947
C:\Users\miker\wake_word_project\data\negative\down\6e74c582_nohash_0.wav,0.002153
C:\Users\miker\wake_word_project\data\negative\left\cc6ee39b_nohash_1.wav,0.001656
C:\Users\miker\wake_word_project\data\negative\happy\54ad8f22_nohash_0.wav,0.003558
C:\Users\miker\wake_word_project\data\negative\marvin\2e7fac30_nohash_0.wav,0.006729
C:\Users\miker\wake_word_project\data\negative\eight\611d2b50_nohash_3.wav,0.004758
C:\Users\miker\wake_word_project\data\negative\yes\db8a3397_nohash_3.wav,0.003278
C:\Users\miker\wake_word_project\data\negative\off\413bcfe1_nohash_0.wav,0.001929
C:\Users\miker\wake_word_project\data\negative\seven\10467b06_nohash_0.wav,0.020142
C:\Users\miker\wake_word_project\data\negative\backward\18f8afd5_nohash_0.wav,0.008093
C:\Users\miker\wake_word_project\data\negative\tree\dabd70c2_nohash_0.wav,0.001004
C:\Users\miker\wake_word_project\data\negative\seven\f852895b_nohash_0.wav,0.020416
C:\Users\miker\wake_word_project\data\negative\one\3d794813_nohash_0.wav,0.003712
C:\Users\miker\wake_word_project\data\negative\off\96a48d28_nohash_2.wav,0.008927
C:\Users\miker\wake_word_project\data\negative\cat\b087aa0e_nohash_0.wav,0.002124
C:\Users\miker\wake_word_project\data\negative\forward\e39a8ddc_nohash_0.wav,0.000219
C:\Users\miker\wake_word_project\data\negative\seven\30276d03_nohash_2.wav,0.026968
C:\Users\miker\wake_word_project\data\negative\nine\d5b963aa_nohash_2.wav,0.001689
C:\Users\miker\wake_word_project\data\negative\three\2a1f4853_nohash_4.wav,0.000478
C:\Users\miker\wake_word_project\data\negative\yes\559bc36a_nohash_1.wav,0.003835
C:\Users\miker\wake_word_project\data\negative\right\8523766b_nohash_0.wav,0.010666
C:\Users\miker\wake_word_project\data\negative\three\413997c1_nohash_0.wav,0.002218
C:\Users\miker\wake_word_project\data\negative\on\978240e1_nohash_0.wav,0.000077
C:\Users\miker\wake_word_project\data\negative\yes\72d75d96_nohash_0.wav,0.005178
C:\Users\miker\wake_word_project\data\negative\cat\86478fab_nohash_0.wav,0.002981
C:\Users\miker\wake_word_project\data\negative\four\82b99576_nohash_0.wav,0.004417
C:\Users\miker\wake_word_project\data\negative\house\3a182c98_nohash_2.wav,0.000721
C:\Users\miker\wake_word_project\data\negative\sheila\5f1253e9_nohash_0.wav,0.005176
C:\Users\miker\wake_word_project\data\negative\eight\e3e0f145_nohash_1.wav,0.000429
C:\Users\miker\wake_word_project\data\negative\learn\bb6d4301_nohash_2.wav,0.000724
C:\Users\miker\wake_word_project\data\negative\on\7213ed54_nohash_1.wav,0.000622
C:\Users\miker\wake_word_project\data\negative\up\4fd1443e_nohash_3.wav,0.002124
C:\Users\miker\wake_word_project\data\negative\right\06076b6b_nohash_1.wav,0.003993
C:\Users\miker\wake_word_project\data\negative\eight\9229bff9_nohash_0.wav,0.001265
C:\Users\miker\wake_word_project\data\negative\bird\11099149_nohash_0.wav,0.000341
C:\Users\miker\wake_word_project\data\negative\three\6f5b4d3d_nohash_1.wav,0.000116
C:\Users\miker\wake_word_project\data\negative\stop\b59fa113_nohash_0.wav,0.000822
C:\Users\miker\wake_word_project\data\negative\zero\baeac2ba_nohash_1.wav,0.001742
C:\Users\miker\wake_word_project\data\negative\go\bdee441c_nohash_1.wav,0.000734
C:\Users\miker\wake_word_project\data\negative\up\bb6d4301_nohash_0.wav,0.001129
C:\Users\miker\wake_word_project\data\negative\five\c6a23ff5_nohash_1.wav,0.001674
C:\Users\miker\wake_word_project\data\negative\left\ae927455_nohash_1.wav,0.001891
C:\Users\miker\wake_word_project\data\negative\sheila\77def3ee_nohash_0.wav,0.006252
C:\Users\miker\wake_word_project\data\negative\bed\1473be6a_nohash_1.wav,0.002370
C:\Users\miker\wake_word_project\data\negative\sheila\8dd788d8_nohash_1.wav,0.003140
C:\Users\miker\wake_word_project\data\negative\off\64df20d8_nohash_4.wav,0.000748
C:\Users\miker\wake_word_project\data\negative\down\a04817c2_nohash_4.wav,0.000786
C:\Users\miker\wake_word_project\data\negative\eight\4954abe8_nohash_0.wav,0.003284
C:\Users\miker\wake_word_project\data\negative\one\3a929277_nohash_1.wav,0.000793
C:\Users\miker\wake_word_project\data\negative\eight\6c0f6493_nohash_1.wav,0.004048
C:\Users\miker\wake_word_project\data\negative\tree\1aeef15e_nohash_0.wav,0.000935
C:\Users\miker\wake_word_project\data\negative\five\a6f2fd71_nohash_1.wav,0.001159
C:\Users\miker\wake_word_project\data\negative\right\837a0f64_nohash_1.wav,0.000217
C:\Users\miker\wake_word_project\data\negative\up\f5626af6_nohash_0.wav,0.000803
C:\Users\miker\wake_word_project\data\negative\left\03401e93_nohash_1.wav,0.000082
C:\Users\miker\wake_word_project\data\negative\right\db9d52d2_nohash_0.wav,0.003399
C:\Users\miker\wake_word_project\data\negative\up\9448c397_nohash_2.wav,0.000659
C:\Users\miker\wake_word_project\data\negative\house\9e6bb505_nohash_2.wav,0.000804
C:\Users\miker\wake_word_project\data\negative\off\ab76ac76_nohash_0.wav,0.000806
C:\Users\miker\wake_word_project\data\negative\one\f216055e_nohash_0.wav,0.001249
C:\Users\miker\wake_word_project\data\negative\one\9fac5701_nohash_2.wav,0.003173
C:\Users\miker\wake_word_project\data\negative\go\e0c782d5_nohash_0.wav,0.000894
C:\Users\miker\wake_word_project\data\negative\one\1626bc5a_nohash_0.wav,0.000847
C:\Users\miker\wake_word_project\data\negative\sheila\80f056c0_nohash_0.wav,0.010074
C:\Users\miker\wake_word_project\data\negative\five\56eb74ae_nohash_1.wav,0.005114
C:\Users\miker\wake_word_project\data\negative\no\96a48d28_nohash_1.wav,0.000341
C:\Users\miker\wake_word_project\data\negative\four\0f46028a_nohash_0.wav,0.000939
C:\Users\miker\wake_word_project\data\negative\stop\61482e52_nohash_1.wav,0.000708
C:\Users\miker\wake_word_project\data\negative\right\d5b963aa_nohash_1.wav,0.000811
C:\Users\miker\wake_word_project\data\negative\yes\0137b3f4_nohash_4.wav,0.001237
C:\Users\miker\wake_word_project\data\negative\five\1496195a_nohash_3.wav,0.000341
C:\Users\miker\wake_word_project\data\negative\dog\acb9db68_nohash_0.wav,0.001946
C:\Users\miker\wake_word_project\data\negative\house\c7aa72e6_nohash_0.wav,0.000532
C:\Users\miker\wake_word_project\data\negative\yes\dd6c6806_nohash_0.wav,0.002391
C:\Users\miker\wake_word_project\data\negative\zero\6c0f6493_nohash_3.wav,0.007618
C:\Users\miker\wake_word_project\data\negative\off\a6f2fd71_nohash_1.wav,0.000800
C:\Users\miker\wake_word_project\data\negative\nine\1c84a139_nohash_0.wav,0.000903
C:\Users\miker\wake_word_project\data\negative\zero\5af0ca83_nohash_1.wav,0.008438
C:\Users\miker\wake_word_project\data\negative\right\d069e6ff_nohash_2.wav,0.000321
C:\Users\miker\wake_word_project\data\negative\house\3b853f44_nohash_0.wav,0.000481
C:\Users\miker\wake_word_project\data\negative\backward\31f01a8d_nohash_3.wav,0.001763
C:\Users\miker\wake_word_project\data\negative\learn\446a3161_nohash_0.wav,0.000569
C:\Users\miker\wake_word_project\data\negative\visual\b29f8b23_nohash_1.wav,0.010284
C:\Users\miker\wake_word_project\data\negative\left\3c4aa5ef_nohash_2.wav,0.001182
C:\Users\miker\wake_word_project\data\negative\six\f5626af6_nohash_1.wav,0.005381
C:\Users\miker\wake_word_project\data\negative\six\bbaa7946_nohash_0.wav,0.007727
C:\Users\miker\wake_word_project\data\negative\two\0137b3f4_nohash_4.wav,0.000232
C:\Users\miker\wake_word_project\data\negative\right\321aba74_nohash_1.wav,0.008031
C:\Users\miker\wake_word_project\data\negative\five\779de043_nohash_2.wav,0.000461
C:\Users\miker\wake_word_project\data\negative\on\bd11a2e7_nohash_0.wav,0.002411
C:\Users\miker\wake_word_project\data\negative\seven\d53e25ba_nohash_0.wav,0.000471
C:\Users\miker\wake_word_project\data\negative\right\016e2c6d_nohash_0.wav,0.000307
C:\Users\miker\wake_word_project\data\negative\nine\48463cbc_nohash_0.wav,0.001395
C:\Users\miker\wake_word_project\data\negative\marvin\c137814b_nohash_1.wav,0.015032
C:\Users\miker\wake_word_project\data\negative\sheila\88f8a99c_nohash_0.wav,0.005588
C:\Users\miker\wake_word_project\data\negative\yes\8eb4a1bf_nohash_4.wav,0.005435
C:\Users\miker\wake_word_project\data\negative\seven\ff2b842e_nohash_4.wav,0.001506
C:\Users\miker\wake_word_project\data\negative\no\5ebc1cda_nohash_1.wav,0.000413
C:\Users\miker\wake_word_project\data\negative\one\08ab231c_nohash_0.wav,0.001429
C:\Users\miker\wake_word_project\data\negative\marvin\187af8be_nohash_0.wav,0.034679
C:\Users\miker\wake_word_project\data\negative\forward\f68160c0_nohash_0.wav,0.001744
C:\Users\miker\wake_word_project\data\negative\up\4898b793_nohash_0.wav,0.004698
C:\Users\miker\wake_word_project\data\negative\go\bab36420_nohash_0.wav,0.001632
C:\Users\miker\wake_word_project\data\negative\six\72e382bd_nohash_2.wav,0.002225
C:\Users\miker\wake_word_project\data\negative\no\8ff44869_nohash_1.wav,0.000615
C:\Users\miker\wake_word_project\data\negative\go\8b25410a_nohash_1.wav,0.002737
C:\Users\miker\wake_word_project\data\negative\yes\f5496439_nohash_0.wav,0.002234
C:\Users\miker\wake_word_project\data\negative\off\7fa5fa1f_nohash_0.wav,0.000259
C:\Users\miker\wake_word_project\data\negative\bird\fbe51750_nohash_0.wav,0.000970
C:\Users\miker\wake_word_project\data\negative\left\ee1d8d49_nohash_2.wav,0.014590
C:\Users\miker\wake_word_project\data\negative\wow\e6db3894_nohash_0.wav,0.000353
C:\Users\miker\wake_word_project\data\negative\up\91ffb786_nohash_2.wav,0.001540
C:\Users\miker\wake_word_project\data\negative\no\8281a2a8_nohash_2.wav,0.000571
C:\Users\miker\wake_word_project\data\negative\no\ab9b93e4_nohash_0.wav,0.005093
C:\Users\miker\wake_word_project\data\negative\two\226537ab_nohash_3.wav,0.000302
C:\Users\miker\wake_word_project\data\negative\zero\834f03fe_nohash_0.wav,0.001077
C:\Users\miker\wake_word_project\data\negative\tree\6a1908f8_nohash_0.wav,0.031930
C:\Users\miker\wake_word_project\data\negative\five\96d8bb6f_nohash_0.wav,0.000917
C:\Users\miker\wake_word_project\data\negative\right\65d14087_nohash_0.wav,0.000227
C:\Users\miker\wake_word_project\data\negative\bird\96c66ab7_nohash_0.wav,0.001136
C:\Users\miker\wake_word_project\data\negative\eight\baeac2ba_nohash_0.wav,0.000211
C:\Users\miker\wake_word_project\data\negative\right\a77fbcfd_nohash_2.wav,0.008226
C:\Users\miker\wake_word_project\data\negative\stop\113b3fbc_nohash_3.wav,0.001440
C:\Users\miker\wake_word_project\data\negative\marvin\bbc30633_nohash_0.wav,0.011753
C:\Users\miker\wake_word_project\data\negative\down\d55aa56c_nohash_0.wav,0.000923
C:\Users\miker\wake_word_project\data\negative\on\86fa2dcd_nohash_1.wav,0.002970
C:\Users\miker\wake_word_project\data\negative\down\ce7a8e92_nohash_1.wav,0.000728
C:\Users\miker\wake_word_project\data\negative\seven\6e916de8_nohash_1.wav,0.000864
C:\Users\miker\wake_word_project\data\negative\one\179a61b7_nohash_3.wav,0.007017
C:\Users\miker\wake_word_project\data\negative\bed\2f0a410b_nohash_0.wav,0.001068
C:\Users\miker\wake_word_project\data\negative\visual\5f5eef60_nohash_3.wav,0.000480
C:\Users\miker\wake_word_project\data\negative\five\51f7a034_nohash_2.wav,0.005085
C:\Users\miker\wake_word_project\data\negative\off\76424fa5_nohash_0.wav,0.000620
C:\Users\miker\wake_word_project\data\negative\tree\a05a90c1_nohash_0.wav,0.015723
C:\Users\miker\wake_word_project\data\negative\five\a9ca1818_nohash_2.wav,0.000256
C:\Users\miker\wake_word_project\data\negative\dog\f47d644e_nohash_0.wav,0.002160
C:\Users\miker\wake_word_project\data\negative\one\86478fab_nohash_0.wav,0.000498
C:\Users\miker\wake_word_project\data\negative\zero\24befdb3_nohash_0.wav,0.003380
C:\Users\miker\wake_word_project\data\negative\house\1ba20be2_nohash_1.wav,0.001038
C:\Users\miker\wake_word_project\data\negative\nine\1338a799_nohash_0.wav,0.001437
C:\Users\miker\wake_word_project\data\negative\three\305776dd_nohash_0.wav,0.000816
C:\Users\miker\wake_word_project\data\negative\up\1f653d27_nohash_0.wav,0.000238
C:\Users\miker\wake_word_project\data\negative\off\0a2b400e_nohash_0.wav,0.000827
C:\Users\miker\wake_word_project\data\negative\tree\41777abb_nohash_0.wav,0.000263
C:\Users\miker\wake_word_project\data\negative\down\29229c21_nohash_1.wav,0.002407
C:\Users\miker\wake_word_project\data\negative\marvin\840c366d_nohash_1.wav,0.002607
C:\Users\miker\wake_word_project\data\negative\two\8281a2a8_nohash_3.wav,0.000746
C:\Users\miker\wake_word_project\data\negative\seven\b29f8b23_nohash_2.wav,0.007848
C:\Users\miker\wake_word_project\data\negative\no\73f20b00_nohash_3.wav,0.001397
C:\Users\miker\wake_word_project\data\negative\left\de89e2ca_nohash_4.wav,0.001131
C:\Users\miker\wake_word_project\data\negative\three\51055bda_nohash_3.wav,0.001571
C:\Users\miker\wake_word_project\data\negative\visual\14c7b073_nohash_3.wav,0.000744
C:\Users\miker\wake_word_project\data\negative\yes\6d7af359_nohash_0.wav,0.001255
C:\Users\miker\wake_word_project\data\negative\right\234d6a48_nohash_2.wav,0.000334
C:\Users\miker\wake_word_project\data\negative\seven\eb0676ec_nohash_1.wav,0.009100
C:\Users\miker\wake_word_project\data\negative\bird\81a345a3_nohash_0.wav,0.000814
C:\Users\miker\wake_word_project\data\negative\stop\fb7eb481_nohash_1.wav,0.001341
C:\Users\miker\wake_word_project\data\negative\dog\953fe1ad_nohash_0.wav,0.000913
C:\Users\miker\wake_word_project\data\negative\go\982babaf_nohash_0.wav,0.001052
C:\Users\miker\wake_word_project\data\negative\three\7cf14c54_nohash_3.wav,0.001552
C:\Users\miker\wake_word_project\data\negative\two\d264f7b6_nohash_0.wav,0.002932
C:\Users\miker\wake_word_project\data\negative\learn\ace82a68_nohash_0.wav,0.000128
C:\Users\miker\wake_word_project\data\negative\go\53578f4e_nohash_0.wav,0.000272
C:\Users\miker\wake_word_project\data\negative\yes\05cf43ef_nohash_0.wav,0.003726
C:\Users\miker\wake_word_project\data\negative\down\86402da1_nohash_0.wav,0.000216
C:\Users\miker\wake_word_project\data\negative\on\4f5c0b28_nohash_2.wav,0.000684
C:\Users\miker\wake_word_project\data\negative\down\c79159aa_nohash_0.wav,0.003209
C:\Users\miker\wake_word_project\data\negative\yes\773e26f7_nohash_0.wav,0.001612
C:\Users\miker\wake_word_project\data\negative\three\95299b6c_nohash_0.wav,0.003650
C:\Users\miker\wake_word_project\data\negative\up\85851131_nohash_0.wav,0.006425
C:\Users\miker\wake_word_project\data\negative\down\d7559b2d_nohash_0.wav,0.008505
C:\Users\miker\wake_word_project\data\negative\on\a7200079_nohash_2.wav,0.001751
C:\Users\miker\wake_word_project\data\negative\follow\18ffa72d_nohash_0.wav,0.000337
C:\Users\miker\wake_word_project\data\negative\up\2a1f4853_nohash_1.wav,0.001104
C:\Users\miker\wake_word_project\data\negative\left\44bc77f7_nohash_0.wav,0.002994
C:\Users\miker\wake_word_project\data\negative\bird\12c206ea_nohash_0.wav,0.001430
C:\Users\miker\wake_word_project\data\negative\cat\25040e85_nohash_0.wav,0.001658
C:\Users\miker\wake_word_project\data\negative\marvin\3e3fa7fd_nohash_0.wav,0.001202
C:\Users\miker\wake_word_project\data\negative\zero\a489191a_nohash_0.wav,0.003782
C:\Users\miker\wake_word_project\data\negative\cat\cd68e997_nohash_0.wav,0.009175
C:\Users\miker\wake_word_project\data\negative\left\12623a81_nohash_0.wav,0.001397
C:\Users\miker\wake_word_project\data\negative\nine\bbd0bbd0_nohash_1.wav,0.000815
C:\Users\miker\wake_word_project\data\negative\no\471a0925_nohash_3.wav,0.002889
C:\Users\miker\wake_word_project\data\negative\on\3209ec42_nohash_0.wav,0.003919
C:\Users\miker\wake_word_project\data\negative\five\5f8097e1_nohash_2.wav,0.000153
C:\Users\miker\wake_word_project\data\negative\go\e54a0f16_nohash_0.wav,0.000703
C:\Users\miker\wake_word_project\data\negative\seven\9e075bf1_nohash_0.wav,0.000083
C:\Users\miker\wake_word_project\data\negative\off\893705bb_nohash_6.wav,0.001204
C:\Users\miker\wake_word_project\data\negative\two\bfd26d6b_nohash_3.wav,0.000087
C:\Users\miker\wake_word_project\data\negative\zero\8442ea62_nohash_0.wav,0.000411
C:\Users\miker\wake_word_project\data\negative\forward\39afb88e_nohash_1.wav,0.003268
C:\Users\miker\wake_word_project\data\negative\follow\61e2f74f_nohash_2.wav,0.003612
C:\Users\miker\wake_word_project\data\negative\follow\d264f7b6_nohash_0.wav,0.001484
C:\Users\miker\wake_word_project\data\negative\down\1e9e6bdd_nohash_2.wav,0.000310
C:\Users\miker\wake_word_project\data\negative\stop\b97c9f77_nohash_0.wav,0.002848
C:\Users\miker\wake_word_project\data\negative\three\13a93b33_nohash_0.wav,0.002706
C:\Users\miker\wake_word_project\data\negative\two\c9b5ff26_nohash_3.wav,0.003991
C:\Users\miker\wake_word_project\data\negative\go\c93d5e22_nohash_4.wav,0.000054
C:\Users\miker\wake_word_project\data\negative\right\7cbf645a_nohash_1.wav,0.001010
C:\Users\miker\wake_word_project\data\negative\six\d278d8ef_nohash_4.wav,0.017899
C:\Users\miker\wake_word_project\data\negative\five\499be02e_nohash_3.wav,0.000170
C:\Users\miker\wake_word_project\data\negative\go\7f74626f_nohash_1.wav,0.000885
C:\Users\miker\wake_word_project\data\negative\one\38d78313_nohash_4.wav,0.000095
C:\Users\miker\wake_word_project\data\negative\three\b7a0754f_nohash_3.wav,0.000791
C:\Users\miker\wake_word_project\data\negative\happy\6d818f6c_nohash_0.wav,0.001087
C:\Users\miker\wake_word_project\data\negative\one\2b5e346d_nohash_0.wav,0.001285
C:\Users\miker\wake_word_project\data\negative\happy\857366dd_nohash_0.wav,0.007135
C:\Users\miker\wake_word_project\data\negative\two\3b8406c0_nohash_0.wav,0.001027
C:\Users\miker\wake_word_project\data\negative\backward\bfd26d6b_nohash_2.wav,0.063354
C:\Users\miker\wake_word_project\data\negative\zero\e53139ad_nohash_2.wav,0.000289
C:\Users\miker\wake_word_project\data\negative\one\5fadb538_nohash_3.wav,0.000140
C:\Users\miker\wake_word_project\data\negative\learn\b308773d_nohash_2.wav,0.002621
C:\Users\miker\wake_word_project\data\negative\two\9f22307d_nohash_2.wav,0.000096
C:\Users\miker\wake_word_project\data\negative\sheila\333d7ddb_nohash_0.wav,0.000216
C:\Users\miker\wake_word_project\data\negative\five\c4e00ee9_nohash_3.wav,0.000400
C:\Users\miker\wake_word_project\data\negative\dog\e71b4ce6_nohash_0.wav,0.001302
C:\Users\miker\wake_word_project\data\negative\on\95218ce8_nohash_0.wav,0.000468
C:\Users\miker\wake_word_project\data\negative\nine\4c6944d6_nohash_0.wav,0.000402
C:\Users\miker\wake_word_project\data\negative\six\f9643d42_nohash_4.wav,0.002463
C:\Users\miker\wake_word_project\data\negative\left\421ed23f_nohash_0.wav,0.002474
C:\Users\miker\wake_word_project\data\negative\three\bfdb9801_nohash_1.wav,0.001574
C:\Users\miker\wake_word_project\data\negative\off\f822b9bf_nohash_1.wav,0.001945
C:\Users\miker\wake_word_project\data\negative\up\0a2b400e_nohash_3.wav,0.000371
C:\Users\miker\wake_word_project\data\negative\happy\31d31fa0_nohash_0.wav,0.002599
C:\Users\miker\wake_word_project\data\negative\one\171edea9_nohash_2.wav,0.001439
C:\Users\miker\wake_word_project\data\negative\left\5f1b1051_nohash_1.wav,0.002256
C:\Users\miker\wake_word_project\data\negative\four\5c8af87a_nohash_1.wav,0.003412
C:\Users\miker\wake_word_project\data\negative\no\a04817c2_nohash_0.wav,0.002434
C:\Users\miker\wake_word_project\data\negative\one\f804cbb3_nohash_0.wav,0.000418
C:\Users\miker\wake_word_project\data\negative\eight\0bde966a_nohash_1.wav,0.000782
C:\Users\miker\wake_word_project\data\negative\go\ae927455_nohash_3.wav,0.000907
C:\Users\miker\wake_word_project\data\negative\no\834f03fe_nohash_3.wav,0.001495
C:\Users\miker\wake_word_project\data\negative\six\74241b28_nohash_0.wav,0.026519
C:\Users\miker\wake_word_project\data\negative\nine\bfd26d6b_nohash_1.wav,0.005892
C:\Users\miker\wake_word_project\data\negative\six\8fe67225_nohash_2.wav,0.004892
C:\Users\miker\wake_word_project\data\negative\left\28497c5b_nohash_0.wav,0.000608
C:\Users\miker\wake_word_project\data\negative\up\5769c5ab_nohash_3.wav,0.000933
C:\Users\miker\wake_word_project\data\negative\left\234d6a48_nohash_0.wav,0.001511
C:\Users\miker\wake_word_project\data\negative\bed\9e46cfa1_nohash_0.wav,0.000164
C:\Users\miker\wake_word_project\data\negative\tree\e3e49931_nohash_1.wav,0.002696
C:\Users\miker\wake_word_project\data\negative\no\f9273a21_nohash_0.wav,0.002060
C:\Users\miker\wake_word_project\data\negative\house\ae71797c_nohash_0.wav,0.000539
C:\Users\miker\wake_word_project\data\negative\backward\a929f9b9_nohash_1.wav,0.002619
C:\Users\miker\wake_word_project\data\negative\two\e0315cf6_nohash_3.wav,0.000652
C:\Users\miker\wake_word_project\data\negative\zero\0d82fd99_nohash_2.wav,0.001020
C:\Users\miker\wake_word_project\data\negative\wow\e6327279_nohash_0.wav,0.000529
C:\Users\miker\wake_word_project\data\negative\cat\5be23def_nohash_0.wav,0.000789
C:\Users\miker\wake_word_project\data\negative\stop\9fac5701_nohash_1.wav,0.001277
C:\Users\miker\wake_word_project\data\negative\wow\f035e2ea_nohash_0.wav,0.000455
C:\Users\miker\wake_word_project\data\negative\right\721f767c_nohash_0.wav,0.002030
C:\Users\miker\wake_word_project\data\negative\learn\954f190f_nohash_1.wav,0.181369
C:\Users\miker\wake_word_project\data\negative\yes\f5e44d34_nohash_0.wav,0.000534
C:\Users\miker\wake_word_project\data\negative\zero\b7a0754f_nohash_2.wav,0.006519
C:\Users\miker\wake_word_project\data\negative\go\6969e51a_nohash_0.wav,0.000487
C:\Users\miker\wake_word_project\data\negative\stop\a6d586b7_nohash_0.wav,0.003345
C:\Users\miker\wake_word_project\data\negative\zero\cce7416f_nohash_2.wav,0.019870
C:\Users\miker\wake_word_project\data\negative\nine\87d5e978_nohash_2.wav,0.000849
C:\Users\miker\wake_word_project\data\negative\go\0cb74144_nohash_4.wav,0.000820
C:\Users\miker\wake_word_project\data\negative\three\af405b69_nohash_0.wav,0.000354
C:\Users\miker\wake_word_project\data\negative\four\0a2b400e_nohash_1.wav,0.005190
C:\Users\miker\wake_word_project\data\negative\three\1c3f50ad_nohash_2.wav,0.000205
C:\Users\miker\wake_word_project\data\negative\happy\38d78313_nohash_0.wav,0.002224
C:\Users\miker\wake_word_project\data\negative\two\a045368c_nohash_2.wav,0.000164
C:\Users\miker\wake_word_project\data\negative\yes\4e8c5516_nohash_1.wav,0.000383
C:\Users\miker\wake_word_project\data\negative\visual\3ce4910e_nohash_1.wav,0.069757
C:\Users\miker\wake_word_project\data\negative\yes\b66f4f93_nohash_5.wav,0.010586
C:\Users\miker\wake_word_project\data\negative\tree\f5d09ebd_nohash_1.wav,0.001800
C:\Users\miker\wake_word_project\data\negative\two\b84f83d2_nohash_0.wav,0.000246
C:\Users\miker\wake_word_project\data\negative\five\172dc2b0_nohash_0.wav,0.002549
C:\Users\miker\wake_word_project\data\negative\three\5fadb538_nohash_0.wav,0.000606
C:\Users\miker\wake_word_project\data\negative\down\bdee441c_nohash_0.wav,0.000808
C:\Users\miker\wake_word_project\data\negative\three\56eb74ae_nohash_3.wav,0.008976
C:\Users\miker\wake_word_project\data\negative\three\ffd2ba2f_nohash_0.wav,0.000216
C:\Users\miker\wake_word_project\data\negative\bird\bbc30633_nohash_0.wav,0.009659
C:\Users\miker\wake_word_project\data\negative\left\9dc1889e_nohash_2.wav,0.000467
C:\Users\miker\wake_word_project\data\negative\zero\61ab8fbc_nohash_0.wav,0.300857
C:\Users\miker\wake_word_project\data\negative\on\89d6d11e_nohash_1.wav,0.001839
C:\Users\miker\wake_word_project\data\negative\bird\59fe87e6_nohash_0.wav,0.000156
C:\Users\miker\wake_word_project\data\negative\six\b87bdb22_nohash_0.wav,0.002482
C:\Users\miker\wake_word_project\data\negative\nine\f21893dc_nohash_0.wav,0.002540
C:\Users\miker\wake_word_project\data\negative\wow\2510c044_nohash_0.wav,0.000502
C:\Users\miker\wake_word_project\data\negative\eight\e71a9381_nohash_3.wav,0.005157
C:\Users\miker\wake_word_project\data\negative\down\837a0f64_nohash_4.wav,0.000578
C:\Users\miker\wake_word_project\data\negative\left\22296dbe_nohash_1.wav,0.000305
C:\Users\miker\wake_word_project\data\negative\marvin\65846c5f_nohash_0.wav,0.000199
C:\Users\miker\wake_word_project\data\negative\yes\0cb74144_nohash_2.wav,0.014656
C:\Users\miker\wake_word_project\data\negative\off\ab76ac76_nohash_1.wav,0.001288
C:\Users\miker\wake_word_project\data\negative\follow\e11fbc6e_nohash_1.wav,0.000445
C:\Users\miker\wake_word_project\data\negative\four\6823565f_nohash_1.wav,0.000558
C:\Users\miker\wake_word_project\data\negative\eight\ee4a907f_nohash_0.wav,0.000232
C:\Users\miker\wake_word_project\data\negative\zero\4e99c1b7_nohash_2.wav,0.028904
C:\Users\miker\wake_word_project\data\negative\seven\dca2797e_nohash_4.wav,0.000681
C:\Users\miker\wake_word_project\data\negative\nine\fa52ddf6_nohash_3.wav,0.003532
C:\Users\miker\wake_word_project\data\negative\seven\9b027ecf_nohash_0.wav,0.003122
C:\Users\miker\wake_word_project\data\negative\right\a3255f5c_nohash_0.wav,0.002246
C:\Users\miker\wake_word_project\data\negative\house\8fe67225_nohash_0.wav,0.001289
C:\Users\miker\wake_word_project\data\negative\five\fa44fcf5_nohash_0.wav,0.007354
C:\Users\miker\wake_word_project\data\negative\happy\a1c63f25_nohash_0.wav,0.001884
C:\Users\miker\wake_word_project\data\negative\one\ec989d6d_nohash_4.wav,0.000777
C:\Users\miker\wake_word_project\data\negative\zero\f5341341_nohash_3.wav,0.000370
C:\Users\miker\wake_word_project\data\negative\left\226537ab_nohash_0.wav,0.000746
C:\Users\miker\wake_word_project\data\negative\yes\03c96658_nohash_0.wav,0.001318
C:\Users\miker\wake_word_project\data\negative\nine\1496195a_nohash_1.wav,0.000935
C:\Users\miker\wake_word_project\data\negative\zero\e0c782d5_nohash_2.wav,0.000418
C:\Users\miker\wake_word_project\data\negative\eight\590750e8_nohash_0.wav,0.000072
C:\Users\miker\wake_word_project\data\negative\one\7c83c5f6_nohash_2.wav,0.002900
C:\Users\miker\wake_word_project\data\negative\dog\fb7eb481_nohash_0.wav,0.001151
C:\Users\miker\wake_word_project\data\negative\five\353b4d33_nohash_0.wav,0.001942
C:\Users\miker\wake_word_project\data\negative\yes\41285056_nohash_2.wav,0.003135
C:\Users\miker\wake_word_project\data\negative\go\412c675c_nohash_0.wav,0.000403
C:\Users\miker\wake_word_project\data\negative\two\94d370bf_nohash_1.wav,0.000434
C:\Users\miker\wake_word_project\data\negative\visual\893705bb_nohash_1.wav,0.004448
C:\Users\miker\wake_word_project\data\negative\two\8335f893_nohash_0.wav,0.001542
C:\Users\miker\wake_word_project\data\negative\off\099d52ad_nohash_3.wav,0.001685
C:\Users\miker\wake_word_project\data\negative\zero\e4be0cf6_nohash_1.wav,0.000941
C:\Users\miker\wake_word_project\data\negative\sheila\e54a0f16_nohash_0.wav,0.001248
C:\Users\miker\wake_word_project\data\negative\nine\f9643d42_nohash_4.wav,0.000478
C:\Users\miker\wake_word_project\data\negative\down\857366dd_nohash_0.wav,0.001070
C:\Users\miker\wake_word_project\data\negative\zero\72242187_nohash_3.wav,0.003732
C:\Users\miker\wake_word_project\data\negative\no\ef3367d9_nohash_5.wav,0.007804
C:\Users\miker\wake_word_project\data\negative\bed\1746d7b6_nohash_0.wav,0.000580
C:\Users\miker\wake_word_project\data\negative\house\12c206ea_nohash_0.wav,0.009986
C:\Users\miker\wake_word_project\data\negative\seven\c6a23ff5_nohash_0.wav,0.000422
C:\Users\miker\wake_word_project\data\negative\eight\a6f2fd71_nohash_1.wav,0.008438
C:\Users\miker\wake_word_project\data\negative\one\02746d24_nohash_0.wav,0.001636
C:\Users\miker\wake_word_project\data\negative\no\14c7b073_nohash_2.wav,0.000631
C:\Users\miker\wake_word_project\data\negative\two\72242187_nohash_4.wav,0.007992
C:\Users\miker\wake_word_project\data\negative\yes\197f4153_nohash_4.wav,0.001069
C:\Users\miker\wake_word_project\data\negative\two\6e41a77e_nohash_1.wav,0.000843
C:\Users\miker\wake_word_project\data\negative\happy\f568162b_nohash_0.wav,0.063737
C:\Users\miker\wake_word_project\data\negative\six\e11fbc6e_nohash_2.wav,0.011380
C:\Users\miker\wake_word_project\data\negative\no\8012c69d_nohash_1.wav,0.006556
C:\Users\miker\wake_word_project\data\negative\three\bcf614a2_nohash_3.wav,0.002436
C:\Users\miker\wake_word_project\data\negative\no\2927c601_nohash_0.wav,0.002076
C:\Users\miker\wake_word_project\data\negative\eight\1b18600d_nohash_1.wav,0.000238
C:\Users\miker\wake_word_project\data\negative\two\863880b7_nohash_0.wav,0.000274
C:\Users\miker\wake_word_project\data\negative\go\8eb4a1bf_nohash_0.wav,0.014897
C:\Users\miker\wake_word_project\data\negative\one\98ea0818_nohash_0.wav,0.001241
C:\Users\miker\wake_word_project\data\negative\bed\cd7f8c1b_nohash_0.wav,0.013451
C:\Users\miker\wake_word_project\data\negative\three\11860c84_nohash_0.wav,0.000662
C:\Users\miker\wake_word_project\data\negative\six\189cbabe_nohash_3.wav,0.123405
C:\Users\miker\wake_word_project\data\negative\marvin\7c83c5f6_nohash_0.wav,0.002753
C:\Users\miker\wake_word_project\data\negative\stop\bdee441c_nohash_3.wav,0.002685
C:\Users\miker\wake_word_project\data\negative\go\211b928a_nohash_0.wav,0.000168
C:\Users\miker\wake_word_project\data\negative\tree\1a073312_nohash_0.wav,0.001057
C:\Users\miker\wake_word_project\data\negative\dog\3d9200b9_nohash_1.wav,0.000184
C:\Users\miker\wake_word_project\data\negative\three\a412e853_nohash_0.wav,0.009157
C:\Users\miker\wake_word_project\data\negative\one\559bc36a_nohash_1.wav,0.000738
C:\Users\miker\wake_word_project\data\negative\up\67fcdb05_nohash_0.wav,0.001318
C:\Users\miker\wake_word_project\data\negative\left\5f814c23_nohash_0.wav,0.007584
C:\Users\miker\wake_word_project\data\negative\tree\377e916b_nohash_1.wav,0.000373
C:\Users\miker\wake_word_project\data\negative\off\676f8138_nohash_0.wav,0.000447
C:\Users\miker\wake_word_project\data\negative\eight\65d14087_nohash_0.wav,0.000713
C:\Users\miker\wake_word_project\data\negative\five\2dc4f05d_nohash_3.wav,0.000018
C:\Users\miker\wake_word_project\data\negative\cat\1aed7c6d_nohash_0.wav,0.000095
C:\Users\miker\wake_word_project\data\negative\bird\99e6cab8_nohash_1.wav,0.000380
C:\Users\miker\wake_word_project\data\negative\left\71d0ded4_nohash_2.wav,0.002515
C:\Users\miker\wake_word_project\data\negative\right\4d4e17f5_nohash_2.wav,0.000691
C:\Users\miker\wake_word_project\data\negative\eight\61ab8fbc_nohash_4.wav,0.023391
C:\Users\miker\wake_word_project\data\negative\down\bdee441c_nohash_4.wav,0.000642
C:\Users\miker\wake_word_project\data\negative\go\9886d8bf_nohash_3.wav,0.008012
C:\Users\miker\wake_word_project\data\negative\seven\cce7416f_nohash_2.wav,0.003946
C:\Users\miker\wake_word_project\data\negative\five\0d6d7360_nohash_2.wav,0.000630
C:\Users\miker\wake_word_project\data\negative\no\beb458a4_nohash_1.wav,0.001298
C:\Users\miker\wake_word_project\data\negative\on\f88f97a7_nohash_0.wav,0.000355
C:\Users\miker\wake_word_project\data\negative\no\25e95412_nohash_4.wav,0.000077
C:\Users\miker\wake_word_project\data\negative\two\5f8097e1_nohash_3.wav,0.001606
C:\Users\miker\wake_word_project\data\negative\wow\cae62f38_nohash_0.wav,0.002170
C:\Users\miker\wake_word_project\data\negative\up\3d86b69a_nohash_3.wav,0.002349
C:\Users\miker\wake_word_project\data\negative\seven\e49428d9_nohash_4.wav,0.003860
C:\Users\miker\wake_word_project\data\negative\off\c948d727_nohash_4.wav,0.003021
C:\Users\miker\wake_word_project\data\negative\six\f822b9bf_nohash_4.wav,0.002303
C:\Users\miker\wake_word_project\data\negative\wow\bcf614a2_nohash_0.wav,0.003414
C:\Users\miker\wake_word_project\data\negative\visual\bbf38549_nohash_2.wav,0.004028
C:\Users\miker\wake_word_project\data\negative\five\ab46af55_nohash_6.wav,0.000897
C:\Users\miker\wake_word_project\data\negative\off\a5d485dc_nohash_0.wav,0.001552
C:\Users\miker\wake_word_project\data\negative\tree\a3518e99_nohash_0.wav,0.001340
C:\Users\miker\wake_word_project\data\negative\down\cb2929ce_nohash_2.wav,0.007205
C:\Users\miker\wake_word_project\data\negative\right\30060aba_nohash_0.wav,0.001109
C:\Users\miker\wake_word_project\data\negative\stop\eee5e541_nohash_0.wav,0.001061
C:\Users\miker\wake_word_project\data\negative\off\6565a81d_nohash_1.wav,0.001128
C:\Users\miker\wake_word_project\data\negative\learn\07de53d3_nohash_0.wav,0.004146
C:\Users\miker\wake_word_project\data\negative\bird\50928b05_nohash_0.wav,0.001021
C:\Users\miker\wake_word_project\data\negative\up\0a196374_nohash_1.wav,0.000962
C:\Users\miker\wake_word_project\data\negative\no\234d6a48_nohash_4.wav,0.000560
C:\Users\miker\wake_word_project\data\negative\four\fb8c31a9_nohash_2.wav,0.007414
C:\Users\miker\wake_word_project\data\negative\on\a3255f5c_nohash_0.wav,0.000077
C:\Users\miker\wake_word_project\data\negative\on\af8b2f2c_nohash_0.wav,0.000240
C:\Users\miker\wake_word_project\data\negative\go\a527cb3c_nohash_0.wav,0.001868
C:\Users\miker\wake_word_project\data\negative\nine\de89e2ca_nohash_3.wav,0.001034
C:\Users\miker\wake_word_project\data\negative\down\cce7416f_nohash_1.wav,0.004175
C:\Users\miker\wake_word_project\data\negative\two\de89e2ca_nohash_2.wav,0.000159
C:\Users\miker\wake_word_project\data\negative\no\08ab8082_nohash_1.wav,0.002018
C:\Users\miker\wake_word_project\data\negative\sheila\1093c8e7_nohash_2.wav,0.013758
C:\Users\miker\wake_word_project\data\negative\three\f2e59fea_nohash_0.wav,0.000147
C:\Users\miker\wake_word_project\data\negative\nine\bdd22e4d_nohash_4.wav,0.006870
C:\Users\miker\wake_word_project\data\negative\dog\14872d06_nohash_0.wav,0.000611
C:\Users\miker\wake_word_project\data\negative\off\0ff728b5_nohash_1.wav,0.000446
C:\Users\miker\wake_word_project\data\negative\house\c1eebc0b_nohash_0.wav,0.001210
C:\Users\miker\wake_word_project\data\negative\four\07089da9_nohash_0.wav,0.004710
C:\Users\miker\wake_word_project\data\negative\eight\98f4f088_nohash_1.wav,0.001148
C:\Users\miker\wake_word_project\data\negative\one\01bb6a2a_nohash_1.wav,0.011753
C:\Users\miker\wake_word_project\data\negative\down\91ffb786_nohash_3.wav,0.000073
C:\Users\miker\wake_word_project\data\negative\two\1a994c9f_nohash_1.wav,0.000031
C:\Users\miker\wake_word_project\data\negative\four\cce7416f_nohash_3.wav,0.003180
C:\Users\miker\wake_word_project\data\negative\three\d7c60815_nohash_0.wav,0.010499
C:\Users\miker\wake_word_project\data\negative\three\c392e01d_nohash_0.wav,0.003281
C:\Users\miker\wake_word_project\data\negative\stop\4c6167ca_nohash_0.wav,0.000850
C:\Users\miker\wake_word_project\data\negative\bed\95218ce8_nohash_0.wav,0.001960
C:\Users\miker\wake_word_project\data\negative\cat\7318280c_nohash_1.wav,0.000905
C:\Users\miker\wake_word_project\data\negative\zero\51c5601d_nohash_2.wav,0.005236
C:\Users\miker\wake_word_project\data\negative\marvin\d0f7bef5_nohash_0.wav,0.000569
C:\Users\miker\wake_word_project\data\negative\go\dea820ce_nohash_0.wav,0.000447
C:\Users\miker\wake_word_project\data\negative\eight\b83c1acf_nohash_1.wav,0.002885
C:\Users\miker\wake_word_project\data\negative\zero\528f9242_nohash_0.wav,0.002992
C:\Users\miker\wake_word_project\data\negative\six\321aba74_nohash_0.wav,0.008437
C:\Users\miker\wake_word_project\data\negative\four\9229bff9_nohash_1.wav,0.000643
C:\Users\miker\wake_word_project\data\negative\dog\988e2f9a_nohash_0.wav,0.005939
C:\Users\miker\wake_word_project\data\negative\yes\a2b16113_nohash_0.wav,0.000609
C:\Users\miker\wake_word_project\data\negative\sheila\adb45ef2_nohash_0.wav,0.001926
C:\Users\miker\wake_word_project\data\negative\four\a5b24175_nohash_0.wav,0.000838
C:\Users\miker\wake_word_project\data\negative\six\f104f742_nohash_1.wav,0.007369
C:\Users\miker\wake_word_project\data\negative\four\f0522ff4_nohash_2.wav,0.002202
C:\Users\miker\wake_word_project\data\negative\go\87070229_nohash_0.wav,0.000437
C:\Users\miker\wake_word_project\data\negative\marvin\840c366d_nohash_0.wav,0.000591
C:\Users\miker\wake_word_project\data\negative\yes\eb3f7d82_nohash_1.wav,0.001301
C:\Users\miker\wake_word_project\data\negative\five\6d1dcca6_nohash_3.wav,0.003311
C:\Users\miker\wake_word_project\data\negative\zero\61abbf52_nohash_0.wav,0.016663
C:\Users\miker\wake_word_project\data\negative\stop\3ec05c3d_nohash_0.wav,0.001579
C:\Users\miker\wake_word_project\data\negative\backward\39833acb_nohash_0.wav,0.010886
C:\Users\miker\wake_word_project\data\negative\house\d98dd124_nohash_0.wav,0.002971
C:\Users\miker\wake_word_project\data\negative\five\57152045_nohash_0.wav,0.009169
C:\Users\miker\wake_word_project\data\negative\eight\da040491_nohash_0.wav,0.002466
C:\Users\miker\wake_word_project\data\negative\seven\e4b02540_nohash_0.wav,0.001449
C:\Users\miker\wake_word_project\data\negative\happy\39833acb_nohash_0.wav,0.014410
C:\Users\miker\wake_word_project\data\negative\zero\b5cf6ea8_nohash_1.wav,0.001442
C:\Users\miker\wake_word_project\data\negative\follow\c98bbbd3_nohash_0.wav,0.000668
C:\Users\miker\wake_word_project\data\negative\eight\2927c601_nohash_2.wav,0.006379
C:\Users\miker\wake_word_project\data\negative\two\0c2d2ffa_nohash_0.wav,0.000251
C:\Users\miker\wake_word_project\data\negative\bed\da76aa58_nohash_1.wav,0.000165
C:\Users\miker\wake_word_project\data\negative\eight\ea356919_nohash_0.wav,0.004910
C:\Users\miker\wake_word_project\data\negative\bed\25c14394_nohash_0.wav,0.000196
C:\Users\miker\wake_word_project\data\negative\nine\b9db6e42_nohash_2.wav,0.001645
C:\Users\miker\wake_word_project\data\negative\zero\6c0f6493_nohash_0.wav,0.006959
C:\Users\miker\wake_word_project\data\negative\zero\6124b431_nohash_3.wav,0.002717
C:\Users\miker\wake_word_project\data\negative\go\b49caed3_nohash_1.wav,0.011704
C:\Users\miker\wake_word_project\data\negative\stop\042a8dde_nohash_0.wav,0.011461
C:\Users\miker\wake_word_project\data\negative\marvin\35c8fa78_nohash_0.wav,0.470243
C:\Users\miker\wake_word_project\data\negative\bed\35c8fa78_nohash_1.wav,0.109743
C:\Users\miker\wake_word_project\data\negative\follow\c351e611_nohash_1.wav,0.002344
C:\Users\miker\wake_word_project\data\negative\house\20174140_nohash_0.wav,0.001204
C:\Users\miker\wake_word_project\data\negative\cat\93ec8b84_nohash_0.wav,0.000304
C:\Users\miker\wake_word_project\data\negative\eight\be7a5b2d_nohash_0.wav,0.004032
C:\Users\miker\wake_word_project\data\negative\wow\b44007bc_nohash_0.wav,0.000084
C:\Users\miker\wake_word_project\data\negative\off\da040491_nohash_2.wav,0.001504
C:\Users\miker\wake_word_project\data\negative\seven\7014b07e_nohash_0.wav,0.000088
C:\Users\miker\wake_word_project\data\negative\eight\4b25f620_nohash_0.wav,0.000679
C:\Users\miker\wake_word_project\data\negative\wow\f8ba7c0e_nohash_0.wav,0.000289
C:\Users\miker\wake_word_project\data\negative\dog\435f9f9e_nohash_0.wav,0.002842
C:\Users\miker\wake_word_project\data\negative\one\bfd26d6b_nohash_2.wav,0.000188
C:\Users\miker\wake_word_project\data\negative\on\ca4912b6_nohash_0.wav,0.002314
C:\Users\miker\wake_word_project\data\negative\zero\0ab3b47d_nohash_0.wav,0.000655
C:\Users\miker\wake_word_project\data\negative\nine\d9aa8c90_nohash_1.wav,0.000377
C:\Users\miker\wake_word_project\data\negative\seven\01b4757a_nohash_0.wav,0.002206
C:\Users\miker\wake_word_project\data\negative\stop\2f0ce4d9_nohash_3.wav,0.002518
C:\Users\miker\wake_word_project\data\negative\eight\226537ab_nohash_0.wav,0.000859
C:\Users\miker\wake_word_project\data\negative\on\eb0676ec_nohash_2.wav,0.005681
C:\Users\miker\wake_word_project\data\negative\right\b4bef564_nohash_0.wav,0.001390
C:\Users\miker\wake_word_project\data\negative\go\226537ab_nohash_4.wav,0.000973
C:\Users\miker\wake_word_project\data\negative\stop\eaa83485_nohash_2.wav,0.008375
C:\Users\miker\wake_word_project\data\negative\bird\f839238a_nohash_1.wav,0.001467
C:\Users\miker\wake_word_project\data\negative\visual\cb62dbf1_nohash_1.wav,0.005495
C:\Users\miker\wake_word_project\data\negative\zero\321aba74_nohash_2.wav,0.004513
C:\Users\miker\wake_word_project\data\negative\tree\f174517e_nohash_1.wav,0.004502
C:\Users\miker\wake_word_project\data\negative\seven\47565088_nohash_0.wav,0.009395
C:\Users\miker\wake_word_project\data\negative\left\5a3712c9_nohash_0.wav,0.000722
C:\Users\miker\wake_word_project\data\negative\one\2039b9c1_nohash_0.wav,0.003309
C:\Users\miker\wake_word_project\data\negative\three\e77d88fc_nohash_1.wav,0.001032
C:\Users\miker\wake_word_project\data\negative\bird\3565ca83_nohash_1.wav,0.006353
C:\Users\miker\wake_word_project\data\negative\dog\187af8be_nohash_0.wav,0.001408
C:\Users\miker\wake_word_project\data\negative\one\d278d8ef_nohash_4.wav,0.011456
C:\Users\miker\wake_word_project\data\negative\off\2e75d37a_nohash_0.wav,0.000192
C:\Users\miker\wake_word_project\data\negative\on\0ba018fc_nohash_3.wav,0.002371
C:\Users\miker\wake_word_project\data\negative\two\e49428d9_nohash_0.wav,0.000722
C:\Users\miker\wake_word_project\data\negative\eight\18d84076_nohash_0.wav,0.014857
C:\Users\miker\wake_word_project\data\negative\right\364c0853_nohash_0.wav,0.000252
C:\Users\miker\wake_word_project\data\negative\up\cd7f8c1b_nohash_1.wav,0.003174
C:\Users\miker\wake_word_project\data\negative\on\a5d1becc_nohash_1.wav,0.000344
C:\Users\miker\wake_word_project\data\negative\dog\e1aa22e4_nohash_2.wav,0.000619
C:\Users\miker\wake_word_project\data\negative\down\2da58b32_nohash_1.wav,0.002234
C:\Users\miker\wake_word_project\data\negative\marvin\1ba20be2_nohash_1.wav,0.002714
C:\Users\miker\wake_word_project\data\negative\stop\b1426003_nohash_1.wav,0.001185
C:\Users\miker\wake_word_project\data\negative\five\73f20b00_nohash_0.wav,0.001125
C:\Users\miker\wake_word_project\data\negative\dog\67fcdb05_nohash_1.wav,0.002605
C:\Users\miker\wake_word_project\data\negative\eight\b9f46737_nohash_3.wav,0.001079
C:\Users\miker\wake_word_project\data\negative\house\b575b5fb_nohash_0.wav,0.003820
C:\Users\miker\wake_word_project\data\negative\three\38d78313_nohash_3.wav,0.002899
C:\Users\miker\wake_word_project\data\negative\three\8e523821_nohash_1.wav,0.001319
C:\Users\miker\wake_word_project\data\negative\six\e9901cf0_nohash_0.wav,0.052620
C:\Users\miker\wake_word_project\data\negative\sheila\50928b05_nohash_1.wav,0.032941
C:\Users\miker\wake_word_project\data\negative\up\cc6ee39b_nohash_1.wav,0.000645
C:\Users\miker\wake_word_project\data\negative\marvin\4cee0c60_nohash_0.wav,0.010009
C:\Users\miker\wake_word_project\data\negative\no\7f74626f_nohash_4.wav,0.001014
C:\Users\miker\wake_word_project\data\negative\stop\4e99c1b7_nohash_0.wav,0.016539
C:\Users\miker\wake_word_project\data\negative\seven\99081f4d_nohash_1.wav,0.003575
C:\Users\miker\wake_word_project\data\negative\left\2005ca25_nohash_0.wav,0.000657
C:\Users\miker\wake_word_project\data\negative\on\f8f60f59_nohash_1.wav,0.000729
C:\Users\miker\wake_word_project\data\negative\right\c120e80e_nohash_0.wav,0.001267
C:\Users\miker\wake_word_project\data\negative\stop\977a3be4_nohash_0.wav,0.000145
C:\Users\miker\wake_word_project\data\negative\on\2dc4f05d_nohash_5.wav,0.000022
C:\Users\miker\wake_word_project\data\negative\down\cc4f9250_nohash_3.wav,0.002901
C:\Users\miker\wake_word_project\data\negative\zero\890e4ee2_nohash_1.wav,0.051216
C:\Users\miker\wake_word_project\data\negative\up\6fca237d_nohash_0.wav,0.039491
C:\Users\miker\wake_word_project\data\negative\eight\51c5601d_nohash_0.wav,0.006207
C:\Users\miker\wake_word_project\data\negative\tree\9e92ef0c_nohash_0.wav,0.001692
C:\Users\miker\wake_word_project\data\negative\tree\551e42e8_nohash_0.wav,0.006839
C:\Users\miker\wake_word_project\data\negative\yes\c120e80e_nohash_0.wav,0.003449
C:\Users\miker\wake_word_project\data\negative\sheila\821b64cc_nohash_0.wav,0.001036
C:\Users\miker\wake_word_project\data\negative\visual\3bb68054_nohash_1.wav,0.011430
C:\Users\miker\wake_word_project\data\negative\four\e882abb2_nohash_3.wav,0.003883
C:\Users\miker\wake_word_project\data\negative\on\2c6d3924_nohash_0.wav,0.001960
C:\Users\miker\wake_word_project\data\negative\on\e6327279_nohash_2.wav,0.001889
C:\Users\miker\wake_word_project\data\negative\go\5d4e3bb8_nohash_0.wav,0.002163
C:\Users\miker\wake_word_project\data\negative\off\9b027ecf_nohash_0.wav,0.001752
C:\Users\miker\wake_word_project\data\negative\nine\16d41d07_nohash_0.wav,0.013540
C:\Users\miker\wake_word_project\data\negative\on\f68160c0_nohash_4.wav,0.000607
C:\Users\miker\wake_word_project\data\negative\off\15dd287d_nohash_2.wav,0.000869
C:\Users\miker\wake_word_project\data\negative\off\b0ae6326_nohash_1.wav,0.000673
C:\Users\miker\wake_word_project\data\negative\visual\fa52ddf6_nohash_2.wav,0.021893
C:\Users\miker\wake_word_project\data\negative\down\aeb99b1c_nohash_2.wav,0.000246
C:\Users\miker\wake_word_project\data\negative\left\bc196f81_nohash_0.wav,0.006671
C:\Users\miker\wake_word_project\data\negative\on\106a6183_nohash_1.wav,0.000411
C:\Users\miker\wake_word_project\data\negative\left\bbf38549_nohash_2.wav,0.002448
C:\Users\miker\wake_word_project\data\negative\two\2e30f9a5_nohash_0.wav,0.001215
C:\Users\miker\wake_word_project\data\negative\happy\7e6bd776_nohash_0.wav,0.005058
C:\Users\miker\wake_word_project\data\negative\no\40b60ae9_nohash_0.wav,0.002108
C:\Users\miker\wake_word_project\data\negative\five\9b027ecf_nohash_0.wav,0.001582
C:\Users\miker\wake_word_project\data\negative\two\eaa83485_nohash_2.wav,0.001318
C:\Users\miker\wake_word_project\data\negative\one\b2fbe484_nohash_0.wav,0.003371
C:\Users\miker\wake_word_project\data\negative\dog\810c99be_nohash_0.wav,0.000079
C:\Users\miker\wake_word_project\data\negative\down\8dd24423_nohash_0.wav,0.007014
C:\Users\miker\wake_word_project\data\negative\down\55feffd5_nohash_0.wav,0.001548
C:\Users\miker\wake_word_project\data\negative\down\a05a90c1_nohash_1.wav,0.003983
C:\Users\miker\wake_word_project\data\negative\on\3b195250_nohash_1.wav,0.002043
C:\Users\miker\wake_word_project\data\negative\down\b9515bf3_nohash_3.wav,0.000930
C:\Users\miker\wake_word_project\data\negative\wow\e54a0f16_nohash_0.wav,0.012733
C:\Users\miker\wake_word_project\data\negative\wow\893705bb_nohash_3.wav,0.000717
C:\Users\miker\wake_word_project\data\negative\no\332d33b1_nohash_1.wav,0.010077
C:\Users\miker\wake_word_project\data\negative\eight\da584bc0_nohash_2.wav,0.000864
C:\Users\miker\wake_word_project\data\negative\sheila\d37e4bf1_nohash_0.wav,0.002565
C:\Users\miker\wake_word_project\data\negative\dog\0b09edd3_nohash_1.wav,0.005073
C:\Users\miker\wake_word_project\data\negative\six\f1d8a638_nohash_1.wav,0.004561
C:\Users\miker\wake_word_project\data\negative\six\196e84b7_nohash_0.wav,0.001930
C:\Users\miker\wake_word_project\data\negative\six\1a0f9c63_nohash_0.wav,0.002206
C:\Users\miker\wake_word_project\data\negative\marvin\951cac20_nohash_0.wav,0.010043
C:\Users\miker\wake_word_project\data\negative\two\5ab63b0a_nohash_1.wav,0.000086
C:\Users\miker\wake_word_project\data\negative\eight\9a69672b_nohash_1.wav,0.000653
C:\Users\miker\wake_word_project\data\negative\off\7fb8d703_nohash_3.wav,0.010875
C:\Users\miker\wake_word_project\data\negative\nine\953fe1ad_nohash_1.wav,0.000264
C:\Users\miker\wake_word_project\data\negative\two\30065f33_nohash_0.wav,0.001187
C:\Users\miker\wake_word_project\data\negative\yes\235b444f_nohash_3.wav,0.005530
C:\Users\miker\wake_word_project\data\negative\off\ec989d6d_nohash_3.wav,0.001253
C:\Users\miker\wake_word_project\data\negative\visual\3f45a0cf_nohash_0.wav,0.051675
C:\Users\miker\wake_word_project\data\negative\cat\83f9c4ab_nohash_1.wav,0.005457
C:\Users\miker\wake_word_project\data\negative\stop\686d030b_nohash_2.wav,0.000678
C:\Users\miker\wake_word_project\data\negative\left\bbc30633_nohash_2.wav,0.015531
C:\Users\miker\wake_word_project\data\negative\nine\82b99576_nohash_1.wav,0.002098
C:\Users\miker\wake_word_project\data\negative\down\f19c1390_nohash_4.wav,0.000093
C:\Users\miker\wake_word_project\data\negative\six\ab76ac76_nohash_1.wav,0.003178
C:\Users\miker\wake_word_project\data\negative\right\cd7f8c1b_nohash_2.wav,0.012558
C:\Users\miker\wake_word_project\data\negative\four\d21fd169_nohash_2.wav,0.001846
C:\Users\miker\wake_word_project\data\negative\five\acb9db68_nohash_0.wav,0.000035
C:\Users\miker\wake_word_project\data\negative\tree\c7f9ffb5_nohash_0.wav,0.002689
C:\Users\miker\wake_word_project\data\negative\one\f00180d0_nohash_0.wav,0.001584
C:\Users\miker\wake_word_project\data\negative\go\370844f7_nohash_2.wav,0.000122
C:\Users\miker\wake_word_project\data\negative\eight\1a892463_nohash_0.wav,0.001676
C:\Users\miker\wake_word_project\data\negative\nine\72242187_nohash_2.wav,0.002621
C:\Users\miker\wake_word_project\data\negative\sheila\d1453a87_nohash_0.wav,0.030459
C:\Users\miker\wake_word_project\data\negative\no\0b7ee1a0_nohash_0.wav,0.002349
C:\Users\miker\wake_word_project\data\negative\eight\56cd307a_nohash_1.wav,0.000751
C:\Users\miker\wake_word_project\data\negative\yes\8c7f81df_nohash_1.wav,0.002210
C:\Users\miker\wake_word_project\data\negative\house\efab2cbd_nohash_1.wav,0.000256
C:\Users\miker\wake_word_project\data\negative\six\893705bb_nohash_0.wav,0.002311
C:\Users\miker\wake_word_project\data\negative\go\46a153d8_nohash_1.wav,0.000676
C:\Users\miker\wake_word_project\data\negative\zero\fa52ddf6_nohash_4.wav,0.008579
C:\Users\miker\wake_word_project\data\negative\on\24694eb6_nohash_0.wav,0.000976
C:\Users\miker\wake_word_project\data\negative\six\1496195a_nohash_0.wav,0.003384
C:\Users\miker\wake_word_project\data\negative\yes\b66f4f93_nohash_0.wav,0.005184
C:\Users\miker\wake_word_project\data\negative\three\2356b88d_nohash_3.wav,0.001499
C:\Users\miker\wake_word_project\data\negative\stop\dc7ec25b_nohash_0.wav,0.000707
C:\Users\miker\wake_word_project\data\negative\two\87728a88_nohash_1.wav,0.000287
C:\Users\miker\wake_word_project\data\negative\three\e0315cf6_nohash_4.wav,0.006719
C:\Users\miker\wake_word_project\data\negative\sheila\da15e796_nohash_1.wav,0.102638
C:\Users\miker\wake_word_project\data\negative\bed\e3e49931_nohash_0.wav,0.000530
C:\Users\miker\wake_word_project\data\negative\stop\b66f4f93_nohash_4.wav,0.001307
C:\Users\miker\wake_word_project\data\negative\tree\dbaf8fc6_nohash_1.wav,0.001947
C:\Users\miker\wake_word_project\data\negative\up\25e95412_nohash_0.wav,0.000497
C:\Users\miker\wake_word_project\data\negative\house\3e549219_nohash_0.wav,0.001993
C:\Users\miker\wake_word_project\data\negative\forward\3d794813_nohash_4.wav,0.001587
C:\Users\miker\wake_word_project\data\negative\house\9d32f10a_nohash_0.wav,0.005578
C:\Users\miker\wake_word_project\data\negative\up\7910d292_nohash_0.wav,0.000913
C:\Users\miker\wake_word_project\data\negative\yes\89e59d18_nohash_0.wav,0.003259
C:\Users\miker\wake_word_project\data\negative\left\9e46cfa1_nohash_3.wav,0.002034
C:\Users\miker\wake_word_project\data\negative\nine\1b755c65_nohash_1.wav,0.004955
C:\Users\miker\wake_word_project\data\negative\nine\7d6b4b10_nohash_0.wav,0.002017
C:\Users\miker\wake_word_project\data\negative\backward\81332c92_nohash_3.wav,0.000036
C:\Users\miker\wake_word_project\data\negative\forward\5769c5ab_nohash_3.wav,0.001896
C:\Users\miker\wake_word_project\data\negative\five\4b25f620_nohash_0.wav,0.010784
C:\Users\miker\wake_word_project\data\negative\six\3f45a0cf_nohash_3.wav,0.002286
C:\Users\miker\wake_word_project\data\negative\tree\d6b155a5_nohash_1.wav,0.001088
C:\Users\miker\wake_word_project\data\negative\off\25e95412_nohash_2.wav,0.001778
C:\Users\miker\wake_word_project\data\negative\dog\a8ee11c7_nohash_0.wav,0.000601
C:\Users\miker\wake_word_project\data\negative\five\3d53244b_nohash_1.wav,0.001994
C:\Users\miker\wake_word_project\data\negative\wow\ab46af55_nohash_0.wav,0.000282
C:\Users\miker\wake_word_project\data\negative\three\8eb4a1bf_nohash_3.wav,0.001771
C:\Users\miker\wake_word_project\data\negative\bird\2da58b32_nohash_0.wav,0.000138
C:\Users\miker\wake_word_project\data\negative\down\9385508d_nohash_0.wav,0.000936
C:\Users\miker\wake_word_project\data\negative\wow\ff63ab0b_nohash_1.wav,0.000611
C:\Users\miker\wake_word_project\data\negative\seven\9886d8bf_nohash_3.wav,0.013181
C:\Users\miker\wake_word_project\data\negative\four\e9abfe31_nohash_1.wav,0.000503
C:\Users\miker\wake_word_project\data\negative\no\542f38a2_nohash_0.wav,0.007161
C:\Users\miker\wake_word_project\data\negative\off\ccea893d_nohash_1.wav,0.001408
C:\Users\miker\wake_word_project\data\negative\on\f8ad3941_nohash_0.wav,0.000928
C:\Users\miker\wake_word_project\data\negative\nine\24694eb6_nohash_0.wav,0.004362
C:\Users\miker\wake_word_project\data\negative\five\c0445658_nohash_4.wav,0.000595
C:\Users\miker\wake_word_project\data\negative\no\1ecfb537_nohash_2.wav,0.000214
C:\Users\miker\wake_word_project\data\negative\left\b5cf6ea8_nohash_0.wav,0.008002
C:\Users\miker\wake_word_project\data\negative\visual\4cee0c60_nohash_2.wav,0.003012
C:\Users\miker\wake_word_project\data\negative\marvin\3eb8764c_nohash_0.wav,0.005246
C:\Users\miker\wake_word_project\data\negative\yes\fe1916ba_nohash_1.wav,0.000791
C:\Users\miker\wake_word_project\data\negative\six\4cb874bb_nohash_0.wav,0.001364
C:\Users\miker\wake_word_project\data\negative\stop\42f81601_nohash_2.wav,0.001783
C:\Users\miker\wake_word_project\data\negative\down\520b2c17_nohash_0.wav,0.000846
C:\Users\miker\wake_word_project\data\negative\cat\9712cce0_nohash_0.wav,0.001349
C:\Users\miker\wake_word_project\data\negative\five\b414c653_nohash_3.wav,0.001598
C:\Users\miker\wake_word_project\data\negative\five\c08585c1_nohash_0.wav,0.000898
C:\Users\miker\wake_word_project\data\negative\yes\435f9f9e_nohash_0.wav,0.000266
C:\Users\miker\wake_word_project\data\negative\stop\ff4ed4f3_nohash_3.wav,0.023216
C:\Users\miker\wake_word_project\data\negative\cat\66276b0e_nohash_0.wav,0.000618
C:\Users\miker\wake_word_project\data\negative\two\7fa5fa1f_nohash_0.wav,0.000681
C:\Users\miker\wake_word_project\data\negative\down\333784b7_nohash_0.wav,0.001961
C:\Users\miker\wake_word_project\data\negative\house\893705bb_nohash_0.wav,0.000275
C:\Users\miker\wake_word_project\data\negative\on\a05a90c1_nohash_0.wav,0.004462
C:\Users\miker\wake_word_project\data\negative\two\1474273a_nohash_0.wav,0.000396
C:\Users\miker\wake_word_project\data\negative\off\f5733968_nohash_0.wav,0.001887
C:\Users\miker\wake_word_project\data\negative\right\0f2442b6_nohash_0.wav,0.000564
C:\Users\miker\wake_word_project\data\negative\stop\a6d586b7_nohash_1.wav,0.000891
C:\Users\miker\wake_word_project\data\negative\off\9f869f70_nohash_0.wav,0.000804
C:\Users\miker\wake_word_project\data\negative\house\9aa21fa9_nohash_0.wav,0.014607
C:\Users\miker\wake_word_project\data\negative\four\ed07d5b7_nohash_0.wav,0.000799
C:\Users\miker\wake_word_project\data\negative\yes\48a9f771_nohash_0.wav,0.002241
C:\Users\miker\wake_word_project\data\negative\right\fa52ddf6_nohash_2.wav,0.152451
C:\Users\miker\wake_word_project\data\negative\eight\4c6167ca_nohash_6.wav,0.000536
C:\Users\miker\wake_word_project\data\negative\nine\48bfde8e_nohash_0.wav,0.002138
C:\Users\miker\wake_word_project\data\negative\on\2aca1e72_nohash_3.wav,0.000232
C:\Users\miker\wake_word_project\data\negative\eight\31fd5cf5_nohash_1.wav,0.001010
C:\Users\miker\wake_word_project\data\negative\learn\4e99c1b7_nohash_0.wav,0.046079
C:\Users\miker\wake_word_project\data\negative\two\a4ca3afe_nohash_1.wav,0.003097
C:\Users\miker\wake_word_project\data\negative\two\a7200079_nohash_2.wav,0.001320
C:\Users\miker\wake_word_project\data\negative\stop\29fb33da_nohash_2.wav,0.002140
C:\Users\miker\wake_word_project\data\negative\right\18e910f4_nohash_3.wav,0.001163
C:\Users\miker\wake_word_project\data\negative\seven\78030270_nohash_1.wav,0.004304
C:\Users\miker\wake_word_project\data\negative\two\3cc595de_nohash_3.wav,0.000159
C:\Users\miker\wake_word_project\data\negative\left\99fad6a0_nohash_0.wav,0.003076
C:\Users\miker\wake_word_project\data\negative\cat\1c3f4fac_nohash_0.wav,0.000872
C:\Users\miker\wake_word_project\data\negative\go\19785c4e_nohash_2.wav,0.000231
C:\Users\miker\wake_word_project\data\negative\no\f5341341_nohash_0.wav,0.002060
C:\Users\miker\wake_word_project\data\negative\stop\611d2b50_nohash_2.wav,0.012444
C:\Users\miker\wake_word_project\data\negative\cat\b6e6aa2e_nohash_0.wav,0.000209
C:\Users\miker\wake_word_project\data\negative\backward\a16013b7_nohash_4.wav,0.001620
C:\Users\miker\wake_word_project\data\negative\four\8931f494_nohash_0.wav,0.002417
C:\Users\miker\wake_word_project\data\negative\left\5769c5ab_nohash_1.wav,0.004243
C:\Users\miker\wake_word_project\data\negative\four\c6ee87a7_nohash_2.wav,0.000866
C:\Users\miker\wake_word_project\data\negative\yes\b5cf6ea8_nohash_2.wav,0.000749
C:\Users\miker\wake_word_project\data\negative\five\1a892463_nohash_1.wav,0.008666
C:\Users\miker\wake_word_project\data\negative\yes\9a76f8c3_nohash_3.wav,0.005841
C:\Users\miker\wake_word_project\data\negative\happy\87c62767_nohash_0.wav,0.004122
C:\Users\miker\wake_word_project\data\negative\learn\d5b963aa_nohash_1.wav,0.001324
C:\Users\miker\wake_word_project\data\negative\marvin\7e556a2c_nohash_0.wav,0.001268
C:\Users\miker\wake_word_project\data\negative\eight\8523766b_nohash_1.wav,0.005076
C:\Users\miker\wake_word_project\data\negative\backward\a1e71565_nohash_3.wav,0.003434
C:\Users\miker\wake_word_project\data\negative\right\784e281a_nohash_0.wav,0.001863
C:\Users\miker\wake_word_project\data\negative\on\31f01a8d_nohash_0.wav,0.000583
C:\Users\miker\wake_word_project\data\negative\follow\e39a8ddc_nohash_0.wav,0.000108
C:\Users\miker\wake_word_project\data\negative\eight\d0ce2418_nohash_0.wav,0.000290
C:\Users\miker\wake_word_project\data\negative\no\763188c4_nohash_2.wav,0.018258
C:\Users\miker\wake_word_project\data\negative\seven\a97017df_nohash_3.wav,0.004435
C:\Users\miker\wake_word_project\data\negative\up\8353fea1_nohash_0.wav,0.000454
C:\Users\miker\wake_word_project\data\negative\right\9587481f_nohash_1.wav,0.000366
C:\Users\miker\wake_word_project\data\negative\sheila\fbe51750_nohash_2.wav,0.000623
C:\Users\miker\wake_word_project\data\negative\two\472b8045_nohash_2.wav,0.000261
C:\Users\miker\wake_word_project\data\negative\zero\f292725f_nohash_0.wav,0.004402
C:\Users\miker\wake_word_project\data\negative\nine\9a69672b_nohash_0.wav,0.001670
C:\Users\miker\wake_word_project\data\negative\dog\cce7416f_nohash_0.wav,0.002875
C:\Users\miker\wake_word_project\data\negative\off\050170cb_nohash_2.wav,0.000472
C:\Users\miker\wake_word_project\data\negative\wow\b7a0754f_nohash_0.wav,0.000483
C:\Users\miker\wake_word_project\data\negative\bird\e82914c0_nohash_0.wav,0.000936
C:\Users\miker\wake_word_project\data\negative\on\617de221_nohash_3.wav,0.003512
C:\Users\miker\wake_word_project\data\negative\bed\66276b0e_nohash_0.wav,0.000649
C:\Users\miker\wake_word_project\data\negative\one\2d92f18b_nohash_0.wav,0.001827
C:\Users\miker\wake_word_project\data\negative\down\171edea9_nohash_3.wav,0.004802
C:\Users\miker\wake_word_project\data\negative\left\c0cb43d6_nohash_0.wav,0.001475
C:\Users\miker\wake_word_project\data\negative\six\98ea0818_nohash_2.wav,0.003572
C:\Users\miker\wake_word_project\data\negative\on\256c0a05_nohash_1.wav,0.001038
C:\Users\miker\wake_word_project\data\negative\six\83957201_nohash_0.wav,0.003250
C:\Users\miker\wake_word_project\data\negative\off\439c84f4_nohash_2.wav,0.000086
C:\Users\miker\wake_word_project\data\negative\up\b87bdb22_nohash_2.wav,0.000367
C:\Users\miker\wake_word_project\data\negative\three\c9b653a0_nohash_0.wav,0.004810
C:\Users\miker\wake_word_project\data\negative\off\bdb26021_nohash_0.wav,0.000073
C:\Users\miker\wake_word_project\data\negative\learn\d9aa8c90_nohash_4.wav,0.000060
C:\Users\miker\wake_word_project\data\negative\eight\591d32f3_nohash_0.wav,0.001925
C:\Users\miker\wake_word_project\data\negative\off\4a803e67_nohash_1.wav,0.001142
C:\Users\miker\wake_word_project\data\negative\bed\8b367d88_nohash_2.wav,0.110913
C:\Users\miker\wake_word_project\data\negative\marvin\44c201dd_nohash_0.wav,0.002312
C:\Users\miker\wake_word_project\data\negative\follow\9448c397_nohash_0.wav,0.000206
C:\Users\miker\wake_word_project\data\negative\zero\c9b5ff26_nohash_1.wav,0.003568
C:\Users\miker\wake_word_project\data\negative\three\019fa366_nohash_1.wav,0.009942
C:\Users\miker\wake_word_project\data\negative\one\30276d03_nohash_3.wav,0.101339
C:\Users\miker\wake_word_project\data\negative\up\019fa366_nohash_1.wav,0.000133
C:\Users\miker\wake_word_project\data\negative\nine\d7559b2d_nohash_1.wav,0.028922
C:\Users\miker\wake_word_project\data\negative\down\6ef76186_nohash_1.wav,0.001223
C:\Users\miker\wake_word_project\data\negative\on\64df20d8_nohash_4.wav,0.000382
C:\Users\miker\wake_word_project\data\negative\eight\042a8dde_nohash_1.wav,0.003724
C:\Users\miker\wake_word_project\data\negative\go\dca2797e_nohash_0.wav,0.000118
C:\Users\miker\wake_word_project\data\negative\on\5efb758c_nohash_1.wav,0.000379
C:\Users\miker\wake_word_project\data\negative\stop\050170cb_nohash_0.wav,0.000881
C:\Users\miker\wake_word_project\data\negative\off\235b444f_nohash_3.wav,0.001616
C:\Users\miker\wake_word_project\data\negative\seven\5f5eef60_nohash_2.wav,0.000404
C:\Users\miker\wake_word_project\data\negative\down\1c76f5f3_nohash_0.wav,0.000257
C:\Users\miker\wake_word_project\data\negative\no\f8ba7c0e_nohash_2.wav,0.000105
C:\Users\miker\wake_word_project\data\negative\left\aa80f517_nohash_2.wav,0.007860
C:\Users\miker\wake_word_project\data\negative\wow\facd97c0_nohash_2.wav,0.001299
C:\Users\miker\wake_word_project\data\negative\nine\19f9c115_nohash_1.wav,0.003007
C:\Users\miker\wake_word_project\data\negative\go\2296b1af_nohash_0.wav,0.000659
C:\Users\miker\wake_word_project\data\negative\marvin\ca4d5368_nohash_0.wav,0.001705
C:\Users\miker\wake_word_project\data\negative\zero\146d97db_nohash_0.wav,0.001980
C:\Users\miker\wake_word_project\data\negative\follow\3a3ee7ed_nohash_2.wav,0.000861
C:\Users\miker\wake_word_project\data\negative\down\08ab231c_nohash_3.wav,0.007176
C:\Users\miker\wake_word_project\data\negative\right\ec201020_nohash_0.wav,0.003997
C:\Users\miker\wake_word_project\data\negative\three\8fe52b97_nohash_1.wav,0.000221
C:\Users\miker\wake_word_project\data\negative\eight\4e99c1b7_nohash_1.wav,0.042332
C:\Users\miker\wake_word_project\data\negative\seven\99b05bcf_nohash_0.wav,0.000723
C:\Users\miker\wake_word_project\data\negative\right\e6be0830_nohash_3.wav,0.000502
C:\Users\miker\wake_word_project\data\negative\four\29fb33da_nohash_2.wav,0.001017
C:\Users\miker\wake_word_project\data\negative\yes\f9643d42_nohash_3.wav,0.001617
C:\Users\miker\wake_word_project\data\negative\nine\6c0f6493_nohash_3.wav,0.003158
C:\Users\miker\wake_word_project\data\negative\nine\7e7ca854_nohash_2.wav,0.002123
C:\Users\miker\wake_word_project\data\negative\visual\cc8b3228_nohash_1.wav,0.002324
C:\Users\miker\wake_word_project\data\negative\three\f816db77_nohash_1.wav,0.000169
C:\Users\miker\wake_word_project\data\negative\five\6ef407da_nohash_4.wav,0.027245
C:\Users\miker\wake_word_project\data\negative\go\a6f2fd71_nohash_1.wav,0.001565
C:\Users\miker\wake_word_project\data\negative\down\eb609143_nohash_2.wav,0.000173
C:\Users\miker\wake_word_project\data\negative\five\64e48f55_nohash_0.wav,0.002787
C:\Users\miker\wake_word_project\data\negative\happy\8ec6dab6_nohash_0.wav,0.001601
C:\Users\miker\wake_word_project\data\negative\four\4874a7e9_nohash_0.wav,0.000101
C:\Users\miker\wake_word_project\data\negative\follow\b4ea0d9a_nohash_5.wav,0.000740
C:\Users\miker\wake_word_project\data\negative\stop\7cf14c54_nohash_3.wav,0.002059
C:\Users\miker\wake_word_project\data\negative\five\9ce7a419_nohash_0.wav,0.000316
C:\Users\miker\wake_word_project\data\negative\yes\742d6431_nohash_3.wav,0.002664
C:\Users\miker\wake_word_project\data\negative\yes\6ace4fe1_nohash_1.wav,0.004375
C:\Users\miker\wake_word_project\data\negative\tree\afabfa0e_nohash_0.wav,0.026850
C:\Users\miker\wake_word_project\data\negative\dog\fbf3dd31_nohash_0.wav,0.001584
C:\Users\miker\wake_word_project\data\negative\follow\fbb2f6cc_nohash_1.wav,0.002856
C:\Users\miker\wake_word_project\data\negative\yes\de040337_nohash_1.wav,0.003005
C:\Users\miker\wake_word_project\data\negative\three\5d0ab165_nohash_0.wav,0.000668
C:\Users\miker\wake_word_project\data\negative\right\5db0e146_nohash_0.wav,0.006867
C:\Users\miker\wake_word_project\data\negative\one\51f4d5b0_nohash_0.wav,0.000526
C:\Users\miker\wake_word_project\data\negative\yes\43691f67_nohash_0.wav,0.000479
C:\Users\miker\wake_word_project\data\negative\six\2a1f4853_nohash_3.wav,0.003116
C:\Users\miker\wake_word_project\data\negative\yes\7213ed54_nohash_3.wav,0.004367
C:\Users\miker\wake_word_project\data\negative\six\b7a0754f_nohash_0.wav,0.003306
C:\Users\miker\wake_word_project\data\negative\on\cd7f8c1b_nohash_4.wav,0.001104
C:\Users\miker\wake_word_project\data\negative\two\bab36420_nohash_2.wav,0.001037
C:\Users\miker\wake_word_project\data\negative\six\312d6d81_nohash_0.wav,0.000587
C:\Users\miker\wake_word_project\data\negative\three\e3e0f145_nohash_3.wav,0.000535
C:\Users\miker\wake_word_project\data\negative\three\a1e71565_nohash_3.wav,0.004587
C:\Users\miker\wake_word_project\data\negative\three\3a53b856_nohash_0.wav,0.003278
C:\Users\miker\wake_word_project\data\negative\marvin\2d82a556_nohash_1.wav,0.000502
C:\Users\miker\wake_word_project\data\negative\three\54ad8f22_nohash_0.wav,0.001536
C:\Users\miker\wake_word_project\data\negative\left\da5dadb9_nohash_0.wav,0.009435
C:\Users\miker\wake_word_project\data\negative\five\8c780627_nohash_0.wav,0.000320
C:\Users\miker\wake_word_project\data\negative\on\821b64cc_nohash_4.wav,0.001841
C:\Users\miker\wake_word_project\data\negative\dog\92e17cc4_nohash_0.wav,0.001178
C:\Users\miker\wake_word_project\data\negative\one\81dc4a94_nohash_0.wav,0.000633
C:\Users\miker\wake_word_project\data\negative\on\9886d8bf_nohash_1.wav,0.001703
C:\Users\miker\wake_word_project\data\negative\three\7ea032f3_nohash_4.wav,0.000592
C:\Users\miker\wake_word_project\data\negative\left\62f05757_nohash_4.wav,0.007744
C:\Users\miker\wake_word_project\data\negative\zero\a60a09cf_nohash_2.wav,0.002036
C:\Users\miker\wake_word_project\data\negative\house\b0bad4a9_nohash_3.wav,0.001902
C:\Users\miker\wake_word_project\data\negative\stop\1b835b87_nohash_1.wav,0.000802
C:\Users\miker\wake_word_project\data\negative\cat\ce49cb60_nohash_0.wav,0.000885
C:\Users\miker\wake_word_project\data\negative\nine\8536c82d_nohash_0.wav,0.000078
C:\Users\miker\wake_word_project\data\negative\right\ccea893d_nohash_0.wav,0.001428
C:\Users\miker\wake_word_project\data\negative\dog\ec74a8a5_nohash_0.wav,0.000504
C:\Users\miker\wake_word_project\data\negative\left\ab7b5acd_nohash_0.wav,0.001176
C:\Users\miker\wake_word_project\data\negative\one\3c257192_nohash_1.wav,0.002974
C:\Users\miker\wake_word_project\data\negative\on\ea0cf37f_nohash_2.wav,0.000207
C:\Users\miker\wake_word_project\data\negative\bird\9fa86a74_nohash_1.wav,0.000166
C:\Users\miker\wake_word_project\data\negative\cat\da2c5f1b_nohash_0.wav,0.000038
C:\Users\miker\wake_word_project\data\negative\no\1626bc5a_nohash_1.wav,0.000595
C:\Users\miker\wake_word_project\data\negative\learn\a77fbcfd_nohash_2.wav,0.000738
C:\Users\miker\wake_word_project\data\negative\down\0c540988_nohash_0.wav,0.000260
C:\Users\miker\wake_word_project\data\negative\three\f1b35ace_nohash_1.wav,0.012730
C:\Users\miker\wake_word_project\data\negative\down\856eb138_nohash_4.wav,0.001425
C:\Users\miker\wake_word_project\data\negative\stop\e9bc5cc2_nohash_3.wav,0.002497
C:\Users\miker\wake_word_project\data\negative\stop\31f01a8d_nohash_1.wav,0.001064
C:\Users\miker\wake_word_project\data\negative\right\cc4f9250_nohash_1.wav,0.000760
C:\Users\miker\wake_word_project\data\negative\no\9e2ce5e3_nohash_2.wav,0.000929
C:\Users\miker\wake_word_project\data\negative\one\446a3161_nohash_0.wav,0.000963
C:\Users\miker\wake_word_project\data\negative\six\bdee441c_nohash_3.wav,0.003800
C:\Users\miker\wake_word_project\data\negative\sheila\af405b69_nohash_0.wav,0.005697
C:\Users\miker\wake_word_project\data\negative\zero\7f74626f_nohash_1.wav,0.005504
C:\Users\miker\wake_word_project\data\negative\wow\8c3c4715_nohash_0.wav,0.004591
C:\Users\miker\wake_word_project\data\negative\bird\d1d3e64d_nohash_0.wav,0.000782
C:\Users\miker\wake_word_project\data\negative\on\d6b155a5_nohash_0.wav,0.001608
C:\Users\miker\wake_word_project\data\negative\six\7213ed54_nohash_0.wav,0.008041
C:\Users\miker\wake_word_project\data\negative\tree\66774579_nohash_0.wav,0.011122
C:\Users\miker\wake_word_project\data\negative\forward\f035e2ea_nohash_1.wav,0.001154
C:\Users\miker\wake_word_project\data\negative\marvin\14c7b073_nohash_0.wav,0.000331
C:\Users\miker\wake_word_project\data\negative\stop\94403ad3_nohash_0.wav,0.001987
C:\Users\miker\wake_word_project\data\negative\one\bbbf4fbd_nohash_1.wav,0.000849
C:\Users\miker\wake_word_project\data\negative\right\9ff1b8b6_nohash_0.wav,0.003588
C:\Users\miker\wake_word_project\data\negative\five\8a5acefd_nohash_1.wav,0.002106
C:\Users\miker\wake_word_project\data\negative\dog\283d7a53_nohash_0.wav,0.000538
C:\Users\miker\wake_word_project\data\negative\on\ddedba85_nohash_0.wav,0.000140
C:\Users\miker\wake_word_project\data\negative\down\f0659908_nohash_4.wav,0.000369
C:\Users\miker\wake_word_project\data\negative\nine\3983ba0d_nohash_0.wav,0.001186
C:\Users\miker\wake_word_project\data\negative\up\e12c25b5_nohash_0.wav,0.000394
C:\Users\miker\wake_word_project\data\negative\down\4c6167ca_nohash_4.wav,0.001513
C:\Users\miker\wake_word_project\data\negative\right\b87bdb22_nohash_3.wav,0.000946
C:\Users\miker\wake_word_project\data\negative\three\fc3ba625_nohash_2.wav,0.000863
C:\Users\miker\wake_word_project\data\negative\follow\a2cc5444_nohash_2.wav,0.001139
C:\Users\miker\wake_word_project\data\negative\bird\b69002d4_nohash_0.wav,0.001478
C:\Users\miker\wake_word_project\data\negative\happy\08ab8082_nohash_1.wav,0.006540
C:\Users\miker\wake_word_project\data\negative\up\a996cf66_nohash_0.wav,0.000167
C:\Users\miker\wake_word_project\data\negative\on\7f9eb952_nohash_1.wav,0.002317
C:\Users\miker\wake_word_project\data\negative\seven\5f9cd2eb_nohash_4.wav,0.000551
C:\Users\miker\wake_word_project\data\negative\seven\53fd1780_nohash_1.wav,0.002073
C:\Users\miker\wake_word_project\data\negative\stop\bbd0bbd0_nohash_1.wav,0.001967
C:\Users\miker\wake_word_project\data\negative\five\c9b653a0_nohash_2.wav,0.010694
C:\Users\miker\wake_word_project\data\negative\nine\ea7ca285_nohash_1.wav,0.001525
C:\Users\miker\wake_word_project\data\negative\no\35be2cc3_nohash_0.wav,0.000149
C:\Users\miker\wake_word_project\data\negative\learn\460209ac_nohash_3.wav,0.000134
C:\Users\miker\wake_word_project\data\negative\no\b5cf6ea8_nohash_6.wav,0.002443
C:\Users\miker\wake_word_project\data\negative\off\6ace4fe1_nohash_3.wav,0.000915
C:\Users\miker\wake_word_project\data\negative\yes\ec21c46b_nohash_0.wav,0.002345
C:\Users\miker\wake_word_project\data\negative\nine\11099149_nohash_0.wav,0.000436
C:\Users\miker\wake_word_project\data\negative\two\aac5b7c1_nohash_0.wav,0.002192
C:\Users\miker\wake_word_project\data\negative\stop\528f9242_nohash_0.wav,0.000798
C:\Users\miker\wake_word_project\data\negative\cat\92e17cc4_nohash_0.wav,0.002430
C:\Users\miker\wake_word_project\data\negative\zero\65d14087_nohash_0.wav,0.003692
C:\Users\miker\wake_word_project\data\negative\three\794cdfc5_nohash_1.wav,0.000750
C:\Users\miker\wake_word_project\data\negative\tree\15f04ff8_nohash_1.wav,0.003238
C:\Users\miker\wake_word_project\data\negative\marvin\e39a8ddc_nohash_0.wav,0.000084
C:\Users\miker\wake_word_project\data\negative\dog\6bd4554d_nohash_0.wav,0.003590
C:\Users\miker\wake_word_project\data\negative\marvin\96c66ab7_nohash_0.wav,0.011110
C:\Users\miker\wake_word_project\data\negative\down\a9f38bae_nohash_0.wav,0.001331
C:\Users\miker\wake_word_project\data\negative\sheila\efab2cbd_nohash_1.wav,0.000279
C:\Users\miker\wake_word_project\data\negative\two\a6285644_nohash_0.wav,0.001632
C:\Users\miker\wake_word_project\data\negative\no\af7a8296_nohash_1.wav,0.000713
C:\Users\miker\wake_word_project\data\negative\learn\617aeb6c_nohash_4.wav,0.001048
C:\Users\miker\wake_word_project\data\negative\happy\50033893_nohash_0.wav,0.002027
C:\Users\miker\wake_word_project\data\negative\visual\7fb8d703_nohash_1.wav,0.010147
C:\Users\miker\wake_word_project\data\negative\tree\c5570933_nohash_1.wav,0.002505
C:\Users\miker\wake_word_project\data\negative\stop\7fa5fa1f_nohash_0.wav,0.001776
C:\Users\miker\wake_word_project\data\negative\five\879a2b38_nohash_0.wav,0.001140
C:\Users\miker\wake_word_project\data\negative\marvin\cdee383b_nohash_0.wav,0.007111
C:\Users\miker\wake_word_project\data\negative\down\32ad5b65_nohash_0.wav,0.000617
C:\Users\miker\wake_word_project\data\negative\six\ce0cb033_nohash_4.wav,0.015559
C:\Users\miker\wake_word_project\data\negative\two\21832144_nohash_4.wav,0.016357
C:\Users\miker\wake_word_project\data\negative\five\3ae5c04f_nohash_2.wav,0.002700
C:\Users\miker\wake_word_project\data\negative\nine\708b8d51_nohash_0.wav,0.003828
C:\Users\miker\wake_word_project\data\negative\left\a9f54d8d_nohash_0.wav,0.000420
C:\Users\miker\wake_word_project\data\negative\up\5170b77f_nohash_1.wav,0.015329
C:\Users\miker\wake_word_project\data\negative\two\15c563d7_nohash_2.wav,0.004668
C:\Users\miker\wake_word_project\data\negative\no\d7ca14ef_nohash_0.wav,0.002579
C:\Users\miker\wake_word_project\data\negative\eight\ce0cb033_nohash_1.wav,0.004573
C:\Users\miker\wake_word_project\data\negative\up\b4aa9fef_nohash_1.wav,0.003123
C:\Users\miker\wake_word_project\data\negative\down\50ed8a7b_nohash_0.wav,0.001592
C:\Users\miker\wake_word_project\data\negative\left\a2cc5444_nohash_2.wav,0.011652
C:\Users\miker\wake_word_project\data\negative\no\5769c5ab_nohash_3.wav,0.000488
C:\Users\miker\wake_word_project\data\negative\three\e900b652_nohash_0.wav,0.001936
C:\Users\miker\wake_word_project\data\negative\zero\7dc95912_nohash_1.wav,0.000573
C:\Users\miker\wake_word_project\data\negative\marvin\82e7204d_nohash_1.wav,0.000892
C:\Users\miker\wake_word_project\data\negative\eight\c71e3acc_nohash_3.wav,0.001350
C:\Users\miker\wake_word_project\data\negative\two\5bf1f1cb_nohash_1.wav,0.025361
C:\Users\miker\wake_word_project\data\negative\up\7c83c5f6_nohash_2.wav,0.004495
C:\Users\miker\wake_word_project\data\negative\wow\893705bb_nohash_0.wav,0.000262
C:\Users\miker\wake_word_project\data\negative\two\dbaf8fc6_nohash_1.wav,0.005381
C:\Users\miker\wake_word_project\data\negative\seven\7213ed54_nohash_4.wav,0.000886
C:\Users\miker\wake_word_project\data\negative\down\a1dd919f_nohash_0.wav,0.001437
C:\Users\miker\wake_word_project\data\negative\three\fb9d6d23_nohash_1.wav,0.002218
C:\Users\miker\wake_word_project\data\negative\two\5f8097e1_nohash_0.wav,0.001573
C:\Users\miker\wake_word_project\data\negative\off\f0ebef1b_nohash_0.wav,0.001948
C:\Users\miker\wake_word_project\data\negative\right\d9aa8c90_nohash_3.wav,0.003053
C:\Users\miker\wake_word_project\data\negative\nine\d7467392_nohash_0.wav,0.001379
C:\Users\miker\wake_word_project\data\negative\bed\61d3e51e_nohash_0.wav,0.000070
C:\Users\miker\wake_word_project\data\negative\nine\ddedba85_nohash_4.wav,0.000394
C:\Users\miker\wake_word_project\data\negative\left\9d8ac38b_nohash_1.wav,0.000963
C:\Users\miker\wake_word_project\data\negative\forward\3bb68054_nohash_0.wav,0.015818
C:\Users\miker\wake_word_project\data\negative\four\e0c782d5_nohash_1.wav,0.000152
C:\Users\miker\wake_word_project\data\negative\nine\2a1f4853_nohash_3.wav,0.001401
C:\Users\miker\wake_word_project\data\negative\yes\ab9b93e4_nohash_0.wav,0.005721
C:\Users\miker\wake_word_project\data\negative\right\151bfb79_nohash_0.wav,0.000454
C:\Users\miker\wake_word_project\data\negative\four\1ba20be2_nohash_1.wav,0.001848
C:\Users\miker\wake_word_project\data\negative\go\4a294341_nohash_0.wav,0.004452
C:\Users\miker\wake_word_project\data\negative\five\1c6e5447_nohash_1.wav,0.000801
C:\Users\miker\wake_word_project\data\negative\five\ae04cdbe_nohash_0.wav,0.000107
C:\Users\miker\wake_word_project\data\negative\down\10467b06_nohash_0.wav,0.000745
C:\Users\miker\wake_word_project\data\negative\left\27b03931_nohash_0.wav,0.000679
C:\Users\miker\wake_word_project\data\negative\zero\5f47fdf9_nohash_1.wav,0.004273
C:\Users\miker\wake_word_project\data\negative\down\db72a474_nohash_0.wav,0.000938
C:\Users\miker\wake_word_project\data\negative\right\cfbedff9_nohash_3.wav,0.013963
C:\Users\miker\wake_word_project\data\negative\yes\cd671b5f_nohash_3.wav,0.000432
C:\Users\miker\wake_word_project\data\negative\seven\e0315cf6_nohash_3.wav,0.003660
C:\Users\miker\wake_word_project\data\negative\wow\881583a6_nohash_1.wav,0.000476
C:\Users\miker\wake_word_project\data\negative\seven\72e382bd_nohash_3.wav,0.001844
C:\Users\miker\wake_word_project\data\negative\bird\a24cf51c_nohash_1.wav,0.000582
C:\Users\miker\wake_word_project\data\negative\two\1473be6a_nohash_0.wav,0.000898
C:\Users\miker\wake_word_project\data\negative\nine\023808be_nohash_0.wav,0.004656
C:\Users\miker\wake_word_project\data\negative\yes\ace072ba_nohash_3.wav,0.002740
C:\Users\miker\wake_word_project\data\negative\three\0137b3f4_nohash_1.wav,0.001658
C:\Users\miker\wake_word_project\data\negative\eight\e41a903b_nohash_0.wav,0.000409
C:\Users\miker\wake_word_project\data\negative\stop\4c6944d6_nohash_6.wav,0.000479
C:\Users\miker\wake_word_project\data\negative\no\578d3efb_nohash_4.wav,0.000377
C:\Users\miker\wake_word_project\data\negative\five\a902ce9b_nohash_0.wav,0.000709
C:\Users\miker\wake_word_project\data\negative\five\e882abb2_nohash_1.wav,0.005428
C:\Users\miker\wake_word_project\data\negative\forward\4c6167ca_nohash_2.wav,0.000681
C:\Users\miker\wake_word_project\data\negative\up\211b928a_nohash_3.wav,0.001001
C:\Users\miker\wake_word_project\data\negative\yes\ceaadb24_nohash_1.wav,0.003856
C:\Users\miker\wake_word_project\data\negative\three\3bb68054_nohash_0.wav,0.000402
C:\Users\miker\wake_word_project\data\negative\follow\06f6c194_nohash_3.wav,0.015169
C:\Users\miker\wake_word_project\data\negative\visual\42c467d0_nohash_0.wav,0.000464
C:\Users\miker\wake_word_project\data\negative\on\6c9a1ac2_nohash_2.wav,0.000990
C:\Users\miker\wake_word_project\data\negative\bird\fce65496_nohash_0.wav,0.000331
C:\Users\miker\wake_word_project\data\negative\off\7ff085e1_nohash_0.wav,0.001740
C:\Users\miker\wake_word_project\data\negative\nine\ee1d8d49_nohash_0.wav,0.000083
C:\Users\miker\wake_word_project\data\negative\two\94de6a6a_nohash_2.wav,0.001892
C:\Users\miker\wake_word_project\data\negative\visual\256c0a05_nohash_2.wav,0.005774
C:\Users\miker\wake_word_project\data\negative\go\b1114e4f_nohash_1.wav,0.000471
C:\Users\miker\wake_word_project\data\negative\on\ab5b211a_nohash_1.wav,0.000285
C:\Users\miker\wake_word_project\data\negative\stop\c24d96eb_nohash_0.wav,0.003540
C:\Users\miker\wake_word_project\data\negative\learn\72e382bd_nohash_0.wav,0.000476
C:\Users\miker\wake_word_project\data\negative\yes\33246bc2_nohash_0.wav,0.004991
C:\Users\miker\wake_word_project\data\negative\yes\15c563d7_nohash_1.wav,0.005843
C:\Users\miker\wake_word_project\data\negative\zero\364f979f_nohash_0.wav,0.003710
C:\Users\miker\wake_word_project\data\negative\on\cd85758f_nohash_2.wav,0.007702
C:\Users\miker\wake_word_project\data\negative\go\9151f184_nohash_2.wav,0.000242
C:\Users\miker\wake_word_project\data\negative\seven\b4ea0d9a_nohash_4.wav,0.000659
C:\Users\miker\wake_word_project\data\negative\go\bd76a7fd_nohash_2.wav,0.002377
C:\Users\miker\wake_word_project\data\negative\left\a1dd919f_nohash_0.wav,0.002019
C:\Users\miker\wake_word_project\data\negative\zero\3b195250_nohash_2.wav,0.008456
C:\Users\miker\wake_word_project\data\negative\one\8281a2a8_nohash_0.wav,0.002330
C:\Users\miker\wake_word_project\data\negative\four\2aec99ec_nohash_0.wav,0.002264
C:\Users\miker\wake_word_project\data\negative\no\0d85a428_nohash_1.wav,0.001439
C:\Users\miker\wake_word_project\data\negative\two\a591c2ea_nohash_0.wav,0.000260
C:\Users\miker\wake_word_project\data\negative\six\656e8bb3_nohash_0.wav,0.005114
C:\Users\miker\wake_word_project\data\negative\on\88e90bc1_nohash_1.wav,0.000277
C:\Users\miker\wake_word_project\data\negative\one\3bfd30e6_nohash_0.wav,0.013746
C:\Users\miker\wake_word_project\data\negative\yes\c392e01d_nohash_2.wav,0.004726
C:\Users\miker\wake_word_project\data\negative\learn\30060aba_nohash_0.wav,0.000242
C:\Users\miker\wake_word_project\data\negative\zero\0ba018fc_nohash_4.wav,0.007421
C:\Users\miker\wake_word_project\data\negative\no\87070229_nohash_1.wav,0.002121
C:\Users\miker\wake_word_project\data\negative\right\ace072ba_nohash_0.wav,0.000489
C:\Users\miker\wake_word_project\data\negative\seven\7e7ca854_nohash_2.wav,0.000778
C:\Users\miker\wake_word_project\data\negative\off\c50225fa_nohash_2.wav,0.000235
C:\Users\miker\wake_word_project\data\negative\five\e6e29c47_nohash_0.wav,0.000076
C:\Users\miker\wake_word_project\data\negative\four\605ed0ff_nohash_0.wav,0.000327
C:\Users\miker\wake_word_project\data\negative\zero\c98bbbd3_nohash_0.wav,0.004094
C:\Users\miker\wake_word_project\data\negative\stop\8f3f252c_nohash_0.wav,0.000656
C:\Users\miker\wake_word_project\data\negative\five\235b444f_nohash_4.wav,0.000811
C:\Users\miker\wake_word_project\data\negative\happy\30802c5d_nohash_0.wav,0.002125
C:\Users\miker\wake_word_project\data\negative\cat\8ed25ef8_nohash_0.wav,0.000497
C:\Users\miker\wake_word_project\data\negative\three\d0858dce_nohash_0.wav,0.001237
C:\Users\miker\wake_word_project\data\negative\one\e11fbc6e_nohash_4.wav,0.000698
C:\Users\miker\wake_word_project\data\negative\no\27c30960_nohash_1.wav,0.000093
C:\Users\miker\wake_word_project\data\negative\sheila\b17f5ba0_nohash_1.wav,0.021212
C:\Users\miker\wake_word_project\data\negative\up\c7aa72e6_nohash_2.wav,0.000343
C:\Users\miker\wake_word_project\data\negative\seven\1b18600d_nohash_2.wav,0.000313
C:\Users\miker\wake_word_project\data\negative\eight\af790082_nohash_4.wav,0.000994
C:\Users\miker\wake_word_project\data\negative\learn\779de043_nohash_0.wav,0.002175
C:\Users\miker\wake_word_project\data\negative\down\471a0925_nohash_2.wav,0.001992
C:\Users\miker\wake_word_project\data\negative\yes\9151f184_nohash_4.wav,0.010827
C:\Users\miker\wake_word_project\data\negative\five\d78858d9_nohash_1.wav,0.000414
C:\Users\miker\wake_word_project\data\negative\house\95299b6c_nohash_0.wav,0.003861
C:\Users\miker\wake_word_project\data\negative\on\d1a17cbe_nohash_2.wav,0.003004
C:\Users\miker\wake_word_project\data\negative\seven\02ade946_nohash_2.wav,0.007823
C:\Users\miker\wake_word_project\data\negative\on\6aafb34f_nohash_1.wav,0.000493
C:\Users\miker\wake_word_project\data\negative\down\92a9c5e6_nohash_1.wav,0.004415
C:\Users\miker\wake_word_project\data\negative\go\256c0a05_nohash_4.wav,0.000087
C:\Users\miker\wake_word_project\data\negative\on\e2b7d6d6_nohash_1.wav,0.000030
C:\Users\miker\wake_word_project\data\negative\nine\6e8b9b7b_nohash_1.wav,0.005301
C:\Users\miker\wake_word_project\data\negative\bed\e9b61425_nohash_3.wav,0.000088
C:\Users\miker\wake_word_project\data\negative\off\a6285644_nohash_0.wav,0.000534
C:\Users\miker\wake_word_project\data\negative\cat\a2473d62_nohash_0.wav,0.000048
C:\Users\miker\wake_word_project\data\negative\no\fe5c4a7a_nohash_1.wav,0.000914
C:\Users\miker\wake_word_project\data\negative\right\a5527c48_nohash_0.wav,0.007222
C:\Users\miker\wake_word_project\data\negative\no\3d53244b_nohash_4.wav,0.001070
C:\Users\miker\wake_word_project\data\negative\go\a16013b7_nohash_3.wav,0.000180
C:\Users\miker\wake_word_project\data\negative\no\ac9dee0e_nohash_0.wav,0.000257
C:\Users\miker\wake_word_project\data\negative\down\333784b7_nohash_3.wav,0.002020
C:\Users\miker\wake_word_project\data\negative\no\483e2a6f_nohash_0.wav,0.000324
C:\Users\miker\wake_word_project\data\negative\go\39a45230_nohash_0.wav,0.000082
C:\Users\miker\wake_word_project\data\negative\bird\0137b3f4_nohash_0.wav,0.002050
C:\Users\miker\wake_word_project\data\negative\left\f1d8a638_nohash_2.wav,0.009101
C:\Users\miker\wake_word_project\data\negative\down\cb72dfb6_nohash_1.wav,0.014096
C:\Users\miker\wake_word_project\data\negative\up\e5dadd24_nohash_1.wav,0.000210
C:\Users\miker\wake_word_project\data\negative\tree\43b85b64_nohash_0.wav,0.000408
C:\Users\miker\wake_word_project\data\negative\marvin\edc53350_nohash_0.wav,0.003621
C:\Users\miker\wake_word_project\data\negative\zero\7ab5b8f7_nohash_1.wav,0.012179
C:\Users\miker\wake_word_project\data\negative\five\61bcb275_nohash_0.wav,0.012274
C:\Users\miker\wake_word_project\data\negative\five\1c84a139_nohash_3.wav,0.001813
C:\Users\miker\wake_word_project\data\negative\bird\ab46af55_nohash_0.wav,0.000159
C:\Users\miker\wake_word_project\data\negative\learn\a489191a_nohash_3.wav,0.000341
C:\Users\miker\wake_word_project\data\negative\one\a1a59b72_nohash_0.wav,0.002563
C:\Users\miker\wake_word_project\data\negative\up\3bb68054_nohash_0.wav,0.000078
C:\Users\miker\wake_word_project\data\negative\five\264f471d_nohash_1.wav,0.002651
C:\Users\miker\wake_word_project\data\negative\yes\686d030b_nohash_2.wav,0.001545
C:\Users\miker\wake_word_project\data\negative\up\953fe1ad_nohash_0.wav,0.002787
C:\Users\miker\wake_word_project\data\negative\one\833d9f56_nohash_0.wav,0.002895
C:\Users\miker\wake_word_project\data\negative\on\cc6ee39b_nohash_2.wav,0.000883
C:\Users\miker\wake_word_project\data\negative\stop\ec201020_nohash_0.wav,0.009414
C:\Users\miker\wake_word_project\data\negative\backward\6969e51a_nohash_0.wav,0.001484
C:\Users\miker\wake_word_project\data\negative\down\211b928a_nohash_1.wav,0.001197
C:\Users\miker\wake_word_project\data\negative\bed\6af4aa07_nohash_0.wav,0.002082
C:\Users\miker\wake_word_project\data\negative\happy\8e080ece_nohash_0.wav,0.000227
C:\Users\miker\wake_word_project\data\negative\four\ee1d8d49_nohash_3.wav,0.001754
C:\Users\miker\wake_word_project\data\negative\five\80f056c0_nohash_0.wav,0.003879
C:\Users\miker\wake_word_project\data\negative\sheila\57cb3575_nohash_0.wav,0.012870
C:\Users\miker\wake_word_project\data\negative\visual\cb62dbf1_nohash_0.wav,0.002643
C:\Users\miker\wake_word_project\data\negative\stop\b5cf6ea8_nohash_0.wav,0.001265
C:\Users\miker\wake_word_project\data\negative\seven\80c45ed6_nohash_0.wav,0.002346
C:\Users\miker\wake_word_project\data\negative\off\f01a0d63_nohash_1.wav,0.000549
C:\Users\miker\wake_word_project\data\negative\eight\333784b7_nohash_3.wav,0.001447
C:\Users\miker\wake_word_project\data\negative\yes\f953e1af_nohash_1.wav,0.000173
C:\Users\miker\wake_word_project\data\negative\go\b29f8b23_nohash_1.wav,0.001682
C:\Users\miker\wake_word_project\data\negative\left\55463c16_nohash_0.wav,0.004547
C:\Users\miker\wake_word_project\data\negative\eight\96a48d28_nohash_4.wav,0.002231
C:\Users\miker\wake_word_project\data\negative\cat\40c4e774_nohash_0.wav,0.000101
C:\Users\miker\wake_word_project\data\negative\go\b737ee80_nohash_0.wav,0.000260
C:\Users\miker\wake_word_project\data\negative\off\ccea893d_nohash_0.wav,0.003001
C:\Users\miker\wake_word_project\data\negative\zero\91bed2e0_nohash_0.wav,0.001119
C:\Users\miker\wake_word_project\data\negative\three\2bd2cad5_nohash_0.wav,0.003761
C:\Users\miker\wake_word_project\data\negative\one\19414a96_nohash_0.wav,0.000134
C:\Users\miker\wake_word_project\data\negative\dog\3847619e_nohash_0.wav,0.006857
C:\Users\miker\wake_word_project\data\negative\eight\31f01a8d_nohash_1.wav,0.009561
C:\Users\miker\wake_word_project\data\negative\right\91b03183_nohash_1.wav,0.005229
C:\Users\miker\wake_word_project\data\negative\stop\479e64cc_nohash_1.wav,0.002103
C:\Users\miker\wake_word_project\data\negative\seven\c22ebf46_nohash_2.wav,0.005081
C:\Users\miker\wake_word_project\data\negative\bed\42c6fff1_nohash_0.wav,0.000635
C:\Users\miker\wake_word_project\data\negative\three\837a0f64_nohash_2.wav,0.000725
C:\Users\miker\wake_word_project\data\negative\seven\17c94b23_nohash_1.wav,0.007405
C:\Users\miker\wake_word_project\data\negative\six\92521ccc_nohash_1.wav,0.007623
C:\Users\miker\wake_word_project\data\negative\go\d0426d63_nohash_0.wav,0.000674
C:\Users\miker\wake_word_project\data\negative\visual\0f7266cf_nohash_1.wav,0.001753
C:\Users\miker\wake_word_project\data\negative\five\4d9e07cf_nohash_0.wav,0.000047
C:\Users\miker\wake_word_project\data\negative\learn\fb7eb481_nohash_1.wav,0.000288
C:\Users\miker\wake_word_project\data\negative\on\25040e85_nohash_0.wav,0.000762
C:\Users\miker\wake_word_project\data\negative\backward\1ed0b13d_nohash_2.wav,0.001006
C:\Users\miker\wake_word_project\data\negative\stop\e7ea8b76_nohash_4.wav,0.000698
C:\Users\miker\wake_word_project\data\negative\nine\8c888bbb_nohash_0.wav,0.015808
C:\Users\miker\wake_word_project\data\negative\go\c68cf200_nohash_0.wav,0.000606
C:\Users\miker\wake_word_project\data\negative\six\686d030b_nohash_1.wav,0.000990
C:\Users\miker\wake_word_project\data\negative\off\b4ea0d9a_nohash_3.wav,0.004317
C:\Users\miker\wake_word_project\data\negative\forward\db24628d_nohash_0.wav,0.051831
C:\Users\miker\wake_word_project\data\negative\two\28460a60_nohash_0.wav,0.006813
C:\Users\miker\wake_word_project\data\negative\two\499be02e_nohash_0.wav,0.000754
C:\Users\miker\wake_word_project\data\negative\seven\5af0ca83_nohash_2.wav,0.005936
C:\Users\miker\wake_word_project\data\negative\nine\cc3b5b62_nohash_0.wav,0.004569
C:\Users\miker\wake_word_project\data\negative\dog\88053e92_nohash_0.wav,0.001436
C:\Users\miker\wake_word_project\data\negative\seven\6fb3d5a7_nohash_1.wav,0.003406
C:\Users\miker\wake_word_project\data\negative\sheila\093f65a1_nohash_0.wav,0.001346
C:\Users\miker\wake_word_project\data\negative\right\cce7416f_nohash_9.wav,0.006024
C:\Users\miker\wake_word_project\data\negative\zero\4d763ca4_nohash_1.wav,0.019081
C:\Users\miker\wake_word_project\data\negative\right\ceef6d96_nohash_2.wav,0.003475
C:\Users\miker\wake_word_project\data\negative\sheila\acfd3bc3_nohash_1.wav,0.022612
C:\Users\miker\wake_word_project\data\negative\bed\8442ea62_nohash_0.wav,0.001006
C:\Users\miker\wake_word_project\data\negative\no\caa4779f_nohash_1.wav,0.000686
C:\Users\miker\wake_word_project\data\negative\one\8aa35b0c_nohash_0.wav,0.008534
C:\Users\miker\wake_word_project\data\negative\bird\fac74f6a_nohash_0.wav,0.000413
C:\Users\miker\wake_word_project\data\negative\three\a6f2fd71_nohash_1.wav,0.000881
C:\Users\miker\wake_word_project\data\negative\no\b21f0fa4_nohash_1.wav,0.007925
C:\Users\miker\wake_word_project\data\negative\no\39dce8cc_nohash_0.wav,0.000128
C:\Users\miker\wake_word_project\data\negative\happy\69086eb0_nohash_1.wav,0.003572
C:\Users\miker\wake_word_project\data\negative\yes\0b56bcfe_nohash_0.wav,0.006896
C:\Users\miker\wake_word_project\data\negative\bed\3ed3e49a_nohash_3.wav,0.000838
C:\Users\miker\wake_word_project\data\negative\nine\b1f8326d_nohash_3.wav,0.000231
C:\Users\miker\wake_word_project\data\negative\zero\617aeb6c_nohash_1.wav,0.001666
C:\Users\miker\wake_word_project\data\negative\dog\86f12ac0_nohash_1.wav,0.013765
C:\Users\miker\wake_word_project\data\negative\nine\43b85b64_nohash_0.wav,0.000065
C:\Users\miker\wake_word_project\data\negative\go\cb2929ce_nohash_2.wav,0.007185
C:\Users\miker\wake_word_project\data\negative\wow\30137d34_nohash_1.wav,0.000535
C:\Users\miker\wake_word_project\data\negative\tree\cf68fad2_nohash_0.wav,0.000119
C:\Users\miker\wake_word_project\data\negative\three\5fadb538_nohash_1.wav,0.000414
C:\Users\miker\wake_word_project\data\negative\down\f250345e_nohash_0.wav,0.003334
C:\Users\miker\wake_word_project\data\negative\yes\d278d8ef_nohash_1.wav,0.005405
C:\Users\miker\wake_word_project\data\negative\six\ca4912b6_nohash_1.wav,0.017368
C:\Users\miker\wake_word_project\data\negative\wow\541120c7_nohash_1.wav,0.004073
C:\Users\miker\wake_word_project\data\negative\yes\57152045_nohash_5.wav,0.005247
C:\Users\miker\wake_word_project\data\negative\marvin\c205e625_nohash_1.wav,0.001146
C:\Users\miker\wake_word_project\data\negative\eight\f798ac78_nohash_1.wav,0.003541
C:\Users\miker\wake_word_project\data\negative\cat\0ac15fe9_nohash_0.wav,0.000630
C:\Users\miker\wake_word_project\data\negative\nine\87c62767_nohash_1.wav,0.002250
C:\Users\miker\wake_word_project\data\negative\sheila\28497c5b_nohash_0.wav,0.001160
C:\Users\miker\wake_word_project\data\negative\nine\131e738d_nohash_2.wav,0.002886
C:\Users\miker\wake_word_project\data\negative\three\e11fbc6e_nohash_1.wav,0.001728
C:\Users\miker\wake_word_project\data\negative\follow\d264f7b6_nohash_3.wav,0.001264
C:\Users\miker\wake_word_project\data\negative\zero\1474273a_nohash_0.wav,0.004428
C:\Users\miker\wake_word_project\data\negative\two\d57febf0_nohash_0.wav,0.000414
C:\Users\miker\wake_word_project\data\negative\one\5a5721f8_nohash_1.wav,0.000962
C:\Users\miker\wake_word_project\data\negative\up\363c6bad_nohash_0.wav,0.000221
C:\Users\miker\wake_word_project\data\negative\one\ced4e2a1_nohash_0.wav,0.000677
C:\Users\miker\wake_word_project\data\negative\three\8134f43f_nohash_4.wav,0.020938
C:\Users\miker\wake_word_project\data\negative\forward\6969e51a_nohash_1.wav,0.000434
C:\Users\miker\wake_word_project\data\negative\five\050170cb_nohash_4.wav,0.019412
C:\Users\miker\wake_word_project\data\negative\dog\3c257192_nohash_0.wav,0.000955
C:\Users\miker\wake_word_project\data\negative\up\f0ae7203_nohash_1.wav,0.000386
C:\Users\miker\wake_word_project\data\negative\yes\f953e1af_nohash_3.wav,0.000946
C:\Users\miker\wake_word_project\data\negative\one\1cec8d71_nohash_0.wav,0.000203
C:\Users\miker\wake_word_project\data\negative\bird\954f190f_nohash_0.wav,0.201382
C:\Users\miker\wake_word_project\data\negative\left\1365dd89_nohash_0.wav,0.000616
C:\Users\miker\wake_word_project\data\negative\four\6ef76186_nohash_1.wav,0.000703
C:\Users\miker\wake_word_project\data\negative\bird\ff4ed4f3_nohash_0.wav,0.001182
C:\Users\miker\wake_word_project\data\negative\zero\76b58705_nohash_0.wav,0.005355
C:\Users\miker\wake_word_project\data\negative\four\5f01c798_nohash_0.wav,0.000223
C:\Users\miker\wake_word_project\data\negative\bird\e14d3db8_nohash_1.wav,0.001022
C:\Users\miker\wake_word_project\data\negative\left\d4082f3e_nohash_0.wav,0.002314
C:\Users\miker\wake_word_project\data\negative\left\a8cf01bc_nohash_1.wav,0.000738
C:\Users\miker\wake_word_project\data\negative\seven\17cc40ee_nohash_0.wav,0.003034
C:\Users\miker\wake_word_project\data\negative\off\106a6183_nohash_2.wav,0.001066
C:\Users\miker\wake_word_project\data\negative\seven\fb7c9b3b_nohash_1.wav,0.002267
C:\Users\miker\wake_word_project\data\negative\one\ab46af55_nohash_2.wav,0.000410
C:\Users\miker\wake_word_project\data\negative\happy\63f042c6_nohash_0.wav,0.000109
C:\Users\miker\wake_word_project\data\negative\bird\8ca3b1db_nohash_0.wav,0.000291
C:\Users\miker\wake_word_project\data\negative\yes\3ae5c04f_nohash_0.wav,0.002843
C:\Users\miker\wake_word_project\data\negative\tree\0bd689d7_nohash_1.wav,0.003343
C:\Users\miker\wake_word_project\data\negative\four\1496195a_nohash_0.wav,0.001528
C:\Users\miker\wake_word_project\data\negative\learn\93cf902e_nohash_0.wav,0.000534
C:\Users\miker\wake_word_project\data\negative\nine\b0f5b16d_nohash_0.wav,0.000443
C:\Users\miker\wake_word_project\data\negative\zero\1ffd513b_nohash_1.wav,0.013903
C:\Users\miker\wake_word_project\data\negative\cat\41dce6f5_nohash_0.wav,0.000215
C:\Users\miker\wake_word_project\data\negative\tree\b3bdded5_nohash_0.wav,0.001865
C:\Users\miker\wake_word_project\data\negative\marvin\ba676390_nohash_2.wav,0.006776
C:\Users\miker\wake_word_project\data\negative\house\9bea2ac7_nohash_1.wav,0.001388
C:\Users\miker\wake_word_project\data\negative\eight\ad63d93c_nohash_1.wav,0.001981
C:\Users\miker\wake_word_project\data\negative\zero\bb05582b_nohash_2.wav,0.001624
C:\Users\miker\wake_word_project\data\negative\no\0f46028a_nohash_2.wav,0.000090
C:\Users\miker\wake_word_project\data\negative\on\676f8138_nohash_1.wav,0.000083
C:\Users\miker\wake_word_project\data\negative\off\201e28a9_nohash_1.wav,0.001146
C:\Users\miker\wake_word_project\data\negative\wow\cce7416f_nohash_0.wav,0.008747
C:\Users\miker\wake_word_project\data\negative\on\821b64cc_nohash_1.wav,0.001250
C:\Users\miker\wake_word_project\data\negative\no\b00dff7e_nohash_1.wav,0.002749
C:\Users\miker\wake_word_project\data\negative\nine\1746d7b6_nohash_1.wav,0.000349
C:\Users\miker\wake_word_project\data\negative\forward\cfbedff9_nohash_0.wav,0.002528
C:\Users\miker\wake_word_project\data\negative\right\6d818f6c_nohash_1.wav,0.002017
C:\Users\miker\wake_word_project\data\negative\up\1a994c9f_nohash_0.wav,0.000576
C:\Users\miker\wake_word_project\data\negative\right\7bae88ed_nohash_0.wav,0.001281
C:\Users\miker\wake_word_project\data\negative\no\093f65a1_nohash_0.wav,0.000289
C:\Users\miker\wake_word_project\data\negative\zero\acfd5b5e_nohash_3.wav,0.026849
C:\Users\miker\wake_word_project\data\negative\seven\36050ef3_nohash_4.wav,0.001127
C:\Users\miker\wake_word_project\data\negative\house\365908bd_nohash_0.wav,0.013107
C:\Users\miker\wake_word_project\data\negative\zero\c8db14a8_nohash_0.wav,0.000604
C:\Users\miker\wake_word_project\data\negative\down\3b4f8f24_nohash_1.wav,0.001140
C:\Users\miker\wake_word_project\data\negative\visual\c98bbbd3_nohash_2.wav,0.006067
C:\Users\miker\wake_word_project\data\negative\off\f9643d42_nohash_2.wav,0.000558
C:\Users\miker\wake_word_project\data\negative\down\1e9b215e_nohash_1.wav,0.001573
C:\Users\miker\wake_word_project\data\negative\on\3108acca_nohash_4.wav,0.000190
C:\Users\miker\wake_word_project\data\negative\stop\7d6b4b10_nohash_3.wav,0.000731
C:\Users\miker\wake_word_project\data\negative\forward\3e6e5b0f_nohash_0.wav,0.004094
C:\Users\miker\wake_word_project\data\negative\sheila\1f3e4139_nohash_0.wav,0.000237
C:\Users\miker\wake_word_project\data\negative\left\172dc2b0_nohash_0.wav,0.006177
C:\Users\miker\wake_word_project\data\negative\marvin\0c5027de_nohash_0.wav,0.003042
C:\Users\miker\wake_word_project\data\negative\down\e9bc5cc2_nohash_3.wav,0.001764
C:\Users\miker\wake_word_project\data\negative\down\27b03931_nohash_0.wav,0.000276
C:\Users\miker\wake_word_project\data\negative\marvin\7bae88ed_nohash_0.wav,0.002606
C:\Users\miker\wake_word_project\data\negative\two\0b40aa8e_nohash_0.wav,0.000397
C:\Users\miker\wake_word_project\data\negative\left\25e95412_nohash_0.wav,0.004773
C:\Users\miker\wake_word_project\data\negative\left\87070229_nohash_2.wav,0.004648
C:\Users\miker\wake_word_project\data\negative\on\b83c1acf_nohash_2.wav,0.004056
C:\Users\miker\wake_word_project\data\negative\stop\7f581e94_nohash_0.wav,0.000874
C:\Users\miker\wake_word_project\data\negative\up\fe291fa9_nohash_2.wav,0.000278
C:\Users\miker\wake_word_project\data\negative\on\0a2b400e_nohash_1.wav,0.007707
C:\Users\miker\wake_word_project\data\negative\follow\1dc86f91_nohash_3.wav,0.000158
C:\Users\miker\wake_word_project\data\negative\up\03431e13_nohash_2.wav,0.000026
C:\Users\miker\wake_word_project\data\negative\on\a8f45bdc_nohash_0.wav,0.001206
C:\Users\miker\wake_word_project\data\negative\nine\821b64cc_nohash_0.wav,0.001604
C:\Users\miker\wake_word_project\data\negative\on\c1b7c224_nohash_0.wav,0.004800
C:\Users\miker\wake_word_project\data\negative\bird\e98cb283_nohash_1.wav,0.000112
C:\Users\miker\wake_word_project\data\negative\visual\beb458a4_nohash_2.wav,0.016903
C:\Users\miker\wake_word_project\data\negative\nine\893705bb_nohash_0.wav,0.002959
C:\Users\miker\wake_word_project\data\negative\stop\e882abb2_nohash_1.wav,0.001504
C:\Users\miker\wake_word_project\data\negative\on\5769c5ab_nohash_2.wav,0.001098
C:\Users\miker\wake_word_project\data\negative\house\afb9e62e_nohash_1.wav,0.000818
C:\Users\miker\wake_word_project\data\negative\three\c351e611_nohash_3.wav,0.002272
C:\Users\miker\wake_word_project\data\negative\zero\7c83c5f6_nohash_0.wav,0.016451
C:\Users\miker\wake_word_project\data\negative\cat\e14d3db8_nohash_1.wav,0.000441
C:\Users\miker\wake_word_project\data\negative\dog\f6617a86_nohash_0.wav,0.000770
C:\Users\miker\wake_word_project\data\negative\two\62f05757_nohash_1.wav,0.000724
C:\Users\miker\wake_word_project\data\negative\three\b59fa113_nohash_0.wav,0.001106
C:\Users\miker\wake_word_project\data\negative\off\563aa4e6_nohash_0.wav,0.009637
C:\Users\miker\wake_word_project\data\negative\nine\e53139ad_nohash_0.wav,0.000031
C:\Users\miker\wake_word_project\data\negative\seven\0132a06d_nohash_0.wav,0.000337
C:\Users\miker\wake_word_project\data\negative\zero\c7dc7278_nohash_2.wav,0.000740
C:\Users\miker\wake_word_project\data\negative\yes\20fd451f_nohash_3.wav,0.003900
C:\Users\miker\wake_word_project\data\negative\two\ad6a46f1_nohash_1.wav,0.000530
C:\Users\miker\wake_word_project\data\negative\bird\3565ca83_nohash_0.wav,0.005236
C:\Users\miker\wake_word_project\data\negative\five\45692b02_nohash_4.wav,0.000949
C:\Users\miker\wake_word_project\data\negative\stop\aa80f517_nohash_3.wav,0.004767
C:\Users\miker\wake_word_project\data\negative\two\a2cc5444_nohash_0.wav,0.002061
C:\Users\miker\wake_word_project\data\negative\zero\2356b88d_nohash_3.wav,0.010143
C:\Users\miker\wake_word_project\data\negative\on\72242187_nohash_4.wav,0.002557
C:\Users\miker\wake_word_project\data\negative\bird\6dfff95a_nohash_0.wav,0.004832
C:\Users\miker\wake_word_project\data\negative\eight\bab36420_nohash_3.wav,0.000813
C:\Users\miker\wake_word_project\data\negative\dog\824e8ce5_nohash_0.wav,0.000224
C:\Users\miker\wake_word_project\data\negative\go\a331d9cb_nohash_0.wav,0.004085
C:\Users\miker\wake_word_project\data\negative\zero\0f46028a_nohash_0.wav,0.000776
C:\Users\miker\wake_word_project\data\negative\three\f568162b_nohash_2.wav,0.000200
C:\Users\miker\wake_word_project\data\negative\nine\fe1916ba_nohash_0.wav,0.001164
C:\Users\miker\wake_word_project\data\negative\nine\da15e796_nohash_0.wav,0.098911
C:\Users\miker\wake_word_project\data\negative\no\8ec6dab6_nohash_1.wav,0.000499
C:\Users\miker\wake_word_project\data\negative\six\4a1e736b_nohash_1.wav,0.019960
C:\Users\miker\wake_word_project\data\negative\bird\4954abe8_nohash_1.wav,0.004259
C:\Users\miker\wake_word_project\data\negative\stop\94de6a6a_nohash_0.wav,0.006368
C:\Users\miker\wake_word_project\data\negative\five\a1533da4_nohash_2.wav,0.003138
C:\Users\miker\wake_word_project\data\negative\two\ab9b93e4_nohash_2.wav,0.003171
C:\Users\miker\wake_word_project\data\negative\on\d962e5ac_nohash_3.wav,0.001179
C:\Users\miker\wake_word_project\data\negative\no\258f4559_nohash_0.wav,0.010223
C:\Users\miker\wake_word_project\data\negative\no\2f0ce4d9_nohash_1.wav,0.000972
C:\Users\miker\wake_word_project\data\negative\on\a929f9b9_nohash_2.wav,0.001371
C:\Users\miker\wake_word_project\data\negative\yes\9151f184_nohash_0.wav,0.011616
C:\Users\miker\wake_word_project\data\negative\down\0d90d8e1_nohash_2.wav,0.001027
C:\Users\miker\wake_word_project\data\negative\six\87c62767_nohash_0.wav,0.001590
C:\Users\miker\wake_word_project\data\negative\five\1dc86f91_nohash_4.wav,0.002931
C:\Users\miker\wake_word_project\data\negative\seven\8f4c551f_nohash_0.wav,0.004600
C:\Users\miker\wake_word_project\data\negative\no\042a8dde_nohash_3.wav,0.000841
C:\Users\miker\wake_word_project\data\negative\off\0f46028a_nohash_1.wav,0.000573
C:\Users\miker\wake_word_project\data\negative\left\cb72dfb6_nohash_1.wav,0.002895
C:\Users\miker\wake_word_project\data\negative\tree\3c8dc702_nohash_0.wav,0.000130
C:\Users\miker\wake_word_project\data\negative\house\f216055e_nohash_0.wav,0.026616
C:\Users\miker\wake_word_project\data\negative\happy\2903efb3_nohash_0.wav,0.002408
C:\Users\miker\wake_word_project\data\negative\eight\48bdc11c_nohash_0.wav,0.080308
C:\Users\miker\wake_word_project\data\negative\bed\dc2222d7_nohash_1.wav,0.000087
C:\Users\miker\wake_word_project\data\negative\wow\5c237956_nohash_1.wav,0.002061
C:\Users\miker\wake_word_project\data\negative\forward\beb458a4_nohash_1.wav,0.027194
C:\Users\miker\wake_word_project\data\negative\right\8931f494_nohash_1.wav,0.000140
C:\Users\miker\wake_word_project\data\negative\seven\29dce108_nohash_1.wav,0.000726
C:\Users\miker\wake_word_project\data\negative\no\b2ae3928_nohash_3.wav,0.001722
C:\Users\miker\wake_word_project\data\negative\six\1a073312_nohash_0.wav,0.001164
C:\Users\miker\wake_word_project\data\negative\eight\6fb3d5a7_nohash_2.wav,0.000373
C:\Users\miker\wake_word_project\data\negative\happy\f0ae7203_nohash_0.wav,0.002741
C:\Users\miker\wake_word_project\data\negative\yes\f0522ff4_nohash_4.wav,0.003711
C:\Users\miker\wake_word_project\data\negative\happy\d6360b32_nohash_0.wav,0.037469
C:\Users\miker\wake_word_project\data\negative\up\87070229_nohash_1.wav,0.012347
C:\Users\miker\wake_word_project\data\negative\on\bab36420_nohash_3.wav,0.001092
C:\Users\miker\wake_word_project\data\negative\four\e4be0cf6_nohash_0.wav,0.000705
C:\Users\miker\wake_word_project\data\negative\stop\cc71bada_nohash_1.wav,0.002120
C:\Users\miker\wake_word_project\data\negative\learn\8769c34c_nohash_3.wav,0.000685
C:\Users\miker\wake_word_project\data\negative\up\2a0b413e_nohash_0.wav,0.000299
C:\Users\miker\wake_word_project\data\negative\right\3d53244b_nohash_1.wav,0.001287
C:\Users\miker\wake_word_project\data\negative\four\62f05757_nohash_2.wav,0.001727
C:\Users\miker\wake_word_project\data\negative\eight\9e44aca3_nohash_0.wav,0.000079
C:\Users\miker\wake_word_project\data\negative\five\0d90d8e1_nohash_0.wav,0.002096
C:\Users\miker\wake_word_project\data\negative\dog\ea7ca285_nohash_1.wav,0.003285
C:\Users\miker\wake_word_project\data\negative\on\eb3f7d82_nohash_1.wav,0.000204
C:\Users\miker\wake_word_project\data\negative\follow\a6f2fd71_nohash_2.wav,0.001457
C:\Users\miker\wake_word_project\data\negative\up\d9b50b8b_nohash_1.wav,0.000081
C:\Users\miker\wake_word_project\data\negative\on\b3849d6e_nohash_0.wav,0.004862
C:\Users\miker\wake_word_project\data\negative\down\6af4aa07_nohash_0.wav,0.002593
C:\Users\miker\wake_word_project\data\negative\two\c0e8f5a1_nohash_1.wav,0.001772
C:\Users\miker\wake_word_project\data\negative\left\f864cd4a_nohash_0.wav,0.001715
C:\Users\miker\wake_word_project\data\negative\two\44dad20e_nohash_0.wav,0.000951
C:\Users\miker\wake_word_project\data\negative\nine\5ebc1cda_nohash_6.wav,0.001000
C:\Users\miker\wake_word_project\data\negative\up\b8874962_nohash_3.wav,0.000295
C:\Users\miker\wake_word_project\data\negative\dog\5d7ed425_nohash_0.wav,0.014147
C:\Users\miker\wake_word_project\data\negative\sheila\69953f48_nohash_2.wav,0.006525
C:\Users\miker\wake_word_project\data\negative\seven\f5626af6_nohash_1.wav,0.000492
C:\Users\miker\wake_word_project\data\negative\learn\ed032775_nohash_2.wav,0.001705
C:\Users\miker\wake_word_project\data\negative\left\4a1e736b_nohash_0.wav,0.002367
C:\Users\miker\wake_word_project\data\negative\five\c120e80e_nohash_4.wav,0.007115
C:\Users\miker\wake_word_project\data\negative\up\ca4d5368_nohash_3.wav,0.000413
C:\Users\miker\wake_word_project\data\negative\up\b8b8cb52_nohash_1.wav,0.000273
C:\Users\miker\wake_word_project\data\negative\up\617aeb6c_nohash_4.wav,0.001734
C:\Users\miker\wake_word_project\data\negative\three\b66f4f93_nohash_3.wav,0.001605
C:\Users\miker\wake_word_project\data\negative\follow\bde0f20a_nohash_1.wav,0.000371
C:\Users\miker\wake_word_project\data\negative\zero\8f4c551f_nohash_1.wav,0.001958
C:\Users\miker\wake_word_project\data\negative\nine\d264f7b6_nohash_0.wav,0.000510
C:\Users\miker\wake_word_project\data\negative\right\dae01802_nohash_1.wav,0.002355
C:\Users\miker\wake_word_project\data\negative\go\370844f7_nohash_1.wav,0.000127
C:\Users\miker\wake_word_project\data\negative\eight\91bed2e0_nohash_1.wav,0.000707
C:\Users\miker\wake_word_project\data\negative\four\6982fc2a_nohash_0.wav,0.002027
C:\Users\miker\wake_word_project\data\negative\zero\81332c92_nohash_3.wav,0.005991
C:\Users\miker\wake_word_project\data\negative\five\270bfa52_nohash_1.wav,0.000781
C:\Users\miker\wake_word_project\data\negative\zero\7081436f_nohash_1.wav,0.000371
C:\Users\miker\wake_word_project\data\negative\right\5c39594f_nohash_3.wav,0.001051
C:\Users\miker\wake_word_project\data\negative\bed\e48a80ed_nohash_0.wav,0.000495
C:\Users\miker\wake_word_project\data\negative\nine\cd671b5f_nohash_2.wav,0.000210
C:\Users\miker\wake_word_project\data\negative\sheila\ab81c9c8_nohash_0.wav,0.002572
C:\Users\miker\wake_word_project\data\negative\six\7910d292_nohash_0.wav,0.003396
C:\Users\miker\wake_word_project\data\negative\no\179a61b7_nohash_0.wav,0.003985
C:\Users\miker\wake_word_project\data\negative\one\71bf8f48_nohash_0.wav,0.000706
C:\Users\miker\wake_word_project\data\negative\zero\db9cd41d_nohash_0.wav,0.000880
C:\Users\miker\wake_word_project\data\negative\sheila\85d2ac4b_nohash_0.wav,0.002088
C:\Users\miker\wake_word_project\data\negative\eight\d85270c1_nohash_0.wav,0.000074
C:\Users\miker\wake_word_project\data\negative\stop\cce17a61_nohash_0.wav,0.000395
C:\Users\miker\wake_word_project\data\negative\down\5f1b1051_nohash_0.wav,0.001618
C:\Users\miker\wake_word_project\data\negative\dog\692a88e6_nohash_0.wav,0.003391
C:\Users\miker\wake_word_project\data\negative\left\a05a90c1_nohash_0.wav,0.022831
C:\Users\miker\wake_word_project\data\negative\off\0ff728b5_nohash_4.wav,0.000954
C:\Users\miker\wake_word_project\data\negative\up\f798ac78_nohash_4.wav,0.002309
C:\Users\miker\wake_word_project\data\negative\visual\18f8afd5_nohash_2.wav,0.007533
C:\Users\miker\wake_word_project\data\negative\one\d070ea86_nohash_1.wav,0.001374
C:\Users\miker\wake_word_project\data\negative\seven\6c0f6493_nohash_2.wav,0.014953
C:\Users\miker\wake_word_project\data\negative\off\7fb8d703_nohash_1.wav,0.018847
C:\Users\miker\wake_word_project\data\negative\yes\c1e0e8e3_nohash_4.wav,0.002782
C:\Users\miker\wake_word_project\data\negative\off\71d0ded4_nohash_0.wav,0.000850
C:\Users\miker\wake_word_project\data\negative\six\9151f184_nohash_3.wav,0.006585
C:\Users\miker\wake_word_project\data\negative\dog\e6327279_nohash_0.wav,0.001848
C:\Users\miker\wake_word_project\data\negative\eight\b4ea0d9a_nohash_5.wav,0.000457
C:\Users\miker\wake_word_project\data\negative\left\e14d3db8_nohash_0.wav,0.001527
C:\Users\miker\wake_word_project\data\negative\three\dca2797e_nohash_2.wav,0.000235
C:\Users\miker\wake_word_project\data\negative\dog\ebdd0f59_nohash_1.wav,0.002402
C:\Users\miker\wake_word_project\data\negative\on\d9aa8c90_nohash_3.wav,0.000051
C:\Users\miker\wake_word_project\data\negative\one\63996b7c_nohash_0.wav,0.003609
C:\Users\miker\wake_word_project\data\negative\two\b414c653_nohash_0.wav,0.000763
C:\Users\miker\wake_word_project\data\negative\seven\26a093e1_nohash_0.wav,0.005171
C:\Users\miker\wake_word_project\data\negative\nine\40b60ae9_nohash_0.wav,0.002826
C:\Users\miker\wake_word_project\data\negative\eight\cb2929ce_nohash_1.wav,0.026664
C:\Users\miker\wake_word_project\data\negative\zero\1b627376_nohash_1.wav,0.009227
C:\Users\miker\wake_word_project\data\negative\sheila\813b82a6_nohash_0.wav,0.002811
C:\Users\miker\wake_word_project\data\negative\three\c692524d_nohash_1.wav,0.000537
C:\Users\miker\wake_word_project\data\negative\six\fb7eb481_nohash_1.wav,0.003291
C:\Users\miker\wake_word_project\data\negative\forward\6347b393_nohash_0.wav,0.001637
C:\Users\miker\wake_word_project\data\negative\yes\b84f83d2_nohash_1.wav,0.000062
C:\Users\miker\wake_word_project\data\negative\eight\cf68fad2_nohash_0.wav,0.001101
C:\Users\miker\wake_word_project\data\negative\on\40738a2d_nohash_0.wav,0.000241
C:\Users\miker\wake_word_project\data\negative\right\ac9dee0e_nohash_1.wav,0.000931
C:\Users\miker\wake_word_project\data\negative\cat\c120e80e_nohash_1.wav,0.000394
C:\Users\miker\wake_word_project\data\negative\eight\ab46af55_nohash_1.wav,0.000144
C:\Users\miker\wake_word_project\data\negative\seven\2d3c8dcb_nohash_3.wav,0.003546
C:\Users\miker\wake_word_project\data\negative\five\9e6bb505_nohash_1.wav,0.000123
C:\Users\miker\wake_word_project\data\negative\left\6ef407da_nohash_2.wav,0.004906
C:\Users\miker\wake_word_project\data\negative\five\fac74f6a_nohash_0.wav,0.000838
C:\Users\miker\wake_word_project\data\negative\five\e54a0f16_nohash_0.wav,0.005579
C:\Users\miker\wake_word_project\data\negative\marvin\2356b88d_nohash_0.wav,0.023911
C:\Users\miker\wake_word_project\data\negative\up\b76f6088_nohash_1.wav,0.000149
C:\Users\miker\wake_word_project\data\negative\go\3efa7ec4_nohash_1.wav,0.000581
C:\Users\miker\wake_word_project\data\negative\nine\51055bda_nohash_3.wav,0.001082
C:\Users\miker\wake_word_project\data\negative\seven\332d33b1_nohash_1.wav,0.004735
C:\Users\miker\wake_word_project\data\negative\learn\6124b431_nohash_0.wav,0.013971
C:\Users\miker\wake_word_project\data\negative\down\1e02ffc5_nohash_2.wav,0.001446
C:\Users\miker\wake_word_project\data\negative\happy\38c30a4a_nohash_1.wav,0.000722
C:\Users\miker\wake_word_project\data\negative\four\3d9bbe2d_nohash_2.wav,0.000361
C:\Users\miker\wake_word_project\data\negative\three\a04817c2_nohash_3.wav,0.003152
C:\Users\miker\wake_word_project\data\negative\house\adc216c5_nohash_1.wav,0.000326
C:\Users\miker\wake_word_project\data\negative\eight\b433332a_nohash_0.wav,0.000300
C:\Users\miker\wake_word_project\data\negative\three\3d53244b_nohash_1.wav,0.000716
C:\Users\miker\wake_word_project\data\negative\stop\e53139ad_nohash_0.wav,0.001557
C:\Users\miker\wake_word_project\data\negative\seven\b0f5b16d_nohash_4.wav,0.000316
C:\Users\miker\wake_word_project\data\negative\down\a1cff772_nohash_1.wav,0.027106
C:\Users\miker\wake_word_project\data\negative\right\aa233654_nohash_0.wav,0.001804
C:\Users\miker\wake_word_project\data\negative\three\ceaadb24_nohash_1.wav,0.001597
C:\Users\miker\wake_word_project\data\negative\follow\42f81601_nohash_2.wav,0.003009
C:\Users\miker\wake_word_project\data\negative\stop\1ed0b13d_nohash_1.wav,0.002392
C:\Users\miker\wake_word_project\data\negative\six\c0445658_nohash_3.wav,0.000261
C:\Users\miker\wake_word_project\data\negative\five\a7acbbeb_nohash_4.wav,0.002464
C:\Users\miker\wake_word_project\data\negative\follow\85851131_nohash_2.wav,0.000786
C:\Users\miker\wake_word_project\data\negative\tree\ee6163d5_nohash_0.wav,0.002468
C:\Users\miker\wake_word_project\data\negative\three\3a33d3a4_nohash_0.wav,0.001053
C:\Users\miker\wake_word_project\data\negative\visual\3a3ee7ed_nohash_2.wav,0.072310
C:\Users\miker\wake_word_project\data\negative\stop\953fe1ad_nohash_0.wav,0.001326
C:\Users\miker\wake_word_project\data\negative\nine\0ac15fe9_nohash_0.wav,0.002409
C:\Users\miker\wake_word_project\data\negative\six\29b81b73_nohash_0.wav,0.002841
C:\Users\miker\wake_word_project\data\negative\bird\d78858d9_nohash_0.wav,0.000121
C:\Users\miker\wake_word_project\data\negative\bird\0685264e_nohash_0.wav,0.002426
C:\Users\miker\wake_word_project\data\negative\down\3143fdff_nohash_1.wav,0.001219
C:\Users\miker\wake_word_project\data\negative\cat\1cc80e39_nohash_0.wav,0.000178
C:\Users\miker\wake_word_project\data\negative\three\d312f481_nohash_0.wav,0.001057
C:\Users\miker\wake_word_project\data\negative\yes\ce0cb033_nohash_0.wav,0.001555
C:\Users\miker\wake_word_project\data\negative\six\a16013b7_nohash_2.wav,0.001389
C:\Users\miker\wake_word_project\data\negative\house\1746d7b6_nohash_0.wav,0.000022
C:\Users\miker\wake_word_project\data\negative\tree\590750e8_nohash_2.wav,0.000079
C:\Users\miker\wake_word_project\data\negative\four\c2dccf38_nohash_0.wav,0.001178
C:\Users\miker\wake_word_project\data\negative\yes\b308773d_nohash_2.wav,0.000819
C:\Users\miker\wake_word_project\data\negative\six\7799c9cd_nohash_0.wav,0.000842
C:\Users\miker\wake_word_project\data\negative\off\b528edb3_nohash_0.wav,0.000928
C:\Users\miker\wake_word_project\data\negative\three\017c4098_nohash_3.wav,0.001876
C:\Users\miker\wake_word_project\data\negative\three\c08e5058_nohash_1.wav,0.001177
C:\Users\miker\wake_word_project\data\negative\bird\265bd13a_nohash_0.wav,0.000044
C:\Users\miker\wake_word_project\data\negative\right\7fd25f7c_nohash_2.wav,0.001199
C:\Users\miker\wake_word_project\data\negative\three\53d5b86f_nohash_0.wav,0.000214
C:\Users\miker\wake_word_project\data\negative\sheila\2144be19_nohash_1.wav,0.082697
C:\Users\miker\wake_word_project\data\negative\learn\dcbfe008_nohash_1.wav,0.000352
C:\Users\miker\wake_word_project\data\negative\three\d9aa8c90_nohash_3.wav,0.000442
C:\Users\miker\wake_word_project\data\negative\left\5efb758c_nohash_0.wav,0.000256
C:\Users\miker\wake_word_project\data\negative\one\f568162b_nohash_0.wav,0.000699
C:\Users\miker\wake_word_project\data\negative\go\eb3f7d82_nohash_2.wav,0.000055
C:\Users\miker\wake_word_project\data\negative\zero\e5c48e53_nohash_0.wav,0.002063
C:\Users\miker\wake_word_project\data\negative\zero\fb2f3242_nohash_1.wav,0.007137
C:\Users\miker\wake_word_project\data\negative\two\d98dd124_nohash_1.wav,0.002978
C:\Users\miker\wake_word_project\data\negative\off\54b6d355_nohash_1.wav,0.000006
C:\Users\miker\wake_word_project\data\negative\left\333d7ddb_nohash_1.wav,0.003285
C:\Users\miker\wake_word_project\data\negative\on\f7879738_nohash_0.wav,0.005629
C:\Users\miker\wake_word_project\data\negative\dog\d9ae8983_nohash_0.wav,0.001250
C:\Users\miker\wake_word_project\data\negative\two\f84762e5_nohash_1.wav,0.002250
C:\Users\miker\wake_word_project\data\negative\dog\09ddc105_nohash_0.wav,0.001538
C:\Users\miker\wake_word_project\data\negative\five\c50f55b8_nohash_13.wav,0.000047
C:\Users\miker\wake_word_project\data\negative\on\80c17118_nohash_0.wav,0.003137
C:\Users\miker\wake_word_project\data\negative\off\ace072ba_nohash_2.wav,0.000424
C:\Users\miker\wake_word_project\data\negative\right\0132a06d_nohash_0.wav,0.000277
C:\Users\miker\wake_word_project\data\negative\one\57152045_nohash_0.wav,0.007952
C:\Users\miker\wake_word_project\data\negative\four\87070229_nohash_1.wav,0.002066
C:\Users\miker\wake_word_project\data\negative\nine\1f3e4139_nohash_0.wav,0.000228
C:\Users\miker\wake_word_project\data\negative\five\4e99c1b7_nohash_0.wav,0.009984
C:\Users\miker\wake_word_project\data\negative\left\bcf614a2_nohash_1.wav,0.004874
C:\Users\miker\wake_word_project\data\negative\visual\0d82fd99_nohash_1.wav,0.000200
C:\Users\miker\wake_word_project\data\negative\left\f6581345_nohash_0.wav,0.005152
C:\Users\miker\wake_word_project\data\negative\wow\435f9f9e_nohash_0.wav,0.000318
C:\Users\miker\wake_word_project\data\negative\nine\4b39347d_nohash_0.wav,0.011046
C:\Users\miker\wake_word_project\data\negative\off\15dd287d_nohash_0.wav,0.000549
C:\Users\miker\wake_word_project\data\negative\eight\e0c782d5_nohash_0.wav,0.000966
C:\Users\miker\wake_word_project\data\negative\yes\7c1d8533_nohash_0.wav,0.008376
C:\Users\miker\wake_word_project\data\negative\no\2356b88d_nohash_0.wav,0.001217
C:\Users\miker\wake_word_project\data\negative\seven\14872d06_nohash_0.wav,0.002652
C:\Users\miker\wake_word_project\data\negative\six\1995cf9e_nohash_0.wav,0.004205
C:\Users\miker\wake_word_project\data\negative\eight\07089da9_nohash_0.wav,0.002086
C:\Users\miker\wake_word_project\data\negative\left\f550b7dc_nohash_0.wav,0.000211
C:\Users\miker\wake_word_project\data\negative\go\cdbd6969_nohash_2.wav,0.000706
C:\Users\miker\wake_word_project\data\negative\one\68effe85_nohash_0.wav,0.000977
C:\Users\miker\wake_word_project\data\negative\eight\9d050657_nohash_0.wav,0.004156
C:\Users\miker\wake_word_project\data\negative\house\3ed3e49a_nohash_0.wav,0.002075
C:\Users\miker\wake_word_project\data\negative\on\d394ef8e_nohash_1.wav,0.000728
C:\Users\miker\wake_word_project\data\negative\happy\0c09f202_nohash_1.wav,0.009455
C:\Users\miker\wake_word_project\data\negative\five\36050ef3_nohash_4.wav,0.004547
C:\Users\miker\wake_word_project\data\negative\down\bbc30633_nohash_0.wav,0.008616
C:\Users\miker\wake_word_project\data\negative\cat\73f20b00_nohash_0.wav,0.002672
C:\Users\miker\wake_word_project\data\negative\learn\ea0cf37f_nohash_0.wav,0.000014
C:\Users\miker\wake_word_project\data\negative\no\9aa21fa9_nohash_1.wav,0.001196
C:\Users\miker\wake_word_project\data\negative\stop\ec32860c_nohash_0.wav,0.000474
C:\Users\miker\wake_word_project\data\negative\off\c120e80e_nohash_1.wav,0.000217
C:\Users\miker\wake_word_project\data\negative\happy\14775481_nohash_1.wav,0.006237
C:\Users\miker\wake_word_project\data\negative\five\cf8d91cf_nohash_0.wav,0.001520
C:\Users\miker\wake_word_project\data\negative\marvin\7014b07e_nohash_2.wav,0.000035
C:\Users\miker\wake_word_project\data\negative\six\a9b574b3_nohash_0.wav,0.001186
C:\Users\miker\wake_word_project\data\negative\visual\42398aab_nohash_0.wav,0.032380
C:\Users\miker\wake_word_project\data\negative\left\bde0f20a_nohash_0.wav,0.002149
C:\Users\miker\wake_word_project\data\negative\four\07089da9_nohash_3.wav,0.005174
C:\Users\miker\wake_word_project\data\negative\five\ccfd721c_nohash_0.wav,0.001173
C:\Users\miker\wake_word_project\data\negative\right\8281a2a8_nohash_3.wav,0.001387
C:\Users\miker\wake_word_project\data\negative\seven\113b3fbc_nohash_3.wav,0.004441
C:\Users\miker\wake_word_project\data\negative\one\6add0595_nohash_0.wav,0.001178
C:\Users\miker\wake_word_project\data\negative\right\8769c34c_nohash_0.wav,0.000694
C:\Users\miker\wake_word_project\data\negative\left\9a8d8d34_nohash_0.wav,0.004702
C:\Users\miker\wake_word_project\data\negative\right\7846fd85_nohash_3.wav,0.000977
C:\Users\miker\wake_word_project\data\negative\bed\b2fbe484_nohash_0.wav,0.002818
C:\Users\miker\wake_word_project\data\negative\down\833d9f56_nohash_2.wav,0.000181
C:\Users\miker\wake_word_project\data\negative\no\e41a903b_nohash_1.wav,0.000329
C:\Users\miker\wake_word_project\data\negative\right\c0445658_nohash_0.wav,0.000520
C:\Users\miker\wake_word_project\data\negative\one\199da2bf_nohash_1.wav,0.001074
C:\Users\miker\wake_word_project\data\negative\go\c7dc7278_nohash_2.wav,0.000889
C:\Users\miker\wake_word_project\data\negative\four\e9abfe31_nohash_3.wav,0.001460
C:\Users\miker\wake_word_project\data\negative\six\d4dddb92_nohash_0.wav,0.003959
C:\Users\miker\wake_word_project\data\negative\nine\8dc18a75_nohash_3.wav,0.017225
C:\Users\miker\wake_word_project\data\negative\cat\530306f5_nohash_0.wav,0.000127
C:\Users\miker\wake_word_project\data\negative\cat\72e382bd_nohash_0.wav,0.000237
C:\Users\miker\wake_word_project\data\negative\learn\26631bee_nohash_0.wav,0.000364
C:\Users\miker\wake_word_project\data\negative\right\62605293_nohash_0.wav,0.000465
C:\Users\miker\wake_word_project\data\negative\stop\508e30ee_nohash_0.wav,0.000489
C:\Users\miker\wake_word_project\data\negative\tree\964e8cfd_nohash_0.wav,0.000033
C:\Users\miker\wake_word_project\data\negative\two\708b8d51_nohash_0.wav,0.000898
C:\Users\miker\wake_word_project\data\negative\one\90645155_nohash_0.wav,0.002633
C:\Users\miker\wake_word_project\data\negative\learn\893705bb_nohash_4.wav,0.001898
C:\Users\miker\wake_word_project\data\negative\seven\c7aa72e6_nohash_0.wav,0.002284
C:\Users\miker\wake_word_project\data\negative\backward\aa80f517_nohash_1.wav,0.006630
C:\Users\miker\wake_word_project\data\negative\eight\1496195a_nohash_0.wav,0.005046
C:\Users\miker\wake_word_project\data\negative\on\332d33b1_nohash_0.wav,0.003840
C:\Users\miker\wake_word_project\data\negative\eight\fb7eb481_nohash_2.wav,0.000199
C:\Users\miker\wake_word_project\data\negative\visual\cdee383b_nohash_3.wav,0.008786
C:\Users\miker\wake_word_project\data\negative\nine\f97e1fcd_nohash_0.wav,0.007219
C:\Users\miker\wake_word_project\data\negative\yes\97f4c236_nohash_0.wav,0.010552
C:\Users\miker\wake_word_project\data\negative\off\3a929277_nohash_0.wav,0.005787
C:\Users\miker\wake_word_project\data\negative\nine\fad7a69a_nohash_0.wav,0.015381
C:\Users\miker\wake_word_project\data\negative\cat\1995cf9e_nohash_0.wav,0.000535
C:\Users\miker\wake_word_project\data\negative\off\24befdb3_nohash_1.wav,0.000717
C:\Users\miker\wake_word_project\data\negative\cat\8012c69d_nohash_0.wav,0.001240
C:\Users\miker\wake_word_project\data\negative\six\645ed69d_nohash_3.wav,0.002297
C:\Users\miker\wake_word_project\data\negative\six\1acc97de_nohash_2.wav,0.001804
C:\Users\miker\wake_word_project\data\negative\four\31fd5cf5_nohash_0.wav,0.004982
C:\Users\miker\wake_word_project\data\negative\nine\dce5041a_nohash_0.wav,0.000974
C:\Users\miker\wake_word_project\data\negative\learn\c50f55b8_nohash_7.wav,0.004684
C:\Users\miker\wake_word_project\data\negative\dog\e2286c18_nohash_0.wav,0.004507
C:\Users\miker\wake_word_project\data\negative\no\ad63d93c_nohash_1.wav,0.000590
C:\Users\miker\wake_word_project\data\negative\right\b66f4f93_nohash_7.wav,0.003483
C:\Users\miker\wake_word_project\data\negative\on\db9d52d2_nohash_0.wav,0.000918
C:\Users\miker\wake_word_project\data\negative\yes\9b8a7439_nohash_3.wav,0.002775
C:\Users\miker\wake_word_project\data\negative\sheila\6736bc64_nohash_0.wav,0.000684
C:\Users\miker\wake_word_project\data\negative\learn\06f6c194_nohash_2.wav,0.010983
C:\Users\miker\wake_word_project\data\negative\three\30276d03_nohash_1.wav,0.022087
C:\Users\miker\wake_word_project\data\negative\two\b5552931_nohash_0.wav,0.000651
C:\Users\miker\wake_word_project\data\negative\stop\c633a455_nohash_0.wav,0.000563
C:\Users\miker\wake_word_project\data\negative\eight\7c1d8533_nohash_0.wav,0.000400
C:\Users\miker\wake_word_project\data\negative\eight\cce7416f_nohash_11.wav,0.067225
C:\Users\miker\wake_word_project\data\negative\down\bab36420_nohash_0.wav,0.000403
C:\Users\miker\wake_word_project\data\negative\no\e99d36c8_nohash_1.wav,0.000546
C:\Users\miker\wake_word_project\data\negative\no\39543cfd_nohash_0.wav,0.001000
C:\Users\miker\wake_word_project\data\negative\zero\9a69672b_nohash_3.wav,0.012274
C:\Users\miker\wake_word_project\data\negative\nine\17c94b23_nohash_0.wav,0.004142
C:\Users\miker\wake_word_project\data\negative\sheila\ece1a95a_nohash_1.wav,0.002543
C:\Users\miker\wake_word_project\data\negative\nine\f822b9bf_nohash_3.wav,0.004215
C:\Users\miker\wake_word_project\data\negative\yes\48bfde8e_nohash_1.wav,0.000503
C:\Users\miker\wake_word_project\data\negative\five\525eaa62_nohash_2.wav,0.000540
C:\Users\miker\wake_word_project\data\negative\four\5a98d407_nohash_3.wav,0.000730
C:\Users\miker\wake_word_project\data\negative\stop\7d86b703_nohash_1.wav,0.006707
C:\Users\miker\wake_word_project\data\negative\right\de4f7798_nohash_0.wav,0.009077
C:\Users\miker\wake_word_project\data\negative\off\2b42e7a2_nohash_0.wav,0.001484
C:\Users\miker\wake_word_project\data\negative\right\9448c397_nohash_4.wav,0.002408
C:\Users\miker\wake_word_project\data\negative\cat\1a5b9ca4_nohash_0.wav,0.001485
C:\Users\miker\wake_word_project\data\negative\bird\b3849d6e_nohash_0.wav,0.001768
C:\Users\miker\wake_word_project\data\negative\five\19414a96_nohash_0.wav,0.000101
C:\Users\miker\wake_word_project\data\negative\up\da5dadb9_nohash_2.wav,0.002542
C:\Users\miker\wake_word_project\data\negative\marvin\c9b653a0_nohash_0.wav,0.001510
C:\Users\miker\wake_word_project\data\negative\zero\de3fe344_nohash_3.wav,0.002139
C:\Users\miker\wake_word_project\data\negative\one\adec6a94_nohash_0.wav,0.000391
C:\Users\miker\wake_word_project\data\negative\seven\365908bd_nohash_2.wav,0.008099
C:\Users\miker\wake_word_project\data\negative\one\1890e5c3_nohash_0.wav,0.000741
C:\Users\miker\wake_word_project\data\negative\five\7c83c5f6_nohash_4.wav,0.006010
C:\Users\miker\wake_word_project\data\negative\stop\9e92ef0c_nohash_1.wav,0.002929
C:\Users\miker\wake_word_project\data\negative\seven\18e910f4_nohash_1.wav,0.003827
C:\Users\miker\wake_word_project\data\negative\five\2dcb6848_nohash_0.wav,0.001149
C:\Users\miker\wake_word_project\data\negative\marvin\7bf801d1_nohash_1.wav,0.031883
C:\Users\miker\wake_word_project\data\negative\stop\d874a786_nohash_0.wav,0.000335
C:\Users\miker\wake_word_project\data\negative\left\f0522ff4_nohash_3.wav,0.002238
C:\Users\miker\wake_word_project\data\negative\no\e04d7130_nohash_0.wav,0.000315
C:\Users\miker\wake_word_project\data\negative\stop\f5341341_nohash_2.wav,0.001412
C:\Users\miker\wake_word_project\data\negative\wow\9307154f_nohash_0.wav,0.000909
C:\Users\miker\wake_word_project\data\negative\left\42a99aec_nohash_2.wav,0.002658
C:\Users\miker\wake_word_project\data\negative\stop\2fcb6397_nohash_1.wav,0.005047
C:\Users\miker\wake_word_project\data\negative\marvin\fc28c8d8_nohash_3.wav,0.000931
C:\Users\miker\wake_word_project\data\negative\right\cce7416f_nohash_7.wav,0.014038
C:\Users\miker\wake_word_project\data\negative\right\e49428d9_nohash_3.wav,0.000698
C:\Users\miker\wake_word_project\data\negative\seven\a7216980_nohash_3.wav,0.000588
C:\Users\miker\wake_word_project\data\negative\right\332d33b1_nohash_3.wav,0.003016
C:\Users\miker\wake_word_project\data\negative\up\b414c653_nohash_0.wav,0.001337
C:\Users\miker\wake_word_project\data\negative\six\23da904f_nohash_2.wav,0.009328
C:\Users\miker\wake_word_project\data\negative\left\47d01978_nohash_0.wav,0.001067
C:\Users\miker\wake_word_project\data\negative\one\b665723d_nohash_0.wav,0.011685
C:\Users\miker\wake_word_project\data\negative\bed\462e1919_nohash_1.wav,0.000683
C:\Users\miker\wake_word_project\data\negative\no\122c5aa7_nohash_0.wav,0.003078
C:\Users\miker\wake_word_project\data\negative\marvin\af7a8296_nohash_0.wav,0.002234
C:\Users\miker\wake_word_project\data\negative\two\7e7ca854_nohash_4.wav,0.000657
C:\Users\miker\wake_word_project\data\negative\eight\270bfa52_nohash_1.wav,0.001524
C:\Users\miker\wake_word_project\data\negative\off\b4bef564_nohash_0.wav,0.000848
C:\Users\miker\wake_word_project\data\negative\six\d9d6559e_nohash_0.wav,0.009964
C:\Users\miker\wake_word_project\data\negative\left\92521ccc_nohash_0.wav,0.030764
C:\Users\miker\wake_word_project\data\negative\zero\a9ca1818_nohash_1.wav,0.003230
C:\Users\miker\wake_word_project\data\negative\visual\a1e71565_nohash_2.wav,0.012743
C:\Users\miker\wake_word_project\data\negative\two\f4386675_nohash_0.wav,0.000858
C:\Users\miker\wake_word_project\data\negative\three\67c7fecb_nohash_0.wav,0.000209
C:\Users\miker\wake_word_project\data\negative\bed\e9b61425_nohash_0.wav,0.003628
C:\Users\miker\wake_word_project\data\negative\stop\499be02e_nohash_3.wav,0.000776
C:\Users\miker\wake_word_project\data\negative\one\b4ea0d9a_nohash_2.wav,0.000451
C:\Users\miker\wake_word_project\data\negative\house\220ee1ef_nohash_0.wav,0.001663
C:\Users\miker\wake_word_project\data\negative\tree\b0f5b16d_nohash_0.wav,0.000148
C:\Users\miker\wake_word_project\data\negative\zero\30060aba_nohash_2.wav,0.007002
C:\Users\miker\wake_word_project\data\negative\yes\f953e1af_nohash_0.wav,0.000062
C:\Users\miker\wake_word_project\data\negative\six\b087aa0e_nohash_0.wav,0.008877
C:\Users\miker\wake_word_project\data\negative\six\a929f9b9_nohash_0.wav,0.064673
C:\Users\miker\wake_word_project\data\negative\go\54ad8f22_nohash_2.wav,0.004628
C:\Users\miker\wake_word_project\data\negative\visual\477f5b36_nohash_0.wav,0.004581
C:\Users\miker\wake_word_project\data\negative\cat\82c6d220_nohash_0.wav,0.000130
C:\Users\miker\wake_word_project\data\negative\six\d8c314c0_nohash_0.wav,0.000351
C:\Users\miker\wake_word_project\data\negative\one\e0322f2c_nohash_0.wav,0.000104
C:\Users\miker\wake_word_project\data\negative\follow\6fb3d5a7_nohash_1.wav,0.000410
C:\Users\miker\wake_word_project\data\negative\seven\6124b431_nohash_1.wav,0.019556
C:\Users\miker\wake_word_project\data\negative\three\65f2531f_nohash_0.wav,0.002381
C:\Users\miker\wake_word_project\data\negative\three\146d97db_nohash_1.wav,0.000666
C:\Users\miker\wake_word_project\data\negative\yes\ed032775_nohash_3.wav,0.001639
C:\Users\miker\wake_word_project\data\negative\no\763188c4_nohash_0.wav,0.001876
C:\Users\miker\wake_word_project\data\negative\five\6fb3d5a7_nohash_1.wav,0.002862
C:\Users\miker\wake_word_project\data\negative\two\b69fe0e2_nohash_2.wav,0.001067
C:\Users\miker\wake_word_project\data\negative\go\d264f7b6_nohash_3.wav,0.000405
C:\Users\miker\wake_word_project\data\negative\bird\3b7f817e_nohash_0.wav,0.000940
C:\Users\miker\wake_word_project\data\negative\six\7dc50b88_nohash_0.wav,0.000974
C:\Users\miker\wake_word_project\data\negative\up\638548d5_nohash_0.wav,0.000480
C:\Users\miker\wake_word_project\data\negative\eight\29229c21_nohash_3.wav,0.011920
C:\Users\miker\wake_word_project\data\negative\four\106a6183_nohash_1.wav,0.001726
C:\Users\miker\wake_word_project\data\negative\bed\6a1908f8_nohash_0.wav,0.001332
C:\Users\miker\wake_word_project\data\negative\on\8c3c4715_nohash_0.wav,0.000751
C:\Users\miker\wake_word_project\data\negative\left\c634a189_nohash_0.wav,0.005558
C:\Users\miker\wake_word_project\data\negative\off\c6389ab0_nohash_1.wav,0.000612
C:\Users\miker\wake_word_project\data\negative\five\9151f184_nohash_3.wav,0.000713
C:\Users\miker\wake_word_project\data\negative\off\937b433e_nohash_0.wav,0.000090
C:\Users\miker\wake_word_project\data\negative\up\0cb74144_nohash_1.wav,0.005489
C:\Users\miker\wake_word_project\data\negative\four\85851131_nohash_0.wav,0.001750
C:\Users\miker\wake_word_project\data\negative\off\7cb5c0b7_nohash_0.wav,0.000399
C:\Users\miker\wake_word_project\data\negative\right\a3fc7884_nohash_0.wav,0.014406
C:\Users\miker\wake_word_project\data\negative\yes\f06190c1_nohash_0.wav,0.003001
C:\Users\miker\wake_word_project\data\negative\stop\ca4912b6_nohash_1.wav,0.000595
C:\Users\miker\wake_word_project\data\negative\one\9a5db2cb_nohash_0.wav,0.000268
C:\Users\miker\wake_word_project\data\negative\wow\5f1b1051_nohash_0.wav,0.000019
C:\Users\miker\wake_word_project\data\negative\visual\ccca5655_nohash_0.wav,0.005035
C:\Users\miker\wake_word_project\data\negative\dog\2f0a410b_nohash_1.wav,0.003083
C:\Users\miker\wake_word_project\data\negative\up\96d8bb6f_nohash_3.wav,0.026453
C:\Users\miker\wake_word_project\data\negative\five\211ccd2e_nohash_0.wav,0.000370
C:\Users\miker\wake_word_project\data\negative\seven\31f01a8d_nohash_4.wav,0.000935
C:\Users\miker\wake_word_project\data\negative\four\a7216980_nohash_1.wav,0.000438
C:\Users\miker\wake_word_project\data\negative\six\131e738d_nohash_0.wav,0.005675
C:\Users\miker\wake_word_project\data\negative\marvin\4a803e67_nohash_1.wav,0.002079
C:\Users\miker\wake_word_project\data\negative\two\1678e6f1_nohash_1.wav,0.059094
C:\Users\miker\wake_word_project\data\negative\one\cd85758f_nohash_4.wav,0.001242
C:\Users\miker\wake_word_project\data\negative\seven\6a2fb9a5_nohash_0.wav,0.025450
C:\Users\miker\wake_word_project\data\negative\no\5a5721f8_nohash_2.wav,0.000319
C:\Users\miker\wake_word_project\data\negative\left\c6ca5d01_nohash_0.wav,0.001370
C:\Users\miker\wake_word_project\data\negative\follow\ad526ada_nohash_0.wav,0.000535
C:\Users\miker\wake_word_project\data\negative\one\2c393fd2_nohash_0.wav,0.000329
C:\Users\miker\wake_word_project\data\negative\seven\ad6a46f1_nohash_0.wav,0.000659
C:\Users\miker\wake_word_project\data\negative\nine\2fcb6397_nohash_1.wav,0.000477
C:\Users\miker\wake_word_project\data\negative\sheila\2fee065a_nohash_0.wav,0.000513
C:\Users\miker\wake_word_project\data\negative\nine\9a8d8d34_nohash_0.wav,0.004953
C:\Users\miker\wake_word_project\data\negative\two\8eb4a1bf_nohash_3.wav,0.003215
C:\Users\miker\wake_word_project\data\negative\yes\d94eb94f_nohash_0.wav,0.001341
C:\Users\miker\wake_word_project\data\negative\two\b6ebe225_nohash_0.wav,0.000348
C:\Users\miker\wake_word_project\data\negative\three\e71a9381_nohash_3.wav,0.021832
C:\Users\miker\wake_word_project\data\negative\zero\db8a3397_nohash_0.wav,0.002326
C:\Users\miker\wake_word_project\data\negative\up\24a3e589_nohash_3.wav,0.000423
C:\Users\miker\wake_word_project\data\negative\house\106a6183_nohash_0.wav,0.001833
C:\Users\miker\wake_word_project\data\negative\stop\bdee441c_nohash_2.wav,0.001537
C:\Users\miker\wake_word_project\data\negative\one\ffd2ba2f_nohash_0.wav,0.000904
C:\Users\miker\wake_word_project\data\negative\four\1e02ffc5_nohash_2.wav,0.000488
C:\Users\miker\wake_word_project\data\negative\go\f9643d42_nohash_1.wav,0.000602
C:\Users\miker\wake_word_project\data\negative\house\f618568f_nohash_0.wav,0.015488
C:\Users\miker\wake_word_project\data\negative\sheila\f19d1738_nohash_0.wav,0.023969
C:\Users\miker\wake_word_project\data\negative\left\3c1e12cf_nohash_2.wav,0.001828
C:\Users\miker\wake_word_project\data\negative\go\3bb68054_nohash_1.wav,0.000221
C:\Users\miker\wake_word_project\data\negative\left\3589bc72_nohash_1.wav,0.007111
C:\Users\miker\wake_word_project\data\negative\yes\cfbedff9_nohash_1.wav,0.001784
C:\Users\miker\wake_word_project\data\negative\learn\ccca5655_nohash_0.wav,0.003061
C:\Users\miker\wake_word_project\data\negative\up\8e523821_nohash_0.wav,0.000186
C:\Users\miker\wake_word_project\data\negative\four\a6f2fd71_nohash_2.wav,0.003197
C:\Users\miker\wake_word_project\data\negative\up\099d52ad_nohash_3.wav,0.001491
C:\Users\miker\wake_word_project\data\negative\up\8ec6dab6_nohash_2.wav,0.000106
C:\Users\miker\wake_word_project\data\negative\right\2bdbe5f7_nohash_3.wav,0.003219
C:\Users\miker\wake_word_project\data\negative\left\e2286c18_nohash_0.wav,0.069153
C:\Users\miker\wake_word_project\data\negative\one\dae01802_nohash_1.wav,0.000219
C:\Users\miker\wake_word_project\data\negative\nine\679463fc_nohash_0.wav,0.002486
C:\Users\miker\wake_word_project\data\negative\six\0f46028a_nohash_0.wav,0.001766
C:\Users\miker\wake_word_project\data\negative\zero\9f22307d_nohash_0.wav,0.000323
C:\Users\miker\wake_word_project\data\negative\visual\4e61bf96_nohash_1.wav,0.004085
C:\Users\miker\wake_word_project\data\negative\house\9f7079fe_nohash_0.wav,0.000516
C:\Users\miker\wake_word_project\data\negative\learn\b5cf6ea8_nohash_1.wav,0.002428
C:\Users\miker\wake_word_project\data\negative\eight\96d8bb6f_nohash_2.wav,0.005491
C:\Users\miker\wake_word_project\data\negative\six\8523766b_nohash_0.wav,0.006918
C:\Users\miker\wake_word_project\data\negative\two\96a48d28_nohash_3.wav,0.000251
C:\Users\miker\wake_word_project\data\negative\seven\fbb56351_nohash_2.wav,0.004341
C:\Users\miker\wake_word_project\data\negative\no\71d0ded4_nohash_2.wav,0.010611
C:\Users\miker\wake_word_project\data\negative\no\ef3367d9_nohash_0.wav,0.002537
C:\Users\miker\wake_word_project\data\negative\nine\4874a7e9_nohash_0.wav,0.000209
C:\Users\miker\wake_word_project\data\negative\zero\e53139ad_nohash_0.wav,0.000203
C:\Users\miker\wake_word_project\data\negative\five\65040d9b_nohash_0.wav,0.001188
C:\Users\miker\wake_word_project\data\negative\learn\ee6163d5_nohash_0.wav,0.001949
C:\Users\miker\wake_word_project\data\negative\bird\e57abea3_nohash_0.wav,0.016754
C:\Users\miker\wake_word_project\data\negative\up\dff327c5_nohash_1.wav,0.000454
C:\Users\miker\wake_word_project\data\negative\down\1ed0b13d_nohash_1.wav,0.001308
C:\Users\miker\wake_word_project\data\negative\nine\528f9242_nohash_0.wav,0.001071
C:\Users\miker\wake_word_project\data\negative\on\9a69672b_nohash_0.wav,0.000981
C:\Users\miker\wake_word_project\data\negative\tree\b665723d_nohash_0.wav,0.002986
C:\Users\miker\wake_word_project\data\negative\happy\99081f4d_nohash_0.wav,0.000201
C:\Users\miker\wake_word_project\data\negative\yes\0b7ee1a0_nohash_2.wav,0.003086
C:\Users\miker\wake_word_project\data\negative\one\d394ef8e_nohash_3.wav,0.000689
C:\Users\miker\wake_word_project\data\negative\four\dec73123_nohash_1.wav,0.001004
C:\Users\miker\wake_word_project\data\negative\four\728be664_nohash_0.wav,0.002768
C:\Users\miker\wake_word_project\data\negative\house\7c9b43f0_nohash_1.wav,0.000392
C:\Users\miker\wake_word_project\data\negative\six\1c45ceb2_nohash_0.wav,0.000452
C:\Users\miker\wake_word_project\data\negative\up\3c257192_nohash_0.wav,0.000617
C:\Users\miker\wake_word_project\data\negative\house\82d0d3ba_nohash_0.wav,0.001442
C:\Users\miker\wake_word_project\data\negative\five\1a994c9f_nohash_1.wav,0.000035
C:\Users\miker\wake_word_project\data\negative\eight\235b444f_nohash_2.wav,0.000262
C:\Users\miker\wake_word_project\data\negative\stop\ef2a3cfb_nohash_0.wav,0.000601
C:\Users\miker\wake_word_project\data\negative\wow\aa62fdad_nohash_1.wav,0.000330
C:\Users\miker\wake_word_project\data\negative\six\f44f440f_nohash_0.wav,0.001159
C:\Users\miker\wake_word_project\data\negative\go\bde0f20a_nohash_3.wav,0.000459
C:\Users\miker\wake_word_project\data\negative\go\d53e25ba_nohash_0.wav,0.000189
C:\Users\miker\wake_word_project\data\negative\cat\78102205_nohash_0.wav,0.000722
C:\Users\miker\wake_word_project\data\negative\two\57de2379_nohash_1.wav,0.000040
C:\Users\miker\wake_word_project\data\negative\seven\9bea2ac7_nohash_1.wav,0.000677
C:\Users\miker\wake_word_project\data\negative\go\421ed23f_nohash_0.wav,0.001275
C:\Users\miker\wake_word_project\data\negative\three\b80d6c5e_nohash_1.wav,0.000084
C:\Users\miker\wake_word_project\data\negative\go\856eb138_nohash_4.wav,0.000280
C:\Users\miker\wake_word_project\data\negative\cat\962f27eb_nohash_0.wav,0.000290
C:\Users\miker\wake_word_project\data\negative\down\d3831f6a_nohash_2.wav,0.006335
C:\Users\miker\wake_word_project\data\negative\off\96d8bb6f_nohash_1.wav,0.002037
C:\Users\miker\wake_word_project\data\negative\marvin\a13e0a74_nohash_1.wav,0.002814
C:\Users\miker\wake_word_project\data\negative\up\fb7eb481_nohash_2.wav,0.000485
C:\Users\miker\wake_word_project\data\negative\one\a108341b_nohash_2.wav,0.000932
C:\Users\miker\wake_word_project\data\negative\down\d7c60815_nohash_0.wav,0.004740
C:\Users\miker\wake_word_project\data\negative\two\bb6d4301_nohash_0.wav,0.000432
C:\Users\miker\wake_word_project\data\negative\yes\cce7416f_nohash_1.wav,0.014949
C:\Users\miker\wake_word_project\data\negative\five\1b627376_nohash_2.wav,0.002444
C:\Users\miker\wake_word_project\data\negative\backward\676f8138_nohash_1.wav,0.001196
C:\Users\miker\wake_word_project\data\negative\sheila\6f9088d7_nohash_0.wav,0.001130
C:\Users\miker\wake_word_project\data\negative\five\c4500713_nohash_1.wav,0.003458
C:\Users\miker\wake_word_project\data\negative\off\5e033479_nohash_3.wav,0.000508
C:\Users\miker\wake_word_project\data\negative\tree\7c83c5f6_nohash_0.wav,0.002358
C:\Users\miker\wake_word_project\data\negative\one\bbd0bbd0_nohash_3.wav,0.000970
C:\Users\miker\wake_word_project\data\negative\one\c885a039_nohash_0.wav,0.000647
C:\Users\miker\wake_word_project\data\negative\tree\4f5c0b28_nohash_1.wav,0.000198
C:\Users\miker\wake_word_project\data\negative\four\5efb758c_nohash_1.wav,0.000330
C:\Users\miker\wake_word_project\data\negative\yes\5165cf0a_nohash_1.wav,0.000759
C:\Users\miker\wake_word_project\data\negative\learn\ab46af55_nohash_0.wav,0.001247
C:\Users\miker\wake_word_project\data\negative\marvin\0ba018fc_nohash_0.wav,0.013179
C:\Users\miker\wake_word_project\data\negative\learn\845f8553_nohash_2.wav,0.003454
C:\Users\miker\wake_word_project\data\negative\cat\fbf3dd31_nohash_1.wav,0.001392
C:\Users\miker\wake_word_project\data\negative\yes\bf70feda_nohash_0.wav,0.010925
C:\Users\miker\wake_word_project\data\negative\down\7e7ca854_nohash_3.wav,0.001625
C:\Users\miker\wake_word_project\data\negative\tree\6d7af359_nohash_0.wav,0.010341
C:\Users\miker\wake_word_project\data\negative\six\893705bb_nohash_4.wav,0.009591
C:\Users\miker\wake_word_project\data\negative\go\7f9eb952_nohash_0.wav,0.000310
C:\Users\miker\wake_word_project\data\negative\seven\bc196f81_nohash_0.wav,0.003668
C:\Users\miker\wake_word_project\data\negative\wow\88d009d2_nohash_0.wav,0.000740
C:\Users\miker\wake_word_project\data\negative\visual\69a1a79f_nohash_3.wav,0.007741
C:\Users\miker\wake_word_project\data\negative\bird\9aa21fa9_nohash_0.wav,0.004816
C:\Users\miker\wake_word_project\data\negative\off\beb458a4_nohash_3.wav,0.018136
C:\Users\miker\wake_word_project\data\negative\follow\e4be0cf6_nohash_3.wav,0.000395
C:\Users\miker\wake_word_project\data\negative\bird\88e90bc1_nohash_0.wav,0.000169
C:\Users\miker\wake_word_project\data\negative\off\042186b8_nohash_0.wav,0.002793
C:\Users\miker\wake_word_project\data\negative\zero\5e1b34a6_nohash_1.wav,0.002383
C:\Users\miker\wake_word_project\data\negative\right\6640fdc0_nohash_0.wav,0.000597
C:\Users\miker\wake_word_project\data\negative\forward\c5a1e46c_nohash_0.wav,0.000706
C:\Users\miker\wake_word_project\data\negative\yes\197f4153_nohash_3.wav,0.002954
C:\Users\miker\wake_word_project\data\negative\learn\d962e5ac_nohash_1.wav,0.000994
C:\Users\miker\wake_word_project\data\negative\bird\9e075bf1_nohash_1.wav,0.000374
C:\Users\miker\wake_word_project\data\negative\backward\bdd22e4d_nohash_1.wav,0.011542
C:\Users\miker\wake_word_project\data\negative\left\3bb68054_nohash_2.wav,0.009123
C:\Users\miker\wake_word_project\data\negative\six\50a8ef27_nohash_2.wav,0.001108
C:\Users\miker\wake_word_project\data\negative\stop\7fd25f7c_nohash_3.wav,0.000580
C:\Users\miker\wake_word_project\data\negative\eight\113b3fbc_nohash_4.wav,0.000599
C:\Users\miker\wake_word_project\data\negative\marvin\e98cb283_nohash_0.wav,0.001863
C:\Users\miker\wake_word_project\data\negative\learn\676f8138_nohash_2.wav,0.002218
C:\Users\miker\wake_word_project\data\negative\on\fd5ccd39_nohash_3.wav,0.000563
C:\Users\miker\wake_word_project\data\negative\three\d1dd03ed_nohash_1.wav,0.000492
C:\Users\miker\wake_word_project\data\negative\seven\fd32732a_nohash_0.wav,0.006634
C:\Users\miker\wake_word_project\data\negative\seven\617aeb6c_nohash_0.wav,0.004494
C:\Users\miker\wake_word_project\data\negative\right\5b09db89_nohash_1.wav,0.004143
C:\Users\miker\wake_word_project\data\negative\eight\fd5ccd39_nohash_4.wav,0.008523
C:\Users\miker\wake_word_project\data\negative\right\b66f4f93_nohash_2.wav,0.001468
C:\Users\miker\wake_word_project\data\negative\one\77655bdf_nohash_0.wav,0.000840
C:\Users\miker\wake_word_project\data\negative\house\96a48d28_nohash_0.wav,0.001790
C:\Users\miker\wake_word_project\data\negative\four\21cbe292_nohash_1.wav,0.000647
C:\Users\miker\wake_word_project\data\negative\eight\3f45a0cf_nohash_3.wav,0.000992
C:\Users\miker\wake_word_project\data\negative\marvin\a74f3917_nohash_0.wav,0.030551
C:\Users\miker\wake_word_project\data\negative\five\eb0676ec_nohash_0.wav,0.080701
C:\Users\miker\wake_word_project\data\negative\wow\14872d06_nohash_0.wav,0.000158
C:\Users\miker\wake_word_project\data\negative\one\25e95412_nohash_2.wav,0.000179
C:\Users\miker\wake_word_project\data\negative\tree\24694eb6_nohash_1.wav,0.040926
C:\Users\miker\wake_word_project\data\negative\happy\a7200079_nohash_0.wav,0.010466
C:\Users\miker\wake_word_project\data\negative\visual\113b3fbc_nohash_3.wav,0.012632
C:\Users\miker\wake_word_project\data\negative\forward\c351e611_nohash_4.wav,0.004871
C:\Users\miker\wake_word_project\data\negative\bed\1942abd7_nohash_0.wav,0.000186
C:\Users\miker\wake_word_project\data\negative\wow\67c7fecb_nohash_1.wav,0.000708
C:\Users\miker\wake_word_project\data\negative\nine\063d48cf_nohash_0.wav,0.008846
C:\Users\miker\wake_word_project\data\negative\zero\72e382bd_nohash_2.wav,0.000541
C:\Users\miker\wake_word_project\data\negative\left\215699ff_nohash_3.wav,0.002741
C:\Users\miker\wake_word_project\data\negative\six\4ec7d027_nohash_0.wav,0.002801
C:\Users\miker\wake_word_project\data\negative\yes\5f1b1051_nohash_0.wav,0.000124
C:\Users\miker\wake_word_project\data\negative\four\24632875_nohash_0.wav,0.001958
C:\Users\miker\wake_word_project\data\negative\follow\ddedba85_nohash_7.wav,0.000084
C:\Users\miker\wake_word_project\data\negative\stop\c50f55b8_nohash_7.wav,0.000383
C:\Users\miker\wake_word_project\data\negative\three\bdee441c_nohash_4.wav,0.001070
C:\Users\miker\wake_word_project\data\negative\off\50033893_nohash_0.wav,0.000220
C:\Users\miker\wake_word_project\data\negative\on\195c120a_nohash_3.wav,0.001296
C:\Users\miker\wake_word_project\data\negative\seven\171edea9_nohash_2.wav,0.000425
C:\Users\miker\wake_word_project\data\negative\marvin\7bae88ed_nohash_1.wav,0.003923
C:\Users\miker\wake_word_project\data\negative\down\61e50f62_nohash_1.wav,0.000174
C:\Users\miker\wake_word_project\data\negative\off\264f471d_nohash_4.wav,0.003386
C:\Users\miker\wake_word_project\data\negative\two\5236848b_nohash_0.wav,0.000093
C:\Users\miker\wake_word_project\data\negative\down\b0f5b16d_nohash_2.wav,0.000127
C:\Users\miker\wake_word_project\data\negative\forward\a6f2fd71_nohash_3.wav,0.021884
C:\Users\miker\wake_word_project\data\negative\five\333784b7_nohash_1.wav,0.005174
C:\Users\miker\wake_word_project\data\negative\marvin\325a0c39_nohash_2.wav,0.016168
C:\Users\miker\wake_word_project\data\negative\happy\0f7205ef_nohash_1.wav,0.005463
C:\Users\miker\wake_word_project\data\negative\backward\8e523821_nohash_2.wav,0.002045
C:\Users\miker\wake_word_project\data\negative\happy\dfdabe19_nohash_0.wav,0.018301
C:\Users\miker\wake_word_project\data\negative\no\964e8cfd_nohash_4.wav,0.000923
C:\Users\miker\wake_word_project\data\negative\go\9fac5701_nohash_0.wav,0.000634
C:\Users\miker\wake_word_project\data\negative\on\be7a5b2d_nohash_0.wav,0.000991
C:\Users\miker\wake_word_project\data\negative\yes\3d53244b_nohash_0.wav,0.003831
C:\Users\miker\wake_word_project\data\negative\house\39a45230_nohash_1.wav,0.000555
C:\Users\miker\wake_word_project\data\negative\marvin\94d370bf_nohash_0.wav,0.006502
C:\Users\miker\wake_word_project\data\negative\left\5d4e3bb8_nohash_1.wav,0.011395
C:\Users\miker\wake_word_project\data\negative\six\cce7416f_nohash_6.wav,0.021327
C:\Users\miker\wake_word_project\data\negative\visual\64e48f55_nohash_0.wav,0.002513
C:\Users\miker\wake_word_project\data\negative\six\7fd25f7c_nohash_0.wav,0.010399
C:\Users\miker\wake_word_project\data\negative\backward\ed032775_nohash_2.wav,0.016752
C:\Users\miker\wake_word_project\data\negative\happy\ec989d6d_nohash_0.wav,0.002050
C:\Users\miker\wake_word_project\data\negative\tree\890e4ee2_nohash_2.wav,0.016957
C:\Users\miker\wake_word_project\data\negative\nine\c351e611_nohash_2.wav,0.001854
C:\Users\miker\wake_word_project\data\negative\up\20a0d54b_nohash_1.wav,0.000277
C:\Users\miker\wake_word_project\data\negative\go\a7200079_nohash_1.wav,0.028950
C:\Users\miker\wake_word_project\data\negative\dog\2c5e0347_nohash_0.wav,0.036502
C:\Users\miker\wake_word_project\data\negative\two\43b85b64_nohash_1.wav,0.000096
C:\Users\miker\wake_word_project\data\negative\eight\73f20b00_nohash_0.wav,0.010673
C:\Users\miker\wake_word_project\data\negative\one\61482e52_nohash_2.wav,0.003693
C:\Users\miker\wake_word_project\data\negative\left\890cc926_nohash_0.wav,0.050607
C:\Users\miker\wake_word_project\data\negative\five\cfbedff9_nohash_1.wav,0.002318
C:\Users\miker\wake_word_project\data\negative\off\4e99c1b7_nohash_1.wav,0.030359
C:\Users\miker\wake_word_project\data\negative\two\e41a903b_nohash_2.wav,0.000216
C:\Users\miker\wake_word_project\data\negative\right\a9ca1818_nohash_0.wav,0.000694
C:\Users\miker\wake_word_project\data\negative\up\8281a2a8_nohash_3.wav,0.000872
C:\Users\miker\wake_word_project\data\negative\yes\c6ee87a7_nohash_1.wav,0.016876
C:\Users\miker\wake_word_project\data\negative\left\b0f5b16d_nohash_1.wav,0.014449
C:\Users\miker\wake_word_project\data\negative\up\0a2b400e_nohash_0.wav,0.002145
C:\Users\miker\wake_word_project\data\negative\eight\6b889021_nohash_2.wav,0.006386
C:\Users\miker\wake_word_project\data\negative\three\bdee441c_nohash_2.wav,0.000613
C:\Users\miker\wake_word_project\data\negative\left\21832144_nohash_1.wav,0.009456
C:\Users\miker\wake_word_project\data\negative\no\0b56bcfe_nohash_0.wav,0.003872
C:\Users\miker\wake_word_project\data\negative\stop\e6515415_nohash_1.wav,0.001075
C:\Users\miker\wake_word_project\data\negative\go\1ba20be2_nohash_1.wav,0.001499
C:\Users\miker\wake_word_project\data\negative\go\0d90d8e1_nohash_0.wav,0.000767
C:\Users\miker\wake_word_project\data\negative\eight\f8ba7c0e_nohash_2.wav,0.000406
C:\Users\miker\wake_word_project\data\negative\one\cce7416f_nohash_11.wav,0.005808
C:\Users\miker\wake_word_project\data\negative\five\9fac5701_nohash_1.wav,0.001745
C:\Users\miker\wake_word_project\data\negative\one\050170cb_nohash_2.wav,0.000488
C:\Users\miker\wake_word_project\data\negative\yes\0f46028a_nohash_0.wav,0.000700
C:\Users\miker\wake_word_project\data\negative\stop\9a69672b_nohash_1.wav,0.001053
C:\Users\miker\wake_word_project\data\negative\no\3b8406c0_nohash_0.wav,0.000357
C:\Users\miker\wake_word_project\data\negative\off\af6fbbf5_nohash_1.wav,0.003187
C:\Users\miker\wake_word_project\data\negative\up\71f6fed7_nohash_0.wav,0.000328
C:\Users\miker\wake_word_project\data\negative\sheila\5f47fdf9_nohash_0.wav,0.002436
C:\Users\miker\wake_word_project\data\negative\one\92b0a735_nohash_1.wav,0.084778
C:\Users\miker\wake_word_project\data\negative\yes\5f8097e1_nohash_1.wav,0.001195
C:\Users\miker\wake_word_project\data\negative\seven\cce17a61_nohash_0.wav,0.000944
C:\Users\miker\wake_word_project\data\negative\zero\ccfd721c_nohash_1.wav,0.022185
C:\Users\miker\wake_word_project\data\negative\two\2510c044_nohash_1.wav,0.001360
C:\Users\miker\wake_word_project\data\negative\go\07089da9_nohash_3.wav,0.009276
C:\Users\miker\wake_word_project\data\negative\yes\85ac0c1b_nohash_0.wav,0.001895
C:\Users\miker\wake_word_project\data\negative\happy\03c96658_nohash_1.wav,0.032945
C:\Users\miker\wake_word_project\data\negative\two\b4ea0d9a_nohash_5.wav,0.002150
C:\Users\miker\wake_word_project\data\negative\yes\4634529e_nohash_2.wav,0.001944
C:\Users\miker\wake_word_project\data\negative\stop\3d53244b_nohash_2.wav,0.003442
C:\Users\miker\wake_word_project\data\negative\down\35d1b6ee_nohash_2.wav,0.003539
C:\Users\miker\wake_word_project\data\negative\seven\6aa8def4_nohash_1.wav,0.010816
C:\Users\miker\wake_word_project\data\negative\on\be91a00a_nohash_0.wav,0.000125
C:\Users\miker\wake_word_project\data\negative\seven\83957201_nohash_0.wav,0.001484
C:\Users\miker\wake_word_project\data\negative\up\840eab5a_nohash_0.wav,0.000040
C:\Users\miker\wake_word_project\data\negative\down\18f8afd5_nohash_0.wav,0.003662
C:\Users\miker\wake_word_project\data\negative\six\2e75d37a_nohash_4.wav,0.002740
C:\Users\miker\wake_word_project\data\negative\eight\3ca784ec_nohash_0.wav,0.002721
C:\Users\miker\wake_word_project\data\negative\dog\262d7a03_nohash_1.wav,0.014174
C:\Users\miker\wake_word_project\data\negative\sheila\44715c1c_nohash_0.wav,0.145303
C:\Users\miker\wake_word_project\data\negative\right\c0c0d87d_nohash_0.wav,0.001594
C:\Users\miker\wake_word_project\data\negative\four\735845ab_nohash_4.wav,0.000534
C:\Users\miker\wake_word_project\data\negative\six\7eee5973_nohash_0.wav,0.004062
C:\Users\miker\wake_word_project\data\negative\seven\c79159aa_nohash_1.wav,0.012477
C:\Users\miker\wake_word_project\data\negative\five\834f03fe_nohash_1.wav,0.001143
C:\Users\miker\wake_word_project\data\negative\five\fa446c16_nohash_0.wav,0.000420
C:\Users\miker\wake_word_project\data\negative\seven\3d6bee47_nohash_1.wav,0.004022
C:\Users\miker\wake_word_project\data\negative\eight\62641b88_nohash_0.wav,0.002231
C:\Users\miker\wake_word_project\data\negative\two\b4bef564_nohash_0.wav,0.000226
C:\Users\miker\wake_word_project\data\negative\four\9448c397_nohash_2.wav,0.000458
C:\Users\miker\wake_word_project\data\negative\up\f798ac78_nohash_2.wav,0.000690
C:\Users\miker\wake_word_project\data\negative\six\d278d8ef_nohash_3.wav,0.023838
C:\Users\miker\wake_word_project\data\negative\right\2a0b413e_nohash_1.wav,0.002384
C:\Users\miker\wake_word_project\data\negative\down\89ed36ab_nohash_0.wav,0.001218
C:\Users\miker\wake_word_project\data\negative\right\eaa83485_nohash_3.wav,0.001285
C:\Users\miker\wake_word_project\data\negative\on\b5552931_nohash_4.wav,0.000555
C:\Users\miker\wake_word_project\data\negative\cat\c5c60d8d_nohash_0.wav,0.000855
C:\Users\miker\wake_word_project\data\negative\on\f618568f_nohash_0.wav,0.000885
C:\Users\miker\wake_word_project\data\negative\eight\eb76bc68_nohash_0.wav,0.000265
C:\Users\miker\wake_word_project\data\negative\seven\01bb6a2a_nohash_0.wav,0.031014
C:\Users\miker\wake_word_project\data\negative\off\aa80f517_nohash_4.wav,0.000525
C:\Users\miker\wake_word_project\data\negative\one\1626bc5a_nohash_2.wav,0.001045
C:\Users\miker\wake_word_project\data\negative\six\2bdbe5f7_nohash_2.wav,0.012137
C:\Users\miker\wake_word_project\data\negative\cat\e8d562ca_nohash_0.wav,0.005998
C:\Users\miker\wake_word_project\data\negative\sheila\fd9c7413_nohash_0.wav,0.000715
C:\Users\miker\wake_word_project\data\negative\one\409c962a_nohash_1.wav,0.001547
C:\Users\miker\wake_word_project\data\negative\two\7213ed54_nohash_3.wav,0.000095
C:\Users\miker\wake_word_project\data\negative\zero\f822b9bf_nohash_4.wav,0.005727
C:\Users\miker\wake_word_project\data\negative\left\977a3be4_nohash_0.wav,0.002042
C:\Users\miker\wake_word_project\data\negative\visual\6fb3d5a7_nohash_4.wav,0.009234
C:\Users\miker\wake_word_project\data\negative\bed\9b027ecf_nohash_1.wav,0.003575
C:\Users\miker\wake_word_project\data\negative\no\fa52ddf6_nohash_2.wav,0.006316
C:\Users\miker\wake_word_project\data\negative\happy\74241b28_nohash_0.wav,0.008115
C:\Users\miker\wake_word_project\data\negative\backward\3b195250_nohash_2.wav,0.004136
C:\Users\miker\wake_word_project\data\negative\go\01bb6a2a_nohash_1.wav,0.021449
C:\Users\miker\wake_word_project\data\negative\six\af790082_nohash_4.wav,0.003343
C:\Users\miker\wake_word_project\data\negative\dog\da584bc0_nohash_0.wav,0.001118
C:\Users\miker\wake_word_project\data\negative\cat\1a073312_nohash_0.wav,0.000374
C:\Users\miker\wake_word_project\data\negative\off\f30285c8_nohash_0.wav,0.000404
C:\Users\miker\wake_word_project\data\negative\nine\40b60ae9_nohash_2.wav,0.018973
C:\Users\miker\wake_word_project\data\negative\up\61e2f74f_nohash_3.wav,0.004920
C:\Users\miker\wake_word_project\data\negative\dog\46114b4e_nohash_1.wav,0.001353
C:\Users\miker\wake_word_project\data\negative\seven\ec989d6d_nohash_0.wav,0.001447
C:\Users\miker\wake_word_project\data\negative\dog\106a6183_nohash_0.wav,0.000482
C:\Users\miker\wake_word_project\data\negative\dog\9f7079fe_nohash_0.wav,0.000246
C:\Users\miker\wake_word_project\data\negative\one\9e46cfa1_nohash_3.wav,0.000796
C:\Users\miker\wake_word_project\data\negative\bird\3e549219_nohash_0.wav,0.002915
C:\Users\miker\wake_word_project\data\negative\learn\a77fbcfd_nohash_4.wav,0.011971
C:\Users\miker\wake_word_project\data\negative\off\6bf5baf3_nohash_4.wav,0.004848
C:\Users\miker\wake_word_project\data\negative\forward\365908bd_nohash_0.wav,0.011254
C:\Users\miker\wake_word_project\data\negative\yes\c120e80e_nohash_1.wav,0.005147
C:\Users\miker\wake_word_project\data\negative\five\0b40aa8e_nohash_0.wav,0.000238
C:\Users\miker\wake_word_project\data\negative\yes\a929f9b9_nohash_1.wav,0.000359
C:\Users\miker\wake_word_project\data\negative\three\d394ef8e_nohash_0.wav,0.005760
C:\Users\miker\wake_word_project\data\negative\visual\f5341341_nohash_0.wav,0.003333
C:\Users\miker\wake_word_project\data\negative\three\fb01a182_nohash_1.wav,0.000321
C:\Users\miker\wake_word_project\data\negative\off\d21fd169_nohash_4.wav,0.012839
C:\Users\miker\wake_word_project\data\negative\no\42f81601_nohash_0.wav,0.001027
C:\Users\miker\wake_word_project\data\negative\no\8a5acefd_nohash_0.wav,0.002843
C:\Users\miker\wake_word_project\data\negative\on\cc3b5b62_nohash_2.wav,0.001426
C:\Users\miker\wake_word_project\data\negative\no\5fe4a278_nohash_1.wav,0.001328
C:\Users\miker\wake_word_project\data\negative\no\50928b05_nohash_0.wav,0.019436
C:\Users\miker\wake_word_project\data\negative\down\28ed6bc9_nohash_0.wav,0.000110
C:\Users\miker\wake_word_project\data\negative\two\c5c60d8d_nohash_1.wav,0.000753
C:\Users\miker\wake_word_project\data\negative\two\12c206ea_nohash_0.wav,0.000220
C:\Users\miker\wake_word_project\data\negative\seven\dbaf8fc6_nohash_1.wav,0.001414
C:\Users\miker\wake_word_project\data\negative\eight\f3d06008_nohash_0.wav,0.000225
C:\Users\miker\wake_word_project\data\negative\tree\876c84d6_nohash_0.wav,0.004926
C:\Users\miker\wake_word_project\data\negative\nine\611d2b50_nohash_0.wav,0.002760
C:\Users\miker\wake_word_project\data\negative\eight\7846fd85_nohash_2.wav,0.000117
C:\Users\miker\wake_word_project\data\negative\forward\1b5ba788_nohash_1.wav,0.000803
C:\Users\miker\wake_word_project\data\negative\seven\cb62dbf1_nohash_2.wav,0.002686
C:\Users\miker\wake_word_project\data\negative\no\e1469561_nohash_1.wav,0.006036
C:\Users\miker\wake_word_project\data\negative\seven\893705bb_nohash_0.wav,0.000543
C:\Users\miker\wake_word_project\data\negative\eight\c2657ba5_nohash_0.wav,0.000554
C:\Users\miker\wake_word_project\data\negative\visual\d5b963aa_nohash_0.wav,0.010211
C:\Users\miker\wake_word_project\data\negative\go\2a1f4853_nohash_4.wav,0.002246
C:\Users\miker\wake_word_project\data\negative\backward\42f81601_nohash_2.wav,0.018284
C:\Users\miker\wake_word_project\data\negative\yes\528f9242_nohash_0.wav,0.002856
C:\Users\miker\wake_word_project\data\negative\bed\ac7840d8_nohash_0.wav,0.000391
C:\Users\miker\wake_word_project\data\negative\left\3b8406c0_nohash_1.wav,0.000955
C:\Users\miker\wake_word_project\data\negative\one\4845bb10_nohash_2.wav,0.003363
C:\Users\miker\wake_word_project\data\negative\two\7c1d8533_nohash_0.wav,0.012207
C:\Users\miker\wake_word_project\data\negative\visual\1b5ba788_nohash_2.wav,0.016906
C:\Users\miker\wake_word_project\data\negative\sheila\106a6183_nohash_0.wav,0.002200
C:\Users\miker\wake_word_project\data\negative\off\f68160c0_nohash_2.wav,0.000886
C:\Users\miker\wake_word_project\data\negative\seven\a3fc7884_nohash_0.wav,0.008924
C:\Users\miker\wake_word_project\data\negative\no\6d2d3b0d_nohash_2.wav,0.000334
C:\Users\miker\wake_word_project\data\negative\go\6565a81d_nohash_1.wav,0.000507
C:\Users\miker\wake_word_project\data\negative\happy\050170cb_nohash_0.wav,0.002175
C:\Users\miker\wake_word_project\data\negative\one\333784b7_nohash_2.wav,0.002148
C:\Users\miker\wake_word_project\data\negative\nine\51c5601d_nohash_0.wav,0.007248
C:\Users\miker\wake_word_project\data\negative\five\afe0b87d_nohash_1.wav,0.001909
C:\Users\miker\wake_word_project\data\negative\house\be0f2293_nohash_1.wav,0.000713
C:\Users\miker\wake_word_project\data\negative\forward\f2f0d244_nohash_0.wav,0.000657
C:\Users\miker\wake_word_project\data\negative\visual\9be15e93_nohash_4.wav,0.001823
C:\Users\miker\wake_word_project\data\negative\yes\a6d586b7_nohash_0.wav,0.006272
C:\Users\miker\wake_word_project\data\negative\eight\42a99aec_nohash_1.wav,0.004561
C:\Users\miker\wake_word_project\data\negative\bird\46114b4e_nohash_0.wav,0.000486
C:\Users\miker\wake_word_project\data\negative\two\035de8fe_nohash_1.wav,0.000313
C:\Users\miker\wake_word_project\data\negative\off\c9e251d2_nohash_0.wav,0.000740
C:\Users\miker\wake_word_project\data\negative\stop\e9323bd9_nohash_0.wav,0.050647
C:\Users\miker\wake_word_project\data\negative\yes\ab46af55_nohash_1.wav,0.001260
C:\Users\miker\wake_word_project\data\negative\bed\333784b7_nohash_0.wav,0.005764
C:\Users\miker\wake_word_project\data\negative\go\c79159aa_nohash_4.wav,0.002928
C:\Users\miker\wake_word_project\data\negative\four\9a69672b_nohash_0.wav,0.002340
C:\Users\miker\wake_word_project\data\negative\dog\8335f893_nohash_0.wav,0.002274
C:\Users\miker\wake_word_project\data\negative\down\da040491_nohash_2.wav,0.000143
C:\Users\miker\wake_word_project\data\negative\stop\3102f006_nohash_0.wav,0.008700
C:\Users\miker\wake_word_project\data\negative\bird\5eb5fc74_nohash_0.wav,0.000119
C:\Users\miker\wake_word_project\data\negative\on\bbf38549_nohash_0.wav,0.002121
C:\Users\miker\wake_word_project\data\negative\stop\51f7a034_nohash_0.wav,0.000479
C:\Users\miker\wake_word_project\data\negative\two\69a1a79f_nohash_4.wav,0.001669
C:\Users\miker\wake_word_project\data\negative\up\8012c69d_nohash_1.wav,0.001954
C:\Users\miker\wake_word_project\data\negative\cat\53578f4e_nohash_0.wav,0.000288
C:\Users\miker\wake_word_project\data\negative\go\ea0cf37f_nohash_2.wav,0.000078
C:\Users\miker\wake_word_project\data\negative\wow\a55105d0_nohash_0.wav,0.000079
C:\Users\miker\wake_word_project\data\negative\cat\0819edb0_nohash_1.wav,0.000192
C:\Users\miker\wake_word_project\data\negative\off\32561e9e_nohash_3.wav,0.000674
C:\Users\miker\wake_word_project\data\negative\on\7c2a3fa4_nohash_0.wav,0.001319
C:\Users\miker\wake_word_project\data\negative\go\94e6864f_nohash_0.wav,0.001473
C:\Users\miker\wake_word_project\data\negative\seven\e0315cf6_nohash_2.wav,0.001202
C:\Users\miker\wake_word_project\data\negative\yes\42f81601_nohash_3.wav,0.002905
C:\Users\miker\wake_word_project\data\negative\yes\f8ad3941_nohash_1.wav,0.002784
C:\Users\miker\wake_word_project\data\negative\cat\d394ef8e_nohash_0.wav,0.001900
C:\Users\miker\wake_word_project\data\negative\five\305776dd_nohash_2.wav,0.000515
C:\Users\miker\wake_word_project\data\negative\right\b4ea0d9a_nohash_5.wav,0.000477
C:\Users\miker\wake_word_project\data\negative\learn\d1dd03ed_nohash_0.wav,0.000764
C:\Users\miker\wake_word_project\data\negative\go\92a9c5e6_nohash_2.wav,0.001207
C:\Users\miker\wake_word_project\data\negative\wow\1993db46_nohash_2.wav,0.000942
C:\Users\miker\wake_word_project\data\negative\six\9b8a7439_nohash_2.wav,0.020516
C:\Users\miker\wake_word_project\data\negative\left\f30285c8_nohash_2.wav,0.048810
C:\Users\miker\wake_word_project\data\negative\six\a77fbcfd_nohash_2.wav,0.007889
C:\Users\miker\wake_word_project\data\negative\stop\52e228e9_nohash_0.wav,0.007233
C:\Users\miker\wake_word_project\data\negative\yes\db8a3397_nohash_2.wav,0.001726
C:\Users\miker\wake_word_project\data\negative\two\70a00e98_nohash_1.wav,0.000618
C:\Users\miker\wake_word_project\data\negative\marvin\01bcfc0c_nohash_0.wav,0.030733
C:\Users\miker\wake_word_project\data\negative\go\ac4b3fc3_nohash_1.wav,0.009261
C:\Users\miker\wake_word_project\data\negative\left\5ac04a92_nohash_2.wav,0.127761
C:\Users\miker\wake_word_project\data\negative\five\4b39347d_nohash_0.wav,0.006046
C:\Users\miker\wake_word_project\data\negative\two\0362539c_nohash_1.wav,0.002722
C:\Users\miker\wake_word_project\data\negative\seven\460209ac_nohash_4.wav,0.000124
C:\Users\miker\wake_word_project\data\negative\go\1dc86f91_nohash_2.wav,0.000064
C:\Users\miker\wake_word_project\data\negative\off\98ea0818_nohash_2.wav,0.000530
C:\Users\miker\wake_word_project\data\negative\left\4fd1443e_nohash_0.wav,0.002175
C:\Users\miker\wake_word_project\data\negative\house\b6e6aa2e_nohash_0.wav,0.001069
C:\Users\miker\wake_word_project\data\negative\sheila\da040491_nohash_0.wav,0.001392
C:\Users\miker\wake_word_project\data\negative\stop\1e02ffc5_nohash_2.wav,0.001044
C:\Users\miker\wake_word_project\data\negative\wow\54412eae_nohash_0.wav,0.000089
C:\Users\miker\wake_word_project\data\negative\follow\d3831f6a_nohash_4.wav,0.002102
C:\Users\miker\wake_word_project\data\negative\three\472b8045_nohash_1.wav,0.001255
C:\Users\miker\wake_word_project\data\negative\two\a929f9b9_nohash_3.wav,0.000293
C:\Users\miker\wake_word_project\data\negative\on\15b0c947_nohash_0.wav,0.016120
C:\Users\miker\wake_word_project\data\negative\sheila\ca4912b6_nohash_0.wav,0.005452
C:\Users\miker\wake_word_project\data\negative\right\686d030b_nohash_2.wav,0.001901
C:\Users\miker\wake_word_project\data\negative\cat\33246bc2_nohash_0.wav,0.000204
C:\Users\miker\wake_word_project\data\negative\nine\3efef882_nohash_0.wav,0.009804
C:\Users\miker\wake_word_project\data\negative\three\e71b4ce6_nohash_0.wav,0.001019
C:\Users\miker\wake_word_project\data\negative\two\645ed69d_nohash_2.wav,0.002049
C:\Users\miker\wake_word_project\data\negative\no\815f0f03_nohash_0.wav,0.005513
C:\Users\miker\wake_word_project\data\negative\zero\47565088_nohash_1.wav,0.001937
C:\Users\miker\wake_word_project\data\negative\seven\61abbf52_nohash_0.wav,0.017127
C:\Users\miker\wake_word_project\data\negative\left\f2898d06_nohash_2.wav,0.001876
C:\Users\miker\wake_word_project\data\negative\up\3cc595de_nohash_3.wav,0.000048
C:\Users\miker\wake_word_project\data\negative\off\b414c653_nohash_1.wav,0.000227
C:\Users\miker\wake_word_project\data\negative\off\6727b579_nohash_0.wav,0.003014
C:\Users\miker\wake_word_project\data\negative\five\7e7ca854_nohash_1.wav,0.000158
C:\Users\miker\wake_word_project\data\negative\left\4995d875_nohash_2.wav,0.001377
C:\Users\miker\wake_word_project\data\negative\no\5677ec77_nohash_1.wav,0.001764
C:\Users\miker\wake_word_project\data\negative\forward\91ffb786_nohash_0.wav,0.001514
C:\Users\miker\wake_word_project\data\negative\yes\435695e3_nohash_1.wav,0.038982
C:\Users\miker\wake_word_project\data\negative\seven\ced4e2a1_nohash_1.wav,0.001750
C:\Users\miker\wake_word_project\data\negative\one\aba19127_nohash_2.wav,0.000595
C:\Users\miker\wake_word_project\data\negative\go\ca4912b6_nohash_0.wav,0.001234
C:\Users\miker\wake_word_project\data\negative\go\3de53d23_nohash_0.wav,0.001209
C:\Users\miker\wake_word_project\data\negative\left\51995cea_nohash_0.wav,0.001790
C:\Users\miker\wake_word_project\data\negative\up\a928cc5b_nohash_0.wav,0.000442
C:\Users\miker\wake_word_project\data\negative\five\53458368_nohash_1.wav,0.068410
C:\Users\miker\wake_word_project\data\negative\zero\ef77b778_nohash_4.wav,0.001619
C:\Users\miker\wake_word_project\data\negative\one\4874a7e9_nohash_1.wav,0.000203
C:\Users\miker\wake_word_project\data\negative\cat\e5e54cee_nohash_1.wav,0.001513
C:\Users\miker\wake_word_project\data\negative\six\1eddce1d_nohash_1.wav,0.087322
C:\Users\miker\wake_word_project\data\negative\off\8fe67225_nohash_4.wav,0.001124
C:\Users\miker\wake_word_project\data\negative\off\b4aa9fef_nohash_0.wav,0.000996
C:\Users\miker\wake_word_project\data\negative\sheila\e4b02540_nohash_0.wav,0.003070
C:\Users\miker\wake_word_project\data\negative\seven\94e6864f_nohash_1.wav,0.003479
C:\Users\miker\wake_word_project\data\negative\eight\fc3ba625_nohash_0.wav,0.022017
C:\Users\miker\wake_word_project\data\negative\no\bd76a7fd_nohash_4.wav,0.001749
C:\Users\miker\wake_word_project\data\negative\go\d9aa8c90_nohash_4.wav,0.000012
C:\Users\miker\wake_word_project\data\negative\happy\80b8eab4_nohash_1.wav,0.002727
C:\Users\miker\wake_word_project\data\negative\four\81332c92_nohash_4.wav,0.000249
C:\Users\miker\wake_word_project\data\negative\marvin\a0f93943_nohash_0.wav,0.001980
C:\Users\miker\wake_word_project\data\negative\tree\079d1020_nohash_0.wav,0.089661
C:\Users\miker\wake_word_project\data\negative\down\1efdf53f_nohash_0.wav,0.000189
C:\Users\miker\wake_word_project\data\negative\on\d7ca14ef_nohash_0.wav,0.001647
C:\Users\miker\wake_word_project\data\negative\no\264f471d_nohash_4.wav,0.019017
C:\Users\miker\wake_word_project\data\negative\down\9a4d12fd_nohash_0.wav,0.004603
C:\Users\miker\wake_word_project\data\negative\seven\bfb10243_nohash_1.wav,0.001329
C:\Users\miker\wake_word_project\data\negative\four\0d90d8e1_nohash_0.wav,0.002106
C:\Users\miker\wake_word_project\data\negative\cat\8549f25d_nohash_0.wav,0.000842
C:\Users\miker\wake_word_project\data\negative\house\50d1c8e3_nohash_0.wav,0.019810
C:\Users\miker\wake_word_project\data\negative\no\5e3dde6b_nohash_0.wav,0.002101
C:\Users\miker\wake_word_project\data\negative\two\7d6b4b10_nohash_0.wav,0.000221
C:\Users\miker\wake_word_project\data\negative\stop\92e17cc4_nohash_1.wav,0.002386
C:\Users\miker\wake_word_project\data\negative\stop\8134f43f_nohash_0.wav,0.012746
C:\Users\miker\wake_word_project\data\negative\bird\bdb90d38_nohash_2.wav,0.001183
C:\Users\miker\wake_word_project\data\negative\dog\d7a58714_nohash_2.wav,0.044013
C:\Users\miker\wake_word_project\data\negative\forward\ef3367d9_nohash_2.wav,0.007464
C:\Users\miker\wake_word_project\data\negative\zero\e54a0f16_nohash_0.wav,0.006478
C:\Users\miker\wake_word_project\data\negative\yes\845f8553_nohash_3.wav,0.002764
C:\Users\miker\wake_word_project\data\negative\six\f9af0887_nohash_0.wav,0.001258
C:\Users\miker\wake_word_project\data\negative\visual\8b367d88_nohash_1.wav,0.000517
C:\Users\miker\wake_word_project\data\negative\two\64f83f0e_nohash_0.wav,0.014752
C:\Users\miker\wake_word_project\data\negative\sheila\fe291fa9_nohash_1.wav,0.001423
C:\Users\miker\wake_word_project\data\negative\four\f9643d42_nohash_3.wav,0.001833
C:\Users\miker\wake_word_project\data\negative\one\d926bb17_nohash_1.wav,0.000553
C:\Users\miker\wake_word_project\data\negative\four\b528edb3_nohash_2.wav,0.001144
C:\Users\miker\wake_word_project\data\negative\marvin\c885a039_nohash_1.wav,0.001861
C:\Users\miker\wake_word_project\data\negative\left\65c73b55_nohash_1.wav,0.016870
C:\Users\miker\wake_word_project\data\negative\bed\2e75d37a_nohash_0.wav,0.004216
C:\Users\miker\wake_word_project\data\negative\four\cb72dfb6_nohash_0.wav,0.000519
C:\Users\miker\wake_word_project\data\negative\four\095847e4_nohash_2.wav,0.000746
C:\Users\miker\wake_word_project\data\negative\wow\b087aa0e_nohash_1.wav,0.001272
C:\Users\miker\wake_word_project\data\negative\eight\6aafb34f_nohash_0.wav,0.000459
C:\Users\miker\wake_word_project\data\negative\yes\06a79a03_nohash_2.wav,0.001161
C:\Users\miker\wake_word_project\data\negative\yes\42beb5eb_nohash_0.wav,0.000608
C:\Users\miker\wake_word_project\data\negative\one\d21fd169_nohash_4.wav,0.001383
C:\Users\miker\wake_word_project\data\negative\go\d71ad617_nohash_0.wav,0.003942
C:\Users\miker\wake_word_project\data\negative\up\3903b558_nohash_1.wav,0.000175
C:\Users\miker\wake_word_project\data\negative\stop\8ca3b1db_nohash_1.wav,0.000052
C:\Users\miker\wake_word_project\data\negative\four\89947bd7_nohash_0.wav,0.005690
C:\Users\miker\wake_word_project\data\negative\off\004ae714_nohash_0.wav,0.000533
C:\Users\miker\wake_word_project\data\negative\go\be7a5b2d_nohash_0.wav,0.001076
C:\Users\miker\wake_word_project\data\negative\sheila\8a90cf67_nohash_0.wav,0.000530
C:\Users\miker\wake_word_project\data\negative\marvin\161fcca8_nohash_0.wav,0.010518
C:\Users\miker\wake_word_project\data\negative\yes\f5341341_nohash_1.wav,0.000047
C:\Users\miker\wake_word_project\data\negative\learn\4c3cddb8_nohash_2.wav,0.002111
C:\Users\miker\wake_word_project\data\negative\no\7d4beb11_nohash_0.wav,0.000021
C:\Users\miker\wake_word_project\data\negative\one\66cff190_nohash_1.wav,0.002177
C:\Users\miker\wake_word_project\data\negative\seven\b2ae3928_nohash_1.wav,0.005110
C:\Users\miker\wake_word_project\data\negative\tree\2ce7534c_nohash_3.wav,0.001663
C:\Users\miker\wake_word_project\data\negative\nine\c1d39ce8_nohash_2.wav,0.004006
C:\Users\miker\wake_word_project\data\negative\happy\ed032775_nohash_0.wav,0.001393
C:\Users\miker\wake_word_project\data\negative\nine\c41d9052_nohash_0.wav,0.002518
C:\Users\miker\wake_word_project\data\negative\right\fdb5155e_nohash_1.wav,0.000008
C:\Users\miker\wake_word_project\data\negative\right\779de043_nohash_2.wav,0.000591
C:\Users\miker\wake_word_project\data\negative\one\65040d9b_nohash_0.wav,0.002772
C:\Users\miker\wake_word_project\data\negative\down\c87a578d_nohash_0.wav,0.000243
C:\Users\miker\wake_word_project\data\negative\zero\d394ef8e_nohash_0.wav,0.001880
C:\Users\miker\wake_word_project\data\negative\visual\5f1253e9_nohash_0.wav,0.004294
C:\Users\miker\wake_word_project\data\negative\yes\837f7378_nohash_0.wav,0.005166
C:\Users\miker\wake_word_project\data\negative\left\fc3ba625_nohash_2.wav,0.034432
C:\Users\miker\wake_word_project\data\negative\four\7fb8d703_nohash_1.wav,0.009074
C:\Users\miker\wake_word_project\data\negative\no\24a3e589_nohash_1.wav,0.000711
C:\Users\miker\wake_word_project\data\negative\left\bfaf2000_nohash_0.wav,0.003190
C:\Users\miker\wake_word_project\data\negative\off\9be15e93_nohash_1.wav,0.000295
C:\Users\miker\wake_word_project\data\negative\cat\2144be19_nohash_0.wav,0.000497
C:\Users\miker\wake_word_project\data\negative\six\211b928a_nohash_0.wav,0.000298
C:\Users\miker\wake_word_project\data\negative\go\1fc04a13_nohash_0.wav,0.000258
C:\Users\miker\wake_word_project\data\negative\wow\aeb99b1c_nohash_1.wav,0.000290
C:\Users\miker\wake_word_project\data\negative\five\617de221_nohash_2.wav,0.004050
C:\Users\miker\wake_word_project\data\negative\bed\3ed3e49a_nohash_0.wav,0.000183
C:\Users\miker\wake_word_project\data\negative\happy\dfb6450b_nohash_1.wav,0.003711
C:\Users\miker\wake_word_project\data\negative\sheila\a108341b_nohash_0.wav,0.005229
C:\Users\miker\wake_word_project\data\negative\six\db72a474_nohash_0.wav,0.003953
C:\Users\miker\wake_word_project\data\negative\six\b55a09be_nohash_1.wav,0.002439
C:\Users\miker\wake_word_project\data\negative\visual\2e7fac30_nohash_0.wav,0.001852
C:\Users\miker\wake_word_project\data\negative\off\bcdaa7a9_nohash_0.wav,0.000822
C:\Users\miker\wake_word_project\data\negative\left\229978fd_nohash_3.wav,0.008386
C:\Users\miker\wake_word_project\data\negative\five\99e6cab8_nohash_0.wav,0.003512
C:\Users\miker\wake_word_project\data\negative\four\3d3ddaf8_nohash_0.wav,0.000336
C:\Users\miker\wake_word_project\data\negative\marvin\990ebd1f_nohash_0.wav,0.000893
C:\Users\miker\wake_word_project\data\negative\go\68dd409e_nohash_1.wav,0.000777
C:\Users\miker\wake_word_project\data\negative\no\72242187_nohash_4.wav,0.001422
C:\Users\miker\wake_word_project\data\negative\six\616420be_nohash_1.wav,0.004971
C:\Users\miker\wake_word_project\data\negative\go\f2f0d244_nohash_0.wav,0.000314
C:\Users\miker\wake_word_project\data\negative\right\8b25410a_nohash_2.wav,0.002314
C:\Users\miker\wake_word_project\data\negative\sheila\735845ab_nohash_0.wav,0.001527
C:\Users\miker\wake_word_project\data\negative\tree\9c24bc76_nohash_0.wav,0.003512
C:\Users\miker\wake_word_project\data\negative\two\d8521ea0_nohash_0.wav,0.005346
C:\Users\miker\wake_word_project\data\negative\nine\0a396ff2_nohash_0.wav,0.051411
C:\Users\miker\wake_word_project\data\negative\happy\a879a2c3_nohash_0.wav,0.000675
C:\Users\miker\wake_word_project\data\negative\yes\936de313_nohash_0.wav,0.003184
C:\Users\miker\wake_word_project\data\negative\right\28ed6bc9_nohash_1.wav,0.000423
C:\Users\miker\wake_word_project\data\negative\visual\79903546_nohash_0.wav,0.004711
C:\Users\miker\wake_word_project\data\negative\three\d7a58714_nohash_0.wav,0.034916
C:\Users\miker\wake_word_project\data\negative\wow\97f493b9_nohash_2.wav,0.000438
C:\Users\miker\wake_word_project\data\negative\right\39a12648_nohash_3.wav,0.002166
C:\Users\miker\wake_word_project\data\negative\one\3589bc72_nohash_1.wav,0.002371
C:\Users\miker\wake_word_project\data\negative\follow\3b195250_nohash_2.wav,0.002255
C:\Users\miker\wake_word_project\data\negative\wow\2c6d3924_nohash_0.wav,0.001038
C:\Users\miker\wake_word_project\data\negative\zero\9aa21fa9_nohash_2.wav,0.001140
C:\Users\miker\wake_word_project\data\negative\nine\87070229_nohash_1.wav,0.000815
C:\Users\miker\wake_word_project\data\negative\follow\51c5601d_nohash_1.wav,0.000609
C:\Users\miker\wake_word_project\data\negative\five\2fcb6397_nohash_3.wav,0.010648
C:\Users\miker\wake_word_project\data\negative\visual\31f01a8d_nohash_4.wav,0.002138
C:\Users\miker\wake_word_project\data\negative\sheila\329eab8a_nohash_0.wav,0.000273
C:\Users\miker\wake_word_project\data\negative\right\256c0a05_nohash_3.wav,0.012743
C:\Users\miker\wake_word_project\data\negative\forward\954f190f_nohash_2.wav,0.000923
C:\Users\miker\wake_word_project\data\negative\seven\f5341341_nohash_2.wav,0.001567
C:\Users\miker\wake_word_project\data\negative\three\d962e5ac_nohash_0.wav,0.001372
C:\Users\miker\wake_word_project\data\negative\cat\f618568f_nohash_1.wav,0.000153
C:\Users\miker\wake_word_project\data\negative\seven\5f5eef60_nohash_0.wav,0.000413
C:\Users\miker\wake_word_project\data\negative\bird\619b5164_nohash_0.wav,0.001588
C:\Users\miker\wake_word_project\data\negative\dog\edc53350_nohash_2.wav,0.005398
C:\Users\miker\wake_word_project\data\negative\cat\5104f2f4_nohash_0.wav,0.000004
C:\Users\miker\wake_word_project\data\negative\yes\9b5815cd_nohash_0.wav,0.000990
C:\Users\miker\wake_word_project\data\negative\backward\87070229_nohash_1.wav,0.009656
C:\Users\miker\wake_word_project\data\negative\off\8dc26a15_nohash_0.wav,0.002472
C:\Users\miker\wake_word_project\data\negative\five\1b63157b_nohash_1.wav,0.001706
C:\Users\miker\wake_word_project\data\negative\three\76e53db9_nohash_2.wav,0.000723
C:\Users\miker\wake_word_project\data\negative\go\747e69fd_nohash_1.wav,0.000437
C:\Users\miker\wake_word_project\data\negative\dog\8d8d9855_nohash_1.wav,0.002195
C:\Users\miker\wake_word_project\data\negative\up\a4baac4e_nohash_1.wav,0.000967
C:\Users\miker\wake_word_project\data\negative\five\8dc18a75_nohash_1.wav,0.005853
C:\Users\miker\wake_word_project\data\negative\backward\bbf38549_nohash_3.wav,0.010381
C:\Users\miker\wake_word_project\data\negative\go\0a2b400e_nohash_4.wav,0.000525
C:\Users\miker\wake_word_project\data\negative\right\c1eebc0b_nohash_1.wav,0.000885
C:\Users\miker\wake_word_project\data\negative\one\0f7205ef_nohash_0.wav,0.000338
C:\Users\miker\wake_word_project\data\negative\no\39833acb_nohash_0.wav,0.008266
C:\Users\miker\wake_word_project\data\negative\dog\1365dd89_nohash_0.wav,0.000814
C:\Users\miker\wake_word_project\data\negative\stop\ff4ed4f3_nohash_2.wav,0.006511
C:\Users\miker\wake_word_project\data\negative\three\b69002d4_nohash_0.wav,0.000420
C:\Users\miker\wake_word_project\data\negative\two\3a929277_nohash_3.wav,0.000624
C:\Users\miker\wake_word_project\data\negative\stop\f5496439_nohash_0.wav,0.000690
C:\Users\miker\wake_word_project\data\negative\one\f7b43563_nohash_0.wav,0.001410
C:\Users\miker\wake_word_project\data\negative\tree\f804cbb3_nohash_0.wav,0.000282
C:\Users\miker\wake_word_project\data\negative\right\229978fd_nohash_2.wav,0.011196
C:\Users\miker\wake_word_project\data\negative\bed\34ba417a_nohash_0.wav,0.005824
C:\Users\miker\wake_word_project\data\negative\backward\890cc926_nohash_4.wav,0.024705
C:\Users\miker\wake_word_project\data\negative\seven\a6d586b7_nohash_2.wav,0.003649
C:\Users\miker\wake_word_project\data\negative\off\845f8553_nohash_1.wav,0.000202
C:\Users\miker\wake_word_project\data\negative\backward\f2898d06_nohash_2.wav,0.001190
C:\Users\miker\wake_word_project\data\negative\bed\48463cbc_nohash_2.wav,0.002184
C:\Users\miker\wake_word_project\data\negative\seven\8eb4a1bf_nohash_3.wav,0.011071
C:\Users\miker\wake_word_project\data\negative\visual\5769c5ab_nohash_3.wav,0.005657
C:\Users\miker\wake_word_project\data\negative\house\b11a05d2_nohash_0.wav,0.000726
C:\Users\miker\wake_word_project\data\negative\seven\c0c0d87d_nohash_0.wav,0.009351
C:\Users\miker\wake_word_project\data\negative\learn\a05a90c1_nohash_4.wav,0.003175
C:\Users\miker\wake_word_project\data\negative\bed\4fce7686_nohash_1.wav,0.000692
C:\Users\miker\wake_word_project\data\negative\right\a7200079_nohash_3.wav,0.006632
C:\Users\miker\wake_word_project\data\negative\up\4c6167ca_nohash_0.wav,0.001467
C:\Users\miker\wake_word_project\data\negative\two\7fd25f7c_nohash_2.wav,0.000239
C:\Users\miker\wake_word_project\data\negative\on\3108acca_nohash_0.wav,0.000347
C:\Users\miker\wake_word_project\data\negative\zero\f2898d06_nohash_0.wav,0.001695
C:\Users\miker\wake_word_project\data\negative\forward\2aca1e72_nohash_0.wav,0.002701
C:\Users\miker\wake_word_project\data\negative\eight\0f46028a_nohash_3.wav,0.000419
C:\Users\miker\wake_word_project\data\negative\down\b76f6088_nohash_1.wav,0.000425
C:\Users\miker\wake_word_project\data\negative\seven\617de221_nohash_4.wav,0.049230
C:\Users\miker\wake_word_project\data\negative\five\7c75a504_nohash_0.wav,0.123001
C:\Users\miker\wake_word_project\data\negative\four\1b4c9b89_nohash_2.wav,0.011524
C:\Users\miker\wake_word_project\data\negative\three\1496195a_nohash_2.wav,0.001875
C:\Users\miker\wake_word_project\data\negative\seven\723efc4c_nohash_1.wav,0.000378
C:\Users\miker\wake_word_project\data\negative\happy\54b6d355_nohash_0.wav,0.000014
C:\Users\miker\wake_word_project\data\negative\nine\9b8a7439_nohash_4.wav,0.003018
C:\Users\miker\wake_word_project\data\negative\house\3d6bee47_nohash_2.wav,0.015226
C:\Users\miker\wake_word_project\data\negative\zero\9a76f8c3_nohash_3.wav,0.001274
C:\Users\miker\wake_word_project\data\negative\off\02ade946_nohash_2.wav,0.001660
C:\Users\miker\wake_word_project\data\negative\down\1ed0b13d_nohash_0.wav,0.000713
C:\Users\miker\wake_word_project\data\negative\no\37dca74f_nohash_1.wav,0.002177
C:\Users\miker\wake_word_project\data\negative\off\54ad8f22_nohash_2.wav,0.002427
C:\Users\miker\wake_word_project\data\negative\one\27b03931_nohash_0.wav,0.000903
C:\Users\miker\wake_word_project\data\negative\six\34e8c726_nohash_1.wav,0.002065
C:\Users\miker\wake_word_project\data\negative\go\db7c95b0_nohash_0.wav,0.003551
C:\Users\miker\wake_word_project\data\negative\up\45692b02_nohash_0.wav,0.002827
C:\Users\miker\wake_word_project\data\negative\go\434a267c_nohash_1.wav,0.000099
C:\Users\miker\wake_word_project\data\negative\left\4a1e736b_nohash_3.wav,0.035464
C:\Users\miker\wake_word_project\data\negative\two\ced4e2a1_nohash_0.wav,0.000468
C:\Users\miker\wake_word_project\data\negative\down\2bdbe5f7_nohash_1.wav,0.000279
C:\Users\miker\wake_word_project\data\negative\tree\8a194ee6_nohash_0.wav,0.001057
C:\Users\miker\wake_word_project\data\negative\tree\422d3197_nohash_2.wav,0.001450
C:\Users\miker\wake_word_project\data\negative\yes\6fb3d5a7_nohash_3.wav,0.001820
C:\Users\miker\wake_word_project\data\negative\bird\3d53244b_nohash_0.wav,0.000480
C:\Users\miker\wake_word_project\data\negative\down\a243fcc2_nohash_0.wav,0.000253
C:\Users\miker\wake_word_project\data\negative\off\4cee0c60_nohash_1.wav,0.003177
C:\Users\miker\wake_word_project\data\negative\no\6d2d3b0d_nohash_0.wav,0.000173
C:\Users\miker\wake_word_project\data\negative\sheila\97f4c236_nohash_0.wav,0.001926
C:\Users\miker\wake_word_project\data\negative\one\be7a5b2d_nohash_0.wav,0.030698
C:\Users\miker\wake_word_project\data\negative\three\aff582a1_nohash_2.wav,0.001324
C:\Users\miker\wake_word_project\data\negative\backward\c2657ba5_nohash_0.wav,0.000597
C:\Users\miker\wake_word_project\data\negative\up\7c9b43f0_nohash_0.wav,0.000112
C:\Users\miker\wake_word_project\data\negative\follow\87d5e978_nohash_1.wav,0.000790
C:\Users\miker\wake_word_project\data\negative\down\3bb68054_nohash_2.wav,0.000142
C:\Users\miker\wake_word_project\data\negative\right\91bed2e0_nohash_1.wav,0.000264
C:\Users\miker\wake_word_project\data\negative\on\4f086393_nohash_1.wav,0.001331
C:\Users\miker\wake_word_project\data\negative\three\f2f0d244_nohash_3.wav,0.001145
C:\Users\miker\wake_word_project\data\negative\zero\3b195250_nohash_3.wav,0.000561
C:\Users\miker\wake_word_project\data\negative\marvin\afd53389_nohash_0.wav,0.003572
C:\Users\miker\wake_word_project\data\negative\six\3bfd30e6_nohash_1.wav,0.008522
C:\Users\miker\wake_word_project\data\negative\down\b0f24c9b_nohash_0.wav,0.001027
C:\Users\miker\wake_word_project\data\negative\seven\837a0f64_nohash_2.wav,0.000838
C:\Users\miker\wake_word_project\data\negative\bird\ec7d1151_nohash_0.wav,0.001088
C:\Users\miker\wake_word_project\data\negative\go\66a412a7_nohash_0.wav,0.001607
C:\Users\miker\wake_word_project\data\negative\four\c93d5e22_nohash_0.wav,0.000070
C:\Users\miker\wake_word_project\data\negative\up\1b88bf70_nohash_0.wav,0.002268
C:\Users\miker\wake_word_project\data\negative\six\44715c1c_nohash_0.wav,0.000353
C:\Users\miker\wake_word_project\data\negative\one\bab36420_nohash_3.wav,0.000310
C:\Users\miker\wake_word_project\data\negative\house\7c75a504_nohash_0.wav,0.004942
C:\Users\miker\wake_word_project\data\negative\cat\30276d03_nohash_0.wav,0.007457
C:\Users\miker\wake_word_project\data\negative\dog\ede2f4ee_nohash_0.wav,0.000653
C:\Users\miker\wake_word_project\data\negative\two\d264f7b6_nohash_4.wav,0.000451
C:\Users\miker\wake_word_project\data\negative\learn\14c7b073_nohash_1.wav,0.001218
C:\Users\miker\wake_word_project\data\negative\six\28ed6bc9_nohash_3.wav,0.015953
C:\Users\miker\wake_word_project\data\negative\tree\e1469561_nohash_0.wav,0.000651
C:\Users\miker\wake_word_project\data\negative\bird\525eaa62_nohash_0.wav,0.000386
C:\Users\miker\wake_word_project\data\negative\forward\2b5e346d_nohash_3.wav,0.037940
C:\Users\miker\wake_word_project\data\negative\left\cc4f9250_nohash_2.wav,0.001988
C:\Users\miker\wake_word_project\data\negative\bed\3389305e_nohash_0.wav,0.001701
C:\Users\miker\wake_word_project\data\negative\six\f5733968_nohash_3.wav,0.005502
C:\Users\miker\wake_word_project\data\negative\five\520e8c0e_nohash_0.wav,0.000834
C:\Users\miker\wake_word_project\data\negative\yes\324210dd_nohash_2.wav,0.014305
C:\Users\miker\wake_word_project\data\negative\up\d0f7bef5_nohash_0.wav,0.000776
C:\Users\miker\wake_word_project\data\negative\off\11379f4d_nohash_0.wav,0.000990
C:\Users\miker\wake_word_project\data\negative\down\0e6e36c9_nohash_3.wav,0.003355
C:\Users\miker\wake_word_project\data\negative\left\42ccb57a_nohash_1.wav,0.000823
C:\Users\miker\wake_word_project\data\negative\five\eaa83485_nohash_0.wav,0.019751
C:\Users\miker\wake_word_project\data\negative\six\2c6d3924_nohash_0.wav,0.009072
C:\Users\miker\wake_word_project\data\negative\go\c5a1e46c_nohash_2.wav,0.002380
C:\Users\miker\wake_word_project\data\negative\six\435695e3_nohash_3.wav,0.005614
C:\Users\miker\wake_word_project\data\negative\no\c1e0e8e3_nohash_4.wav,0.001045
C:\Users\miker\wake_word_project\data\negative\two\9a2e5b3c_nohash_1.wav,0.000248
C:\Users\miker\wake_word_project\data\negative\seven\e71b4ce6_nohash_0.wav,0.007282
C:\Users\miker\wake_word_project\data\negative\marvin\b6d11c9b_nohash_0.wav,0.000166
C:\Users\miker\wake_word_project\data\negative\no\983577be_nohash_0.wav,0.033855
C:\Users\miker\wake_word_project\data\negative\yes\4e99c1b7_nohash_3.wav,0.125813
C:\Users\miker\wake_word_project\data\negative\wow\99fad6a0_nohash_0.wav,0.001572
C:\Users\miker\wake_word_project\data\negative\five\2fcb6397_nohash_2.wav,0.013913
C:\Users\miker\wake_word_project\data\negative\zero\71bf8f48_nohash_0.wav,0.001361
C:\Users\miker\wake_word_project\data\negative\two\feb1d305_nohash_0.wav,0.002539
C:\Users\miker\wake_word_project\data\negative\visual\88e85150_nohash_0.wav,0.000343
C:\Users\miker\wake_word_project\data\negative\down\1a994c9f_nohash_3.wav,0.000409
C:\Users\miker\wake_word_project\data\negative\right\99b05bcf_nohash_0.wav,0.000532
C:\Users\miker\wake_word_project\data\negative\wow\f5733968_nohash_0.wav,0.000694
C:\Users\miker\wake_word_project\data\negative\nine\4fce7686_nohash_0.wav,0.000153
C:\Users\miker\wake_word_project\data\negative\cat\a97017df_nohash_0.wav,0.000461
C:\Users\miker\wake_word_project\data\negative\down\c1d39ce8_nohash_5.wav,0.004406
C:\Users\miker\wake_word_project\data\negative\on\6846af18_nohash_1.wav,0.000548
C:\Users\miker\wake_word_project\data\negative\go\7ea032f3_nohash_2.wav,0.000108
C:\Users\miker\wake_word_project\data\negative\down\050170cb_nohash_1.wav,0.000391
C:\Users\miker\wake_word_project\data\negative\nine\226537ab_nohash_1.wav,0.001246
C:\Users\miker\wake_word_project\data\negative\stop\953fe1ad_nohash_4.wav,0.003178
C:\Users\miker\wake_word_project\data\negative\yes\c120e80e_nohash_5.wav,0.002152
C:\Users\miker\wake_word_project\data\negative\stop\df280250_nohash_1.wav,0.002366
C:\Users\miker\wake_word_project\data\negative\stop\3c257192_nohash_0.wav,0.002011
C:\Users\miker\wake_word_project\data\negative\off\0137b3f4_nohash_1.wav,0.000207
C:\Users\miker\wake_word_project\data\negative\yes\e49428d9_nohash_3.wav,0.006278
C:\Users\miker\wake_word_project\data\negative\marvin\6166ae21_nohash_1.wav,0.207351
C:\Users\miker\wake_word_project\data\negative\bird\1b88bf70_nohash_0.wav,0.001623
C:\Users\miker\wake_word_project\data\negative\three\97cbf436_nohash_0.wav,0.000013
C:\Users\miker\wake_word_project\data\negative\house\9d8ac38b_nohash_2.wav,0.001990
C:\Users\miker\wake_word_project\data\negative\zero\333d7ddb_nohash_3.wav,0.000782
C:\Users\miker\wake_word_project\data\negative\on\ddedba85_nohash_2.wav,0.000048
C:\Users\miker\wake_word_project\data\negative\right\39a6b995_nohash_0.wav,0.000514
C:\Users\miker\wake_word_project\data\negative\go\59fe87e6_nohash_0.wav,0.000016
C:\Users\miker\wake_word_project\data\negative\nine\a7545b9f_nohash_0.wav,0.000236
C:\Users\miker\wake_word_project\data\negative\sheila\9beccfc8_nohash_1.wav,0.002087
C:\Users\miker\wake_word_project\data\negative\no\4cee0c60_nohash_2.wav,0.000889
C:\Users\miker\wake_word_project\data\negative\on\3ae5c04f_nohash_0.wav,0.004728
C:\Users\miker\wake_word_project\data\negative\forward\b91b718c_nohash_1.wav,0.000784
C:\Users\miker\wake_word_project\data\negative\two\aff582a1_nohash_3.wav,0.002740
C:\Users\miker\wake_word_project\data\negative\six\ecef25ba_nohash_0.wav,0.002019
C:\Users\miker\wake_word_project\data\negative\two\079d1020_nohash_2.wav,0.013159
C:\Users\miker\wake_word_project\data\negative\no\742d6431_nohash_1.wav,0.005609
C:\Users\miker\wake_word_project\data\negative\down\590750e8_nohash_0.wav,0.000171
C:\Users\miker\wake_word_project\data\negative\yes\d9d08edd_nohash_0.wav,0.000040
C:\Users\miker\wake_word_project\data\negative\three\0717b9f6_nohash_1.wav,0.001420
C:\Users\miker\wake_word_project\data\negative\left\24694eb6_nohash_2.wav,0.051946
C:\Users\miker\wake_word_project\data\negative\zero\b36c27c2_nohash_1.wav,0.005240
C:\Users\miker\wake_word_project\data\negative\go\f8f60f59_nohash_0.wav,0.000365
C:\Users\miker\wake_word_project\data\negative\up\d5b963aa_nohash_0.wav,0.000255
C:\Users\miker\wake_word_project\data\negative\dog\e2008f39_nohash_0.wav,0.000762
C:\Users\miker\wake_word_project\data\negative\down\3777c08e_nohash_0.wav,0.000711
C:\Users\miker\wake_word_project\data\negative\house\472b8045_nohash_0.wav,0.002274
C:\Users\miker\wake_word_project\data\negative\five\a8cb6dda_nohash_0.wav,0.000310
C:\Users\miker\wake_word_project\data\negative\no\73f20b00_nohash_2.wav,0.003134
C:\Users\miker\wake_word_project\data\negative\up\c9b5ff26_nohash_2.wav,0.000924
C:\Users\miker\wake_word_project\data\negative\zero\37dca74f_nohash_0.wav,0.000823
C:\Users\miker\wake_word_project\data\negative\three\96a48d28_nohash_2.wav,0.002260
C:\Users\miker\wake_word_project\data\negative\five\a929f9b9_nohash_1.wav,0.001924
C:\Users\miker\wake_word_project\data\negative\wow\989a2213_nohash_0.wav,0.000759
C:\Users\miker\wake_word_project\data\negative\no\c50f55b8_nohash_15.wav,0.001807
C:\Users\miker\wake_word_project\data\negative\left\dea820ce_nohash_0.wav,0.000074
C:\Users\miker\wake_word_project\data\negative\nine\cc6ee39b_nohash_1.wav,0.002123
C:\Users\miker\wake_word_project\data\negative\eight\0b139000_nohash_0.wav,0.011499
C:\Users\miker\wake_word_project\data\negative\down\8fe67225_nohash_2.wav,0.000743
C:\Users\miker\wake_word_project\data\negative\backward\676f8138_nohash_2.wav,0.001038
C:\Users\miker\wake_word_project\data\negative\left\97f4c236_nohash_3.wav,0.012303
C:\Users\miker\wake_word_project\data\negative\on\aff582a1_nohash_0.wav,0.001127
C:\Users\miker\wake_word_project\data\negative\nine\c678e0b3_nohash_0.wav,0.000033
C:\Users\miker\wake_word_project\data\negative\yes\8134f43f_nohash_2.wav,0.011833
C:\Users\miker\wake_word_project\data\negative\house\66276b0e_nohash_0.wav,0.004827
C:\Users\miker\wake_word_project\data\negative\down\e6327279_nohash_0.wav,0.000488
C:\Users\miker\wake_word_project\data\negative\eight\f0522ff4_nohash_0.wav,0.000765
C:\Users\miker\wake_word_project\data\negative\down\674ca5ea_nohash_1.wav,0.000097
C:\Users\miker\wake_word_project\data\negative\forward\ddedba85_nohash_2.wav,0.000970
C:\Users\miker\wake_word_project\data\negative\on\333784b7_nohash_4.wav,0.004330
C:\Users\miker\wake_word_project\data\negative\on\cd671b5f_nohash_3.wav,0.000456
C:\Users\miker\wake_word_project\data\negative\sheila\de41f895_nohash_3.wav,0.005652
C:\Users\miker\wake_word_project\data\negative\sheila\b575b5fb_nohash_0.wav,0.012554
C:\Users\miker\wake_word_project\data\negative\right\fad7a69a_nohash_1.wav,0.009526
C:\Users\miker\wake_word_project\data\negative\off\651d108f_nohash_0.wav,0.000819
C:\Users\miker\wake_word_project\data\negative\down\ef3367d9_nohash_3.wav,0.007175
C:\Users\miker\wake_word_project\data\negative\bed\e3e49931_nohash_1.wav,0.000260
C:\Users\miker\wake_word_project\data\negative\down\7fb8d703_nohash_1.wav,0.005086
C:\Users\miker\wake_word_project\data\negative\nine\97e0c576_nohash_0.wav,0.001327
C:\Users\miker\wake_word_project\data\negative\sheila\adebe223_nohash_0.wav,0.004870
C:\Users\miker\wake_word_project\data\negative\down\9fac5701_nohash_0.wav,0.004922
C:\Users\miker\wake_word_project\data\negative\stop\49f30eed_nohash_0.wav,0.001642
C:\Users\miker\wake_word_project\data\negative\stop\54aecbd5_nohash_1.wav,0.000680
C:\Users\miker\wake_word_project\data\negative\zero\3b4f8f24_nohash_2.wav,0.008465
C:\Users\miker\wake_word_project\data\negative\marvin\3f45a0cf_nohash_0.wav,0.002270
C:\Users\miker\wake_word_project\data\negative\no\a55105d0_nohash_0.wav,0.000126
C:\Users\miker\wake_word_project\data\negative\backward\fa52ddf6_nohash_2.wav,0.015434
C:\Users\miker\wake_word_project\data\negative\left\03401e93_nohash_0.wav,0.007838
C:\Users\miker\wake_word_project\data\negative\off\9acd0254_nohash_1.wav,0.001027
C:\Users\miker\wake_word_project\data\negative\no\b87bdb22_nohash_4.wav,0.002596
C:\Users\miker\wake_word_project\data\negative\zero\1496195a_nohash_3.wav,0.001136
C:\Users\miker\wake_word_project\data\negative\down\50a8ef27_nohash_0.wav,0.027603
C:\Users\miker\wake_word_project\data\negative\visual\97cbf436_nohash_0.wav,0.000238
C:\Users\miker\wake_word_project\data\negative\six\05b2db80_nohash_0.wav,0.000147
C:\Users\miker\wake_word_project\data\negative\go\d94eb94f_nohash_0.wav,0.001200
C:\Users\miker\wake_word_project\data\negative\six\74241b28_nohash_4.wav,0.042854
C:\Users\miker\wake_word_project\data\negative\seven\44bc77f7_nohash_1.wav,0.005304
C:\Users\miker\wake_word_project\data\negative\follow\578d3efb_nohash_3.wav,0.001046
C:\Users\miker\wake_word_project\data\negative\two\db24628d_nohash_0.wav,0.001074
C:\Users\miker\wake_word_project\data\negative\no\7d86b703_nohash_0.wav,0.007248
C:\Users\miker\wake_word_project\data\negative\follow\57152045_nohash_2.wav,0.008349
C:\Users\miker\wake_word_project\data\negative\five\26a093e1_nohash_1.wav,0.015660
C:\Users\miker\wake_word_project\data\negative\house\589bce2c_nohash_0.wav,0.001914
C:\Users\miker\wake_word_project\data\negative\left\54b6d355_nohash_4.wav,0.000008
C:\Users\miker\wake_word_project\data\negative\house\4fd4d073_nohash_0.wav,0.000302
C:\Users\miker\wake_word_project\data\negative\right\51eefcc6_nohash_2.wav,0.001321
C:\Users\miker\wake_word_project\data\negative\five\617de221_nohash_3.wav,0.005055
C:\Users\miker\wake_word_project\data\negative\dog\3e2ba5f7_nohash_0.wav,0.000904
C:\Users\miker\wake_word_project\data\negative\follow\27c24504_nohash_0.wav,0.001529
C:\Users\miker\wake_word_project\data\negative\on\559bc36a_nohash_0.wav,0.004567
C:\Users\miker\wake_word_project\data\negative\house\c2657ba5_nohash_0.wav,0.000454
C:\Users\miker\wake_word_project\data\negative\off\da8fa823_nohash_1.wav,0.002185
C:\Users\miker\wake_word_project\data\negative\left\472b8045_nohash_3.wav,0.004293
C:\Users\miker\wake_word_project\data\negative\right\012c8314_nohash_0.wav,0.002581
C:\Users\miker\wake_word_project\data\negative\zero\2dcb6848_nohash_0.wav,0.004748
C:\Users\miker\wake_word_project\data\negative\down\0e6e36c9_nohash_1.wav,0.001517
C:\Users\miker\wake_word_project\data\negative\nine\ce7a8e92_nohash_0.wav,0.001163
C:\Users\miker\wake_word_project\data\negative\happy\4954abe8_nohash_0.wav,0.000233
C:\Users\miker\wake_word_project\data\negative\go\fa52ddf6_nohash_0.wav,0.001992
C:\Users\miker\wake_word_project\data\negative\visual\3cc595de_nohash_2.wav,0.006998
C:\Users\miker\wake_word_project\data\negative\three\3d53244b_nohash_3.wav,0.000876
C:\Users\miker\wake_word_project\data\negative\right\69f609ec_nohash_1.wav,0.003433
C:\Users\miker\wake_word_project\data\negative\stop\30060aba_nohash_1.wav,0.002346
C:\Users\miker\wake_word_project\data\negative\stop\f575faf3_nohash_4.wav,0.004345
C:\Users\miker\wake_word_project\data\negative\four\39833acb_nohash_1.wav,0.023237
C:\Users\miker\wake_word_project\data\negative\one\1e9e6bdd_nohash_4.wav,0.000402
C:\Users\miker\wake_word_project\data\negative\eight\0f2442b6_nohash_0.wav,0.001508
C:\Users\miker\wake_word_project\data\negative\five\0b7ee1a0_nohash_3.wav,0.000823
C:\Users\miker\wake_word_project\data\negative\left\73f20b00_nohash_3.wav,0.005206
C:\Users\miker\wake_word_project\data\negative\backward\8dc18a75_nohash_0.wav,0.008479
C:\Users\miker\wake_word_project\data\negative\no\f822b9bf_nohash_2.wav,0.001299
C:\Users\miker\wake_word_project\data\negative\marvin\bf5d409d_nohash_0.wav,0.001361
C:\Users\miker\wake_word_project\data\negative\three\1887fe04_nohash_1.wav,0.001716
C:\Users\miker\wake_word_project\data\negative\no\72e382bd_nohash_1.wav,0.000707
C:\Users\miker\wake_word_project\data\negative\zero\dea820ce_nohash_3.wav,0.020244
C:\Users\miker\wake_word_project\data\negative\marvin\937b433e_nohash_1.wav,0.003254
C:\Users\miker\wake_word_project\data\negative\on\85c60942_nohash_0.wav,0.000194
C:\Users\miker\wake_word_project\data\negative\marvin\e4be0cf6_nohash_0.wav,0.000956
C:\Users\miker\wake_word_project\data\negative\on\31267b59_nohash_0.wav,0.003163
C:\Users\miker\wake_word_project\data\negative\tree\57376a4c_nohash_1.wav,0.037703
C:\Users\miker\wake_word_project\data\negative\stop\332d33b1_nohash_1.wav,0.000522
C:\Users\miker\wake_word_project\data\negative\five\10ace7eb_nohash_4.wav,0.001984
C:\Users\miker\wake_word_project\data\negative\left\4f086393_nohash_1.wav,0.000990
C:\Users\miker\wake_word_project\data\negative\stop\834f03fe_nohash_0.wav,0.002066
C:\Users\miker\wake_word_project\data\negative\up\3589bc72_nohash_1.wav,0.000896
C:\Users\miker\wake_word_project\data\negative\four\686d030b_nohash_3.wav,0.001139
C:\Users\miker\wake_word_project\data\negative\one\d33df435_nohash_0.wav,0.000415
C:\Users\miker\wake_word_project\data\negative\forward\0a2b400e_nohash_1.wav,0.014398
C:\Users\miker\wake_word_project\data\negative\off\10ace7eb_nohash_1.wav,0.002728
C:\Users\miker\wake_word_project\data\negative\left\f5626af6_nohash_1.wav,0.005971
C:\Users\miker\wake_word_project\data\negative\learn\fe11e258_nohash_0.wav,0.007419
C:\Users\miker\wake_word_project\data\negative\wow\4ec7d027_nohash_0.wav,0.002438
C:\Users\miker\wake_word_project\data\negative\up\324210dd_nohash_3.wav,0.005284
C:\Users\miker\wake_word_project\data\negative\three\8c888bbb_nohash_0.wav,0.001112
C:\Users\miker\wake_word_project\data\negative\right\3c1e12cf_nohash_0.wav,0.000678
C:\Users\miker\wake_word_project\data\negative\six\9a69672b_nohash_2.wav,0.002899
C:\Users\miker\wake_word_project\data\negative\zero\27c24504_nohash_1.wav,0.001752
C:\Users\miker\wake_word_project\data\negative\go\d430b3cc_nohash_0.wav,0.000477
C:\Users\miker\wake_word_project\data\negative\marvin\587f3271_nohash_0.wav,0.008848
C:\Users\miker\wake_word_project\data\negative\no\533c6564_nohash_0.wav,0.001171
C:\Users\miker\wake_word_project\data\negative\learn\131e738d_nohash_3.wav,0.001537
C:\Users\miker\wake_word_project\data\negative\zero\48bfde8e_nohash_0.wav,0.005045
C:\Users\miker\wake_word_project\data\negative\no\e0315cf6_nohash_2.wav,0.000522
C:\Users\miker\wake_word_project\data\negative\nine\f2f0d244_nohash_1.wav,0.001072
C:\Users\miker\wake_word_project\data\negative\eight\4c6944d6_nohash_6.wav,0.247260
C:\Users\miker\wake_word_project\data\negative\six\2b42e7a2_nohash_0.wav,0.006631
C:\Users\miker\wake_word_project\data\negative\four\6124b431_nohash_0.wav,0.005681
C:\Users\miker\wake_word_project\data\negative\stop\2313e093_nohash_1.wav,0.002656
C:\Users\miker\wake_word_project\data\negative\sheila\21cbe292_nohash_1.wav,0.006150
C:\Users\miker\wake_word_project\data\negative\forward\33fb3f93_nohash_0.wav,0.000224
C:\Users\miker\wake_word_project\data\negative\yes\b737ee80_nohash_0.wav,0.000712
C:\Users\miker\wake_word_project\data\negative\bed\ed07d5b7_nohash_0.wav,0.009292
C:\Users\miker\wake_word_project\data\negative\visual\ca4d5368_nohash_4.wav,0.001135
C:\Users\miker\wake_word_project\data\negative\one\3bb68054_nohash_2.wav,0.000966
C:\Users\miker\wake_word_project\data\negative\up\afabfa0e_nohash_1.wav,0.000266
C:\Users\miker\wake_word_project\data\negative\four\b9f46737_nohash_3.wav,0.001717
C:\Users\miker\wake_word_project\data\negative\on\74241b28_nohash_2.wav,0.017148
C:\Users\miker\wake_word_project\data\negative\zero\aff582a1_nohash_0.wav,0.005227
C:\Users\miker\wake_word_project\data\negative\learn\fbb2f6cc_nohash_1.wav,0.036908
C:\Users\miker\wake_word_project\data\negative\up\211b928a_nohash_2.wav,0.000136
C:\Users\miker\wake_word_project\data\negative\dog\a1a59b72_nohash_0.wav,0.000863
C:\Users\miker\wake_word_project\data\negative\zero\a04817c2_nohash_2.wav,0.002497
C:\Users\miker\wake_word_project\data\negative\zero\9b02d503_nohash_0.wav,0.000443
C:\Users\miker\wake_word_project\data\negative\off\6ef407da_nohash_4.wav,0.002224
C:\Users\miker\wake_word_project\data\negative\two\73af0c50_nohash_2.wav,0.000491
C:\Users\miker\wake_word_project\data\negative\five\2927c601_nohash_4.wav,0.001727
C:\Users\miker\wake_word_project\data\negative\three\9151f184_nohash_1.wav,0.001596
C:\Users\miker\wake_word_project\data\negative\left\6379c6a2_nohash_0.wav,0.000380
C:\Users\miker\wake_word_project\data\negative\go\d0faf7e4_nohash_3.wav,0.000574
C:\Users\miker\wake_word_project\data\negative\happy\58df33b5_nohash_0.wav,0.013257
C:\Users\miker\wake_word_project\data\negative\tree\ec74a8a5_nohash_0.wav,0.002439
C:\Users\miker\wake_word_project\data\negative\five\a77fbcfd_nohash_2.wav,0.002148
C:\Users\miker\wake_word_project\data\negative\up\ea356919_nohash_2.wav,0.000128
C:\Users\miker\wake_word_project\data\negative\off\ef2578c0_nohash_1.wav,0.015866
C:\Users\miker\wake_word_project\data\negative\zero\64df20d8_nohash_3.wav,0.002702
C:\Users\miker\wake_word_project\data\negative\no\5be23def_nohash_0.wav,0.000709
C:\Users\miker\wake_word_project\data\negative\dog\e91d173e_nohash_0.wav,0.000168
C:\Users\miker\wake_word_project\data\negative\on\ced4e2a1_nohash_0.wav,0.001088
C:\Users\miker\wake_word_project\data\negative\stop\531a5b8a_nohash_0.wav,0.001692
C:\Users\miker\wake_word_project\data\negative\one\d5b963aa_nohash_4.wav,0.000588
C:\Users\miker\wake_word_project\data\negative\six\cc4f9250_nohash_2.wav,0.005131
C:\Users\miker\wake_word_project\data\negative\off\264f471d_nohash_0.wav,0.002144
C:\Users\miker\wake_word_project\data\negative\seven\b69002d4_nohash_2.wav,0.000232
C:\Users\miker\wake_word_project\data\negative\right\c948d727_nohash_0.wav,0.010351
C:\Users\miker\wake_word_project\data\negative\up\187af8be_nohash_0.wav,0.001401
C:\Users\miker\wake_word_project\data\negative\off\c1e0e8e3_nohash_2.wav,0.000695
C:\Users\miker\wake_word_project\data\negative\sheila\016e2c6d_nohash_0.wav,0.016052
C:\Users\miker\wake_word_project\data\negative\bird\8f3f252c_nohash_0.wav,0.000878
C:\Users\miker\wake_word_project\data\negative\zero\726382d6_nohash_0.wav,0.024463
C:\Users\miker\wake_word_project\data\negative\nine\c33682f0_nohash_1.wav,0.000543
C:\Users\miker\wake_word_project\data\negative\up\6ef407da_nohash_0.wav,0.000813
C:\Users\miker\wake_word_project\data\negative\seven\c9b5ff26_nohash_1.wav,0.006383
C:\Users\miker\wake_word_project\data\negative\stop\30060aba_nohash_3.wav,0.000288
C:\Users\miker\wake_word_project\data\negative\three\b9cccd01_nohash_0.wav,0.001678
C:\Users\miker\wake_word_project\data\negative\down\520e8c0e_nohash_1.wav,0.000880
C:\Users\miker\wake_word_project\data\negative\eight\24befdb3_nohash_0.wav,0.007401
C:\Users\miker\wake_word_project\data\negative\yes\c103a2d5_nohash_2.wav,0.000435
C:\Users\miker\wake_word_project\data\negative\happy\13d7b8c9_nohash_0.wav,0.001784
C:\Users\miker\wake_word_project\data\negative\tree\da2c5f1b_nohash_0.wav,0.002050
C:\Users\miker\wake_word_project\data\negative\two\2a1f4853_nohash_1.wav,0.002475
C:\Users\miker\wake_word_project\data\negative\nine\a16013b7_nohash_0.wav,0.000382
C:\Users\miker\wake_word_project\data\negative\follow\18f8afd5_nohash_2.wav,0.004138
C:\Users\miker\wake_word_project\data\negative\tree\0d6d7360_nohash_0.wav,0.001467
C:\Users\miker\wake_word_project\data\negative\stop\d264f7b6_nohash_1.wav,0.005369
C:\Users\miker\wake_word_project\data\negative\cat\09ddc105_nohash_1.wav,0.000221
C:\Users\miker\wake_word_project\data\negative\six\264f471d_nohash_0.wav,0.011045
C:\Users\miker\wake_word_project\data\negative\three\f47d644e_nohash_0.wav,0.006799
C:\Users\miker\wake_word_project\data\negative\two\9db2bfe9_nohash_0.wav,0.005518
C:\Users\miker\wake_word_project\data\negative\tree\07ad9b59_nohash_0.wav,0.001247
C:\Users\miker\wake_word_project\data\negative\off\1c6e5447_nohash_1.wav,0.000568
C:\Users\miker\wake_word_project\data\negative\yes\35d1b6ee_nohash_2.wav,0.005219
C:\Users\miker\wake_word_project\data\negative\marvin\b575b5fb_nohash_0.wav,0.000250
C:\Users\miker\wake_word_project\data\negative\on\30060aba_nohash_3.wav,0.000495
C:\Users\miker\wake_word_project\data\negative\eight\050170cb_nohash_2.wav,0.002377
C:\Users\miker\wake_word_project\data\negative\backward\d394ef8e_nohash_0.wav,0.006291
C:\Users\miker\wake_word_project\data\negative\happy\bca56796_nohash_1.wav,0.001098
C:\Users\miker\wake_word_project\data\negative\go\256c0a05_nohash_0.wav,0.000102
C:\Users\miker\wake_word_project\data\negative\right\edd8bfe3_nohash_0.wav,0.000402
C:\Users\miker\wake_word_project\data\negative\yes\069ab0d5_nohash_1.wav,0.002249
C:\Users\miker\wake_word_project\data\negative\seven\32561e9e_nohash_0.wav,0.001158
C:\Users\miker\wake_word_project\data\negative\sheila\f0659908_nohash_0.wav,0.006789
C:\Users\miker\wake_word_project\data\negative\six\bfa63751_nohash_5.wav,0.004161
C:\Users\miker\wake_word_project\data\negative\two\f19c1390_nohash_0.wav,0.000358
C:\Users\miker\wake_word_project\data\negative\six\95299b6c_nohash_0.wav,0.002790
C:\Users\miker\wake_word_project\data\negative\go\1dc86f91_nohash_1.wav,0.000149
C:\Users\miker\wake_word_project\data\negative\on\b69fe0e2_nohash_2.wav,0.000447
C:\Users\miker\wake_word_project\data\negative\no\3e31dffe_nohash_3.wav,0.005257
C:\Users\miker\wake_word_project\data\negative\no\cd8b1781_nohash_0.wav,0.000505
C:\Users\miker\wake_word_project\data\negative\one\499be02e_nohash_0.wav,0.000438
C:\Users\miker\wake_word_project\data\negative\yes\da584bc0_nohash_2.wav,0.008036
C:\Users\miker\wake_word_project\data\negative\two\af6fbbf5_nohash_2.wav,0.002461
C:\Users\miker\wake_word_project\data\negative\stop\017c4098_nohash_3.wav,0.000443
C:\Users\miker\wake_word_project\data\negative\up\0ba018fc_nohash_1.wav,0.001898
C:\Users\miker\wake_word_project\data\negative\five\89947bd7_nohash_2.wav,0.011034
C:\Users\miker\wake_word_project\data\negative\nine\460f2bad_nohash_1.wav,0.006792
C:\Users\miker\wake_word_project\data\negative\bed\c7aa72e6_nohash_0.wav,0.001835
C:\Users\miker\wake_word_project\data\negative\one\f35eedd7_nohash_0.wav,0.002089
C:\Users\miker\wake_word_project\data\negative\down\f852895b_nohash_0.wav,0.002003
C:\Users\miker\wake_word_project\data\negative\left\24befdb3_nohash_0.wav,0.001645
C:\Users\miker\wake_word_project\data\negative\off\b00c4c53_nohash_2.wav,0.000095
C:\Users\miker\wake_word_project\data\negative\down\5b09db89_nohash_1.wav,0.001793
C:\Users\miker\wake_word_project\data\negative\eight\617de221_nohash_4.wav,0.001820
C:\Users\miker\wake_word_project\data\negative\wow\0362539c_nohash_0.wav,0.000273
C:\Users\miker\wake_word_project\data\negative\five\3bfd30e6_nohash_3.wav,0.002838
C:\Users\miker\wake_word_project\data\negative\nine\63f7a489_nohash_1.wav,0.010215
C:\Users\miker\wake_word_project\data\negative\left\b76f6088_nohash_2.wav,0.002484
C:\Users\miker\wake_word_project\data\negative\nine\3589bc72_nohash_1.wav,0.003434
C:\Users\miker\wake_word_project\data\negative\one\0819edb0_nohash_1.wav,0.000324
C:\Users\miker\wake_word_project\data\negative\zero\3a929277_nohash_0.wav,0.002162
C:\Users\miker\wake_word_project\data\negative\four\a1cf7fd8_nohash_0.wav,0.002336
C:\Users\miker\wake_word_project\data\negative\seven\44c201dd_nohash_0.wav,0.001095
C:\Users\miker\wake_word_project\data\negative\one\f5626af6_nohash_2.wav,0.007056
C:\Users\miker\wake_word_project\data\negative\nine\63996b7c_nohash_0.wav,0.032895
C:\Users\miker\wake_word_project\data\negative\one\bf90a57a_nohash_1.wav,0.009145
C:\Users\miker\wake_word_project\data\negative\down\c18d8d00_nohash_2.wav,0.001645
C:\Users\miker\wake_word_project\data\negative\on\72242187_nohash_3.wav,0.000376
C:\Users\miker\wake_word_project\data\negative\visual\542f38a2_nohash_0.wav,0.024196
C:\Users\miker\wake_word_project\data\negative\up\40738a2d_nohash_0.wav,0.000595
C:\Users\miker\wake_word_project\data\negative\on\ef3367d9_nohash_3.wav,0.001880
C:\Users\miker\wake_word_project\data\negative\left\f30285c8_nohash_3.wav,0.004548
C:\Users\miker\wake_word_project\data\negative\dog\815f0f03_nohash_0.wav,0.000676
C:\Users\miker\wake_word_project\data\negative\left\4cee0c60_nohash_0.wav,0.009108
C:\Users\miker\wake_word_project\data\negative\cat\11860c84_nohash_3.wav,0.000168
C:\Users\miker\wake_word_project\data\negative\up\c22d3f18_nohash_4.wav,0.023645
C:\Users\miker\wake_word_project\data\negative\eight\578d3efb_nohash_1.wav,0.005170
C:\Users\miker\wake_word_project\data\negative\bed\a9abc695_nohash_1.wav,0.000308
C:\Users\miker\wake_word_project\data\negative\nine\3589bc72_nohash_2.wav,0.003155
C:\Users\miker\wake_word_project\data\negative\tree\2005ca25_nohash_0.wav,0.132315
C:\Users\miker\wake_word_project\data\negative\eight\24b82192_nohash_1.wav,0.000288
C:\Users\miker\wake_word_project\data\negative\two\9a7c1f83_nohash_1.wav,0.010122
C:\Users\miker\wake_word_project\data\negative\zero\c0445658_nohash_2.wav,0.015350
C:\Users\miker\wake_word_project\data\negative\five\f8ba7c0e_nohash_0.wav,0.000321
C:\Users\miker\wake_word_project\data\negative\wow\a489191a_nohash_0.wav,0.003612
C:\Users\miker\wake_word_project\data\negative\go\e20be42a_nohash_1.wav,0.000939
C:\Users\miker\wake_word_project\data\negative\seven\1b5ba788_nohash_0.wav,0.002943
C:\Users\miker\wake_word_project\data\negative\follow\c7dc7278_nohash_4.wav,0.000917
C:\Users\miker\wake_word_project\data\negative\sheila\88f3719f_nohash_0.wav,0.001746
C:\Users\miker\wake_word_project\data\negative\five\d394ef8e_nohash_3.wav,0.001957
C:\Users\miker\wake_word_project\data\negative\marvin\ac4b3fc3_nohash_0.wav,0.037816
C:\Users\miker\wake_word_project\data\negative\six\08ab231c_nohash_4.wav,0.004788
C:\Users\miker\wake_word_project\data\negative\on\0d2bcf9d_nohash_0.wav,0.000293
C:\Users\miker\wake_word_project\data\negative\one\3d9200b9_nohash_1.wav,0.000271
C:\Users\miker\wake_word_project\data\negative\go\7c1d8533_nohash_3.wav,0.001558
C:\Users\miker\wake_word_project\data\negative\zero\b087aa0e_nohash_2.wav,0.002315
C:\Users\miker\wake_word_project\data\negative\off\4abefdf5_nohash_0.wav,0.000189
C:\Users\miker\wake_word_project\data\negative\three\6c429c7b_nohash_4.wav,0.001076
C:\Users\miker\wake_word_project\data\negative\forward\a045368c_nohash_4.wav,0.008458
C:\Users\miker\wake_word_project\data\negative\forward\c7e02d9c_nohash_1.wav,0.000336
C:\Users\miker\wake_word_project\data\negative\three\cc554de3_nohash_0.wav,0.000610
C:\Users\miker\wake_word_project\data\negative\tree\d5ca80c6_nohash_0.wav,0.003884
C:\Users\miker\wake_word_project\data\negative\on\3c257192_nohash_0.wav,0.000772
C:\Users\miker\wake_word_project\data\negative\no\f736ab63_nohash_0.wav,0.000106
C:\Users\miker\wake_word_project\data\negative\bird\16d41d07_nohash_1.wav,0.004570
C:\Users\miker\wake_word_project\data\negative\wow\735845ab_nohash_0.wav,0.000673
C:\Users\miker\wake_word_project\data\negative\stop\e1469561_nohash_3.wav,0.002446
C:\Users\miker\wake_word_project\data\negative\four\48bfde8e_nohash_1.wav,0.001002
C:\Users\miker\wake_word_project\data\negative\on\d3831f6a_nohash_2.wav,0.000108
C:\Users\miker\wake_word_project\data\negative\stop\22aa3665_nohash_1.wav,0.000167
C:\Users\miker\wake_word_project\data\negative\on\27c24504_nohash_2.wav,0.006696
C:\Users\miker\wake_word_project\data\negative\no\c0445658_nohash_0.wav,0.000096
C:\Users\miker\wake_word_project\data\negative\backward\5b32733e_nohash_0.wav,0.000573
C:\Users\miker\wake_word_project\data\negative\up\8bf6acb9_nohash_0.wav,0.000768
C:\Users\miker\wake_word_project\data\negative\four\e6515415_nohash_1.wav,0.000453
C:\Users\miker\wake_word_project\data\negative\four\978240e1_nohash_1.wav,0.001927
C:\Users\miker\wake_word_project\data\negative\house\eb0676ec_nohash_0.wav,0.004950
C:\Users\miker\wake_word_project\data\negative\yes\3291330e_nohash_1.wav,0.002996
C:\Users\miker\wake_word_project\data\negative\up\840c366d_nohash_2.wav,0.000185
C:\Users\miker\wake_word_project\data\negative\zero\a2cc5444_nohash_0.wav,0.004423
C:\Users\miker\wake_word_project\data\negative\dog\3411cf4b_nohash_0.wav,0.002800
C:\Users\miker\wake_word_project\data\negative\down\e0c782d5_nohash_1.wav,0.000269
C:\Users\miker\wake_word_project\data\negative\zero\bbd0bbd0_nohash_2.wav,0.001616
C:\Users\miker\wake_word_project\data\negative\seven\c9a5100f_nohash_0.wav,0.000281
C:\Users\miker\wake_word_project\data\negative\forward\d21fd169_nohash_4.wav,0.001672
C:\Users\miker\wake_word_project\data\negative\nine\f9af823e_nohash_0.wav,0.000614
C:\Users\miker\wake_word_project\data\negative\marvin\5aac2efa_nohash_1.wav,0.064688
C:\Users\miker\wake_word_project\data\negative\four\462dca36_nohash_0.wav,0.001591
C:\Users\miker\wake_word_project\data\negative\one\1ba20be2_nohash_1.wav,0.004421
C:\Users\miker\wake_word_project\data\negative\eight\4def68db_nohash_0.wav,0.001000
C:\Users\miker\wake_word_project\data\negative\happy\f6a380e7_nohash_1.wav,0.025364
C:\Users\miker\wake_word_project\data\negative\two\608473c9_nohash_0.wav,0.000056
C:\Users\miker\wake_word_project\data\negative\right\3108acca_nohash_1.wav,0.003083
C:\Users\miker\wake_word_project\data\negative\seven\8012c69d_nohash_0.wav,0.003849
C:\Users\miker\wake_word_project\data\negative\three\c120e80e_nohash_2.wav,0.000563
C:\Users\miker\wake_word_project\data\negative\left\c2dccf38_nohash_1.wav,0.002128
C:\Users\miker\wake_word_project\data\negative\stop\4a4e28f1_nohash_0.wav,0.000121
C:\Users\miker\wake_word_project\data\negative\no\beb458a4_nohash_0.wav,0.003132
C:\Users\miker\wake_word_project\data\negative\stop\c93d5e22_nohash_2.wav,0.001404
C:\Users\miker\wake_word_project\data\negative\no\dca2797e_nohash_0.wav,0.000330
C:\Users\miker\wake_word_project\data\negative\six\f568162b_nohash_4.wav,0.017924
C:\Users\miker\wake_word_project\data\negative\eight\5104f2f4_nohash_1.wav,0.004577
C:\Users\miker\wake_word_project\data\negative\nine\617aeb6c_nohash_3.wav,0.008691
C:\Users\miker\wake_word_project\data\negative\nine\857366dd_nohash_0.wav,0.006311
C:\Users\miker\wake_word_project\data\negative\stop\fa7895de_nohash_0.wav,0.000538
C:\Users\miker\wake_word_project\data\negative\follow\a293e285_nohash_2.wav,0.000945
C:\Users\miker\wake_word_project\data\negative\two\7ca023e2_nohash_1.wav,0.000728
C:\Users\miker\wake_word_project\data\negative\up\9886d8bf_nohash_3.wav,0.013075
C:\Users\miker\wake_word_project\data\negative\zero\c41d9052_nohash_1.wav,0.000313
C:\Users\miker\wake_word_project\data\negative\left\333d7ddb_nohash_2.wav,0.000323
C:\Users\miker\wake_word_project\data\negative\stop\e54a0f16_nohash_2.wav,0.001778
C:\Users\miker\wake_word_project\data\negative\stop\113b3fbc_nohash_1.wav,0.000979
C:\Users\miker\wake_word_project\data\negative\down\51055bda_nohash_1.wav,0.000129
C:\Users\miker\wake_word_project\data\negative\two\6ace4fe1_nohash_0.wav,0.000379
C:\Users\miker\wake_word_project\data\negative\eight\fb8c31a9_nohash_0.wav,0.008313
C:\Users\miker\wake_word_project\data\negative\left\c1d39ce8_nohash_6.wav,0.003262
C:\Users\miker\wake_word_project\data\negative\eight\712e4d58_nohash_0.wav,0.008566
C:\Users\miker\wake_word_project\data\negative\go\b84f83d2_nohash_0.wav,0.000160
C:\Users\miker\wake_word_project\data\negative\eight\6823565f_nohash_0.wav,0.000692
C:\Users\miker\wake_word_project\data\negative\forward\821b64cc_nohash_0.wav,0.001681
C:\Users\miker\wake_word_project\data\negative\up\256c0a05_nohash_2.wav,0.005844
C:\Users\miker\wake_word_project\data\negative\five\3a70ab7f_nohash_0.wav,0.013639
C:\Users\miker\wake_word_project\data\negative\right\ef2a3cfb_nohash_1.wav,0.001067
C:\Users\miker\wake_word_project\data\negative\no\bdd22e4d_nohash_2.wav,0.000187
C:\Users\miker\wake_word_project\data\negative\off\c1d39ce8_nohash_4.wav,0.011387
C:\Users\miker\wake_word_project\data\negative\stop\44f68a83_nohash_0.wav,0.000647
C:\Users\miker\wake_word_project\data\negative\five\1ed0b13d_nohash_1.wav,0.001523
C:\Users\miker\wake_word_project\data\negative\six\8fe67225_nohash_1.wav,0.011398
C:\Users\miker\wake_word_project\data\negative\no\977a3be4_nohash_0.wav,0.000545
C:\Users\miker\wake_word_project\data\negative\off\ee1d8d49_nohash_2.wav,0.000965
C:\Users\miker\wake_word_project\data\negative\forward\b91b718c_nohash_3.wav,0.000722
C:\Users\miker\wake_word_project\data\negative\three\a518d1cf_nohash_1.wav,0.000493
C:\Users\miker\wake_word_project\data\negative\seven\cc554de3_nohash_0.wav,0.004501
C:\Users\miker\wake_word_project\data\negative\up\256c0a05_nohash_1.wav,0.009143
C:\Users\miker\wake_word_project\data\negative\three\f5c3de1b_nohash_0.wav,0.001894
C:\Users\miker\wake_word_project\data\negative\follow\af790082_nohash_2.wav,0.001085
C:\Users\miker\wake_word_project\data\negative\sheila\b83c1acf_nohash_0.wav,0.021639
C:\Users\miker\wake_word_project\data\negative\follow\226537ab_nohash_2.wav,0.000875
C:\Users\miker\wake_word_project\data\negative\learn\cb62dbf1_nohash_0.wav,0.001423
C:\Users\miker\wake_word_project\data\negative\five\31d31fa0_nohash_0.wav,0.000256
C:\Users\miker\wake_word_project\data\negative\forward\d5b963aa_nohash_1.wav,0.000136
C:\Users\miker\wake_word_project\data\negative\left\ccca5655_nohash_0.wav,0.011124
C:\Users\miker\wake_word_project\data\negative\on\e11fbc6e_nohash_3.wav,0.000859
C:\Users\miker\wake_word_project\data\negative\three\106a6183_nohash_0.wav,0.001940
C:\Users\miker\wake_word_project\data\negative\nine\c0c701f1_nohash_0.wav,0.005672
C:\Users\miker\wake_word_project\data\negative\backward\c50f55b8_nohash_12.wav,0.138696
C:\Users\miker\wake_word_project\data\negative\right\050170cb_nohash_2.wav,0.000903
C:\Users\miker\wake_word_project\data\negative\five\14c7b073_nohash_2.wav,0.000159
C:\Users\miker\wake_word_project\data\negative\four\3589bc72_nohash_2.wav,0.002412
C:\Users\miker\wake_word_project\data\negative\no\98ea0818_nohash_3.wav,0.001529
C:\Users\miker\wake_word_project\data\negative\six\195c120a_nohash_4.wav,0.009890
C:\Users\miker\wake_word_project\data\negative\right\bfdb9801_nohash_0.wav,0.001493
C:\Users\miker\wake_word_project\data\negative\tree\7fd25f7c_nohash_0.wav,0.000058
C:\Users\miker\wake_word_project\data\negative\right\62f05757_nohash_1.wav,0.008298
C:\Users\miker\wake_word_project\data\negative\off\6ef407da_nohash_3.wav,0.000237
C:\Users\miker\wake_word_project\data\negative\two\d5b963aa_nohash_0.wav,0.001362
C:\Users\miker\wake_word_project\data\negative\off\ace072ba_nohash_3.wav,0.000626
C:\Users\miker\wake_word_project\data\negative\up\bdee441c_nohash_1.wav,0.000458
C:\Users\miker\wake_word_project\data\negative\on\a8688b67_nohash_0.wav,0.004257
C:\Users\miker\wake_word_project\data\negative\right\2927c601_nohash_0.wav,0.003238
C:\Users\miker\wake_word_project\data\negative\follow\29229c21_nohash_2.wav,0.004159
C:\Users\miker\wake_word_project\data\negative\down\3bb68054_nohash_0.wav,0.000516
C:\Users\miker\wake_word_project\data\negative\six\3903b558_nohash_1.wav,0.002243
C:\Users\miker\wake_word_project\data\negative\bird\31267b59_nohash_0.wav,0.003959
C:\Users\miker\wake_word_project\data\negative\zero\a1cff772_nohash_1.wav,0.070511
C:\Users\miker\wake_word_project\data\negative\yes\7f74626f_nohash_3.wav,0.002277
C:\Users\miker\wake_word_project\data\negative\go\197f4153_nohash_1.wav,0.016352
C:\Users\miker\wake_word_project\data\negative\left\060cd039_nohash_0.wav,0.002192
C:\Users\miker\wake_word_project\data\negative\bird\4fd4d073_nohash_0.wav,0.000548
C:\Users\miker\wake_word_project\data\negative\house\b25b6065_nohash_3.wav,0.001514
C:\Users\miker\wake_word_project\data\negative\go\3b852f6f_nohash_0.wav,0.000869
C:\Users\miker\wake_word_project\data\negative\seven\ccea893d_nohash_0.wav,0.002141
C:\Users\miker\wake_word_project\data\negative\learn\c87a578d_nohash_0.wav,0.000319
C:\Users\miker\wake_word_project\data\negative\follow\3a929277_nohash_3.wav,0.000666
C:\Users\miker\wake_word_project\data\negative\zero\1f3bece8_nohash_4.wav,0.000603
C:\Users\miker\wake_word_project\data\negative\one\1a994c9f_nohash_3.wav,0.000426
C:\Users\miker\wake_word_project\data\negative\six\3ab9ba07_nohash_0.wav,0.003406
C:\Users\miker\wake_word_project\data\negative\wow\bfdb9801_nohash_2.wav,0.000522
C:\Users\miker\wake_word_project\data\negative\yes\a9ca1818_nohash_4.wav,0.001326
C:\Users\miker\wake_word_project\data\negative\right\65846c5f_nohash_0.wav,0.005690
C:\Users\miker\wake_word_project\data\negative\sheila\6565a81d_nohash_0.wav,0.004372
C:\Users\miker\wake_word_project\data\negative\right\ef2578c0_nohash_0.wav,0.004039
C:\Users\miker\wake_word_project\data\negative\eight\462dca36_nohash_0.wav,0.001927
C:\Users\miker\wake_word_project\data\negative\six\7eee5973_nohash_1.wav,0.008477
C:\Users\miker\wake_word_project\data\negative\eight\50ed8a7b_nohash_1.wav,0.000481
C:\Users\miker\wake_word_project\data\negative\house\460209ac_nohash_0.wav,0.001637
C:\Users\miker\wake_word_project\data\negative\yes\f1d36c53_nohash_0.wav,0.000110
C:\Users\miker\wake_word_project\data\negative\seven\fb8c31a9_nohash_3.wav,0.062385
C:\Users\miker\wake_word_project\data\negative\no\0362539c_nohash_3.wav,0.002730
C:\Users\miker\wake_word_project\data\negative\seven\f30285c8_nohash_2.wav,0.000807
C:\Users\miker\wake_word_project\data\negative\yes\57cb3575_nohash_0.wav,0.003176
C:\Users\miker\wake_word_project\data\negative\bird\dca2797e_nohash_0.wav,0.000268
C:\Users\miker\wake_word_project\data\negative\yes\72e382bd_nohash_1.wav,0.001981
C:\Users\miker\wake_word_project\data\negative\visual\1a994c9f_nohash_4.wav,0.000441
C:\Users\miker\wake_word_project\data\negative\on\8fe67225_nohash_0.wav,0.005698
C:\Users\miker\wake_word_project\data\negative\sheila\3108acca_nohash_0.wav,0.001205
C:\Users\miker\wake_word_project\data\negative\go\07de53d3_nohash_1.wav,0.002240
C:\Users\miker\wake_word_project\data\negative\off\ffd2ba2f_nohash_2.wav,0.001055
C:\Users\miker\wake_word_project\data\negative\down\e7ea8b76_nohash_1.wav,0.000433
C:\Users\miker\wake_word_project\data\negative\wow\611d2b50_nohash_0.wav,0.000679
C:\Users\miker\wake_word_project\data\negative\tree\890e4ee2_nohash_1.wav,0.006280
C:\Users\miker\wake_word_project\data\negative\yes\2bd2cad5_nohash_0.wav,0.001208
C:\Users\miker\wake_word_project\data\negative\happy\0585b66d_nohash_0.wav,0.001764
C:\Users\miker\wake_word_project\data\negative\left\36050ef3_nohash_3.wav,0.007248
C:\Users\miker\wake_word_project\data\negative\bird\4634529e_nohash_0.wav,0.000119
C:\Users\miker\wake_word_project\data\negative\happy\fe291fa9_nohash_1.wav,0.000303
C:\Users\miker\wake_word_project\data\negative\nine\659b7fae_nohash_0.wav,0.023773
C:\Users\miker\wake_word_project\data\negative\down\645ed69d_nohash_4.wav,0.000586
C:\Users\miker\wake_word_project\data\negative\on\7cf14c54_nohash_1.wav,0.000500
C:\Users\miker\wake_word_project\data\negative\eight\6b81fead_nohash_1.wav,0.007305
C:\Users\miker\wake_word_project\data\negative\yes\f568162b_nohash_3.wav,0.005097
C:\Users\miker\wake_word_project\data\negative\go\ac899eb7_nohash_1.wav,0.002140
C:\Users\miker\wake_word_project\data\negative\four\bbd0bbd0_nohash_1.wav,0.000948
C:\Users\miker\wake_word_project\data\negative\wow\77f185d3_nohash_0.wav,0.001245
C:\Users\miker\wake_word_project\data\negative\six\fbdc07bb_nohash_0.wav,0.000866
C:\Users\miker\wake_word_project\data\negative\two\fbb56351_nohash_4.wav,0.000123
C:\Users\miker\wake_word_project\data\negative\nine\77655bdf_nohash_1.wav,0.001381
C:\Users\miker\wake_word_project\data\negative\up\c22d3f18_nohash_0.wav,0.037985
C:\Users\miker\wake_word_project\data\negative\stop\bfdb9801_nohash_0.wav,0.000735
C:\Users\miker\wake_word_project\data\negative\three\8a90cf67_nohash_2.wav,0.000616
C:\Users\miker\wake_word_project\data\negative\on\1b835b87_nohash_1.wav,0.001976
C:\Users\miker\wake_word_project\data\negative\follow\0f46028a_nohash_2.wav,0.000289
C:\Users\miker\wake_word_project\data\negative\stop\f292725f_nohash_0.wav,0.000714
C:\Users\miker\wake_word_project\data\negative\five\29dce108_nohash_3.wav,0.000713
C:\Users\miker\wake_word_project\data\negative\zero\3d53244b_nohash_1.wav,0.002450
C:\Users\miker\wake_word_project\data\negative\four\9ff2d2f4_nohash_0.wav,0.000488
C:\Users\miker\wake_word_project\data\negative\four\a1e71565_nohash_1.wav,0.001830
C:\Users\miker\wake_word_project\data\negative\zero\ecbd8d66_nohash_0.wav,0.001215
C:\Users\miker\wake_word_project\data\negative\dog\00f0204f_nohash_0.wav,0.000710
C:\Users\miker\wake_word_project\data\negative\six\626e323f_nohash_1.wav,0.002658
C:\Users\miker\wake_word_project\data\negative\nine\7ab5b8f7_nohash_2.wav,0.017202
C:\Users\miker\wake_word_project\data\negative\seven\a7200079_nohash_1.wav,0.001804
C:\Users\miker\wake_word_project\data\negative\learn\22cb56b3_nohash_0.wav,0.001032
C:\Users\miker\wake_word_project\data\negative\stop\4954abe8_nohash_0.wav,0.000943
C:\Users\miker\wake_word_project\data\negative\seven\d8ee4734_nohash_1.wav,0.008138
C:\Users\miker\wake_word_project\data\negative\follow\3cc595de_nohash_2.wav,0.002689
C:\Users\miker\wake_word_project\data\negative\marvin\3389305e_nohash_0.wav,0.031629
C:\Users\miker\wake_word_project\data\negative\up\87070229_nohash_3.wav,0.002163
C:\Users\miker\wake_word_project\data\negative\left\0ba018fc_nohash_3.wav,0.000401
C:\Users\miker\wake_word_project\data\negative\learn\d264f7b6_nohash_0.wav,0.001195
C:\Users\miker\wake_word_project\data\negative\six\7f581e94_nohash_1.wav,0.000342
C:\Users\miker\wake_word_project\data\negative\house\3d9200b9_nohash_0.wav,0.000455
C:\Users\miker\wake_word_project\data\negative\seven\0ea0e2f4_nohash_0.wav,0.001483
C:\Users\miker\wake_word_project\data\negative\two\acfd5b5e_nohash_1.wav,0.000208
C:\Users\miker\wake_word_project\data\negative\down\afb9e62e_nohash_0.wav,0.002979
C:\Users\miker\wake_word_project\data\negative\five\0cb74144_nohash_0.wav,0.002891
C:\Users\miker\wake_word_project\data\negative\yes\226537ab_nohash_2.wav,0.004082
C:\Users\miker\wake_word_project\data\negative\zero\46a153d8_nohash_2.wav,0.000756
C:\Users\miker\wake_word_project\data\negative\off\86cb59b2_nohash_0.wav,0.000339
C:\Users\miker\wake_word_project\data\negative\cat\fe5c4a7a_nohash_2.wav,0.001129
C:\Users\miker\wake_word_project\data\negative\house\da15e796_nohash_0.wav,0.003068
C:\Users\miker\wake_word_project\data\negative\tree\b59fe16d_nohash_1.wav,0.010595
C:\Users\miker\wake_word_project\data\negative\eight\bf5d409d_nohash_0.wav,0.000500
C:\Users\miker\wake_word_project\data\negative\up\6bf5baf3_nohash_3.wav,0.002875
C:\Users\miker\wake_word_project\data\negative\eight\f1b35ace_nohash_0.wav,0.000172
C:\Users\miker\wake_word_project\data\negative\happy\2a0b413e_nohash_0.wav,0.004389
C:\Users\miker\wake_word_project\data\negative\five\6347b393_nohash_0.wav,0.003811
C:\Users\miker\wake_word_project\data\negative\up\c7aa72e6_nohash_1.wav,0.000951
C:\Users\miker\wake_word_project\data\negative\marvin\1b88bf70_nohash_2.wav,0.002428
C:\Users\miker\wake_word_project\data\negative\happy\060cd039_nohash_1.wav,0.101625
C:\Users\miker\wake_word_project\data\negative\yes\82b99576_nohash_0.wav,0.004983
C:\Users\miker\wake_word_project\data\negative\two\9307154f_nohash_0.wav,0.000360
C:\Users\miker\wake_word_project\data\negative\no\ddedba85_nohash_8.wav,0.000182
C:\Users\miker\wake_word_project\data\negative\right\3102f006_nohash_1.wav,0.002377
C:\Users\miker\wake_word_project\data\negative\five\3efa7ec4_nohash_0.wav,0.000879
C:\Users\miker\wake_word_project\data\negative\six\a7216980_nohash_3.wav,0.002024
C:\Users\miker\wake_word_project\data\negative\three\879a2b38_nohash_1.wav,0.000895
C:\Users\miker\wake_word_project\data\negative\house\5525ff66_nohash_0.wav,0.003807
C:\Users\miker\wake_word_project\data\negative\three\5b09db89_nohash_4.wav,0.001854
C:\Users\miker\wake_word_project\data\negative\off\9fac5701_nohash_1.wav,0.001764
C:\Users\miker\wake_word_project\data\negative\no\4bc2c2c5_nohash_0.wav,0.015249
C:\Users\miker\wake_word_project\data\negative\on\eb0676ec_nohash_0.wav,0.024074
C:\Users\miker\wake_word_project\data\negative\dog\ff0e27c3_nohash_2.wav,0.000177
C:\Users\miker\wake_word_project\data\negative\three\9448c397_nohash_0.wav,0.003406
C:\Users\miker\wake_word_project\data\negative\zero\97f4c236_nohash_2.wav,0.003532
C:\Users\miker\wake_word_project\data\negative\yes\c099668c_nohash_1.wav,0.001798
C:\Users\miker\wake_word_project\data\negative\down\9fac5701_nohash_4.wav,0.001065
C:\Users\miker\wake_word_project\data\negative\off\37d38e44_nohash_0.wav,0.001254
C:\Users\miker\wake_word_project\data\negative\seven\195c120a_nohash_3.wav,0.000848
C:\Users\miker\wake_word_project\data\negative\yes\1f3bece8_nohash_0.wav,0.000373
C:\Users\miker\wake_word_project\data\negative\house\e9287461_nohash_0.wav,0.001526
C:\Users\miker\wake_word_project\data\negative\up\30f31e42_nohash_0.wav,0.000497
C:\Users\miker\wake_word_project\data\negative\no\189cbabe_nohash_3.wav,0.005483
C:\Users\miker\wake_word_project\data\negative\one\019fa366_nohash_1.wav,0.000715
C:\Users\miker\wake_word_project\data\negative\right\23ad12d8_nohash_0.wav,0.000461
C:\Users\miker\wake_word_project\data\negative\marvin\6d0ad764_nohash_0.wav,0.000041
C:\Users\miker\wake_word_project\data\negative\six\ca4d5368_nohash_4.wav,0.002952
C:\Users\miker\wake_word_project\data\negative\backward\3102f006_nohash_2.wav,0.002513
C:\Users\miker\wake_word_project\data\negative\yes\e98cb283_nohash_0.wav,0.000055
C:\Users\miker\wake_word_project\data\negative\wow\2b3f509b_nohash_1.wav,0.000515
C:\Users\miker\wake_word_project\data\negative\down\9ff2d2f4_nohash_4.wav,0.000152
C:\Users\miker\wake_word_project\data\negative\wow\113b3fbc_nohash_0.wav,0.003066
C:\Users\miker\wake_word_project\data\negative\one\2356b88d_nohash_0.wav,0.000215
C:\Users\miker\wake_word_project\data\negative\three\9f22307d_nohash_0.wav,0.000219
C:\Users\miker\wake_word_project\data\negative\two\256c0a05_nohash_1.wav,0.000127
C:\Users\miker\wake_word_project\data\negative\up\460209ac_nohash_0.wav,0.001211
C:\Users\miker\wake_word_project\data\negative\nine\b97c9f77_nohash_4.wav,0.000666
C:\Users\miker\wake_word_project\data\negative\dog\3efa7ec4_nohash_1.wav,0.000654
C:\Users\miker\wake_word_project\data\negative\zero\a05a90c1_nohash_0.wav,0.013311
C:\Users\miker\wake_word_project\data\negative\seven\b6e6aa2e_nohash_0.wav,0.000283
C:\Users\miker\wake_word_project\data\negative\off\0c5027de_nohash_0.wav,0.003057
C:\Users\miker\wake_word_project\data\negative\go\016e2c6d_nohash_1.wav,0.000750
C:\Users\miker\wake_word_project\data\negative\on\28e47b1a_nohash_4.wav,0.005552
C:\Users\miker\wake_word_project\data\negative\four\cb802c63_nohash_1.wav,0.000793
C:\Users\miker\wake_word_project\data\negative\right\61ab8fbc_nohash_4.wav,0.005004
C:\Users\miker\wake_word_project\data\negative\house\518588b6_nohash_0.wav,0.036354
C:\Users\miker\wake_word_project\data\negative\marvin\26a093e1_nohash_0.wav,0.001889
C:\Users\miker\wake_word_project\data\negative\learn\54b6d355_nohash_0.wav,0.000008
C:\Users\miker\wake_word_project\data\negative\nine\0c5027de_nohash_1.wav,0.004814
C:\Users\miker\wake_word_project\data\negative\sheila\3fdafe25_nohash_0.wav,0.005355
C:\Users\miker\wake_word_project\data\negative\six\ab7b5acd_nohash_1.wav,0.001750
C:\Users\miker\wake_word_project\data\negative\eight\de89e2ca_nohash_2.wav,0.002120
C:\Users\miker\wake_word_project\data\negative\six\3dfd6c23_nohash_0.wav,0.002956
C:\Users\miker\wake_word_project\data\negative\right\0c09f202_nohash_0.wav,0.000123
C:\Users\miker\wake_word_project\data\negative\zero\5fb88f4c_nohash_0.wav,0.000472
C:\Users\miker\wake_word_project\data\negative\nine\3b195250_nohash_1.wav,0.001594
C:\Users\miker\wake_word_project\data\negative\two\c50f55b8_nohash_0.wav,0.002645
C:\Users\miker\wake_word_project\data\negative\yes\88f8a99c_nohash_0.wav,0.035072
C:\Users\miker\wake_word_project\data\negative\cat\4f2be90f_nohash_0.wav,0.001406
C:\Users\miker\wake_word_project\data\negative\cat\24ad3ebe_nohash_1.wav,0.000488
C:\Users\miker\wake_word_project\data\negative\down\cd85758f_nohash_2.wav,0.000594
C:\Users\miker\wake_word_project\data\negative\three\4a1e736b_nohash_1.wav,0.039502
C:\Users\miker\wake_word_project\data\negative\zero\37d38e44_nohash_0.wav,0.002828
C:\Users\miker\wake_word_project\data\negative\one\2b5e346d_nohash_2.wav,0.007466
C:\Users\miker\wake_word_project\data\negative\bed\3f45a0cf_nohash_0.wav,0.003254
C:\Users\miker\wake_word_project\data\negative\eight\ab76ac76_nohash_0.wav,0.000648
C:\Users\miker\wake_word_project\data\negative\five\c4e00ee9_nohash_4.wav,0.005235
C:\Users\miker\wake_word_project\data\negative\on\8eb4a1bf_nohash_3.wav,0.001041
C:\Users\miker\wake_word_project\data\negative\one\13a93b33_nohash_1.wav,0.014207
C:\Users\miker\wake_word_project\data\negative\backward\0e8ec1cb_nohash_0.wav,0.002308
C:\Users\miker\wake_word_project\data\negative\on\19e246ad_nohash_1.wav,0.000394
C:\Users\miker\wake_word_project\data\negative\four\763188c4_nohash_1.wav,0.020722
C:\Users\miker\wake_word_project\data\negative\two\f839238a_nohash_1.wav,0.001479
C:\Users\miker\wake_word_project\data\negative\eight\eb3f7d82_nohash_3.wav,0.000538
C:\Users\miker\wake_word_project\data\negative\tree\446a3161_nohash_0.wav,0.000237
C:\Users\miker\wake_word_project\data\negative\left\5c8af87a_nohash_2.wav,0.000896
C:\Users\miker\wake_word_project\data\negative\five\cb5d2c6e_nohash_1.wav,0.001356
C:\Users\miker\wake_word_project\data\negative\house\a8688b67_nohash_1.wav,0.001387
C:\Users\miker\wake_word_project\data\negative\down\a16b3102_nohash_0.wav,0.002020
C:\Users\miker\wake_word_project\data\negative\tree\9bea2ac7_nohash_0.wav,0.000717
C:\Users\miker\wake_word_project\data\negative\nine\cae62f38_nohash_0.wav,0.011939
C:\Users\miker\wake_word_project\data\negative\happy\363c6bad_nohash_0.wav,0.001713
C:\Users\miker\wake_word_project\data\negative\down\3a53b856_nohash_0.wav,0.002233
C:\Users\miker\wake_word_project\data\negative\no\2c393fd2_nohash_0.wav,0.000623
C:\Users\miker\wake_word_project\data\negative\two\28ed6bc9_nohash_4.wav,0.001475
C:\Users\miker\wake_word_project\data\negative\tree\31601aad_nohash_0.wav,0.003261
C:\Users\miker\wake_word_project\data\negative\follow\06f6c194_nohash_1.wav,0.011812
C:\Users\miker\wake_word_project\data\negative\cat\88f3719f_nohash_0.wav,0.000612
C:\Users\miker\wake_word_project\data\negative\no\fc94edb0_nohash_0.wav,0.001577
C:\Users\miker\wake_word_project\data\negative\three\437455be_nohash_0.wav,0.004384
C:\Users\miker\wake_word_project\data\negative\left\7e7ca854_nohash_2.wav,0.000419
C:\Users\miker\wake_word_project\data\negative\visual\af790082_nohash_2.wav,0.019488
C:\Users\miker\wake_word_project\data\negative\up\5a98d407_nohash_0.wav,0.001597
C:\Users\miker\wake_word_project\data\negative\yes\4beff0c5_nohash_1.wav,0.000118
C:\Users\miker\wake_word_project\data\negative\go\9229bff9_nohash_0.wav,0.002059
C:\Users\miker\wake_word_project\data\negative\on\24ed94ab_nohash_0.wav,0.003585
C:\Users\miker\wake_word_project\data\negative\tree\af405b69_nohash_0.wav,0.000474
C:\Users\miker\wake_word_project\data\negative\down\8dc18a75_nohash_0.wav,0.002361
C:\Users\miker\wake_word_project\data\negative\up\837a0f64_nohash_3.wav,0.000242
C:\Users\miker\wake_word_project\data\negative\down\af790082_nohash_0.wav,0.001696
C:\Users\miker\wake_word_project\data\negative\backward\189cbabe_nohash_2.wav,0.001580
C:\Users\miker\wake_word_project\data\negative\four\da15e796_nohash_0.wav,0.049656
C:\Users\miker\wake_word_project\data\negative\one\c351e611_nohash_1.wav,0.001884
C:\Users\miker\wake_word_project\data\negative\down\179a61b7_nohash_4.wav,0.005690
C:\Users\miker\wake_word_project\data\negative\eight\f1d36c53_nohash_0.wav,0.000728
C:\Users\miker\wake_word_project\data\negative\stop\2f666bb2_nohash_0.wav,0.000831
C:\Users\miker\wake_word_project\data\negative\go\471a0925_nohash_0.wav,0.001037
C:\Users\miker\wake_word_project\data\negative\seven\37dca74f_nohash_4.wav,0.000975
C:\Users\miker\wake_word_project\data\negative\two\b2ae3928_nohash_1.wav,0.020994
C:\Users\miker\wake_word_project\data\negative\on\b308773d_nohash_2.wav,0.000682
C:\Users\miker\wake_word_project\data\negative\backward\bdd22e4d_nohash_4.wav,0.012539
C:\Users\miker\wake_word_project\data\negative\backward\a7acbbeb_nohash_1.wav,0.003296
C:\Users\miker\wake_word_project\data\negative\up\38d78313_nohash_2.wav,0.002278
C:\Users\miker\wake_word_project\data\negative\nine\3a3ee7ed_nohash_0.wav,0.003174
C:\Users\miker\wake_word_project\data\negative\eight\893705bb_nohash_2.wav,0.001611
C:\Users\miker\wake_word_project\data\negative\off\e71a9381_nohash_2.wav,0.010449
C:\Users\miker\wake_word_project\data\negative\up\2aa787cf_nohash_1.wav,0.000210
C:\Users\miker\wake_word_project\data\negative\eight\ee6163d5_nohash_1.wav,0.001568
C:\Users\miker\wake_word_project\data\negative\one\ca4d5368_nohash_1.wav,0.000222
C:\Users\miker\wake_word_project\data\negative\dog\bbc30633_nohash_0.wav,0.022301
C:\Users\miker\wake_word_project\data\negative\go\6124b431_nohash_1.wav,0.003335
C:\Users\miker\wake_word_project\data\negative\no\9151f184_nohash_1.wav,0.000902
C:\Users\miker\wake_word_project\data\negative\down\7cbf645a_nohash_0.wav,0.001007
C:\Users\miker\wake_word_project\data\negative\wow\0f3f64d5_nohash_0.wav,0.000206
C:\Users\miker\wake_word_project\data\negative\zero\f0659908_nohash_0.wav,0.008403
C:\Users\miker\wake_word_project\data\negative\down\e7ea8b76_nohash_3.wav,0.000906
C:\Users\miker\wake_word_project\data\negative\down\eeaf97c3_nohash_0.wav,0.000547
C:\Users\miker\wake_word_project\data\negative\left\c256377f_nohash_2.wav,0.000817
C:\Users\miker\wake_word_project\data\negative\no\0b7ee1a0_nohash_1.wav,0.001657
C:\Users\miker\wake_word_project\data\negative\left\42a99aec_nohash_4.wav,0.005411
C:\Users\miker\wake_word_project\data\negative\five\197f4153_nohash_4.wav,0.007174
C:\Users\miker\wake_word_project\data\negative\no\8dd788d8_nohash_1.wav,0.000727
C:\Users\miker\wake_word_project\data\negative\yes\e41a903b_nohash_2.wav,0.001733
C:\Users\miker\wake_word_project\data\negative\yes\3a3ee7ed_nohash_2.wav,0.006498
C:\Users\miker\wake_word_project\data\negative\eight\f5626af6_nohash_2.wav,0.002112
C:\Users\miker\wake_word_project\data\negative\three\d3badc9a_nohash_1.wav,0.001157
C:\Users\miker\wake_word_project\data\negative\two\9a7c1f83_nohash_0.wav,0.010122
C:\Users\miker\wake_word_project\data\negative\five\46114b4e_nohash_0.wav,0.000273
C:\Users\miker\wake_word_project\data\negative\dog\95218ce8_nohash_0.wav,0.000712
C:\Users\miker\wake_word_project\data\negative\seven\98ea0818_nohash_1.wav,0.004572
C:\Users\miker\wake_word_project\data\negative\six\26e573a9_nohash_0.wav,0.001678
C:\Users\miker\wake_word_project\data\negative\backward\af790082_nohash_1.wav,0.007465
C:\Users\miker\wake_word_project\data\negative\stop\c0c0d87d_nohash_1.wav,0.002790
C:\Users\miker\wake_word_project\data\negative\tree\44715c1c_nohash_2.wav,0.128399
C:\Users\miker\wake_word_project\data\negative\five\f68160c0_nohash_1.wav,0.000667
C:\Users\miker\wake_word_project\data\negative\on\8549f25d_nohash_1.wav,0.000412
C:\Users\miker\wake_word_project\data\negative\nine\7f74626f_nohash_1.wav,0.001013
C:\Users\miker\wake_word_project\data\negative\visual\5f5eef60_nohash_1.wav,0.001221
C:\Users\miker\wake_word_project\data\negative\four\d5ca80c6_nohash_1.wav,0.000531
C:\Users\miker\wake_word_project\data\negative\three\5ebc1cda_nohash_6.wav,0.000198
C:\Users\miker\wake_word_project\data\negative\yes\131e738d_nohash_3.wav,0.004268
C:\Users\miker\wake_word_project\data\negative\five\90804775_nohash_1.wav,0.001294
C:\Users\miker\wake_word_project\data\negative\off\8769c34c_nohash_4.wav,0.001382
C:\Users\miker\wake_word_project\data\negative\stop\f1b35ace_nohash_0.wav,0.001262
C:\Users\miker\wake_word_project\data\negative\two\e882abb2_nohash_1.wav,0.001922
C:\Users\miker\wake_word_project\data\negative\on\9a69672b_nohash_1.wav,0.000807
C:\Users\miker\wake_word_project\data\negative\four\fb7eb481_nohash_3.wav,0.000533
C:\Users\miker\wake_word_project\data\negative\down\61e2f74f_nohash_0.wav,0.002380
C:\Users\miker\wake_word_project\data\negative\down\d6360b32_nohash_2.wav,0.003348
C:\Users\miker\wake_word_project\data\negative\five\30060aba_nohash_0.wav,0.001473
C:\Users\miker\wake_word_project\data\negative\yes\333784b7_nohash_2.wav,0.004777
C:\Users\miker\wake_word_project\data\negative\eight\a2cc5444_nohash_4.wav,0.005280
C:\Users\miker\wake_word_project\data\negative\stop\0cb74144_nohash_0.wav,0.003405
C:\Users\miker\wake_word_project\data\negative\wow\014f9f65_nohash_0.wav,0.002905
C:\Users\miker\wake_word_project\data\negative\no\9a69672b_nohash_0.wav,0.009108
C:\Users\miker\wake_word_project\data\negative\nine\81dc4a94_nohash_2.wav,0.000830
C:\Users\miker\wake_word_project\data\negative\on\25e95412_nohash_3.wav,0.001887
C:\Users\miker\wake_word_project\data\negative\left\cc592808_nohash_0.wav,0.001296
C:\Users\miker\wake_word_project\data\negative\zero\763188c4_nohash_3.wav,0.004472
C:\Users\miker\wake_word_project\data\negative\five\2e75d37a_nohash_1.wav,0.000201
C:\Users\miker\wake_word_project\data\negative\happy\0a196374_nohash_0.wav,0.000497
C:\Users\miker\wake_word_project\data\negative\house\d312f481_nohash_0.wav,0.001003
C:\Users\miker\wake_word_project\data\negative\three\f192e6b4_nohash_1.wav,0.002909
C:\Users\miker\wake_word_project\data\negative\down\4beff0c5_nohash_0.wav,0.000011
C:\Users\miker\wake_word_project\data\negative\sheila\a243fcc2_nohash_0.wav,0.001278
C:\Users\miker\wake_word_project\data\negative\stop\6cf5459b_nohash_1.wav,0.001857
C:\Users\miker\wake_word_project\data\negative\stop\64f83f0e_nohash_0.wav,0.002104
C:\Users\miker\wake_word_project\data\negative\stop\ab00c4b2_nohash_0.wav,0.001107
C:\Users\miker\wake_word_project\data\negative\learn\72242187_nohash_4.wav,0.001705
C:\Users\miker\wake_word_project\data\negative\zero\126a31d2_nohash_1.wav,0.030660
C:\Users\miker\wake_word_project\data\negative\up\0c5027de_nohash_0.wav,0.000116
C:\Users\miker\wake_word_project\data\negative\bed\ec545975_nohash_1.wav,0.000980
C:\Users\miker\wake_word_project\data\negative\tree\e7334395_nohash_2.wav,0.000331
C:\Users\miker\wake_word_project\data\negative\left\5a3712c9_nohash_2.wav,0.002747
C:\Users\miker\wake_word_project\data\negative\four\94d370bf_nohash_3.wav,0.000691
C:\Users\miker\wake_word_project\data\negative\seven\29dce108_nohash_2.wav,0.001174
C:\Users\miker\wake_word_project\data\negative\stop\a4baac4e_nohash_0.wav,0.000237
C:\Users\miker\wake_word_project\data\negative\forward\f5887ca0_nohash_0.wav,0.000084
C:\Users\miker\wake_word_project\data\negative\yes\0ff728b5_nohash_0.wav,0.000522
C:\Users\miker\wake_word_project\data\negative\no\d394ef8e_nohash_3.wav,0.001543
C:\Users\miker\wake_word_project\data\negative\left\256c0a05_nohash_0.wav,0.042021
C:\Users\miker\wake_word_project\data\negative\three\fce96bac_nohash_0.wav,0.004318
C:\Users\miker\wake_word_project\data\negative\cat\b49caed3_nohash_0.wav,0.002848
C:\Users\miker\wake_word_project\data\negative\zero\90b0b91a_nohash_1.wav,0.008817
C:\Users\miker\wake_word_project\data\negative\go\be7a5b2d_nohash_1.wav,0.000765
C:\Users\miker\wake_word_project\data\negative\right\62581901_nohash_2.wav,0.001264
C:\Users\miker\wake_word_project\data\negative\no\a9ca1818_nohash_4.wav,0.000642
C:\Users\miker\wake_word_project\data\negative\eight\41285056_nohash_1.wav,0.001044
C:\Users\miker\wake_word_project\data\negative\go\cb164eea_nohash_0.wav,0.000083
C:\Users\miker\wake_word_project\data\negative\right\8eb4a1bf_nohash_0.wav,0.187765
C:\Users\miker\wake_word_project\data\negative\three\b91b718c_nohash_1.wav,0.000277
C:\Users\miker\wake_word_project\data\negative\stop\30f31e42_nohash_0.wav,0.001278
C:\Users\miker\wake_word_project\data\negative\dog\becd5a53_nohash_0.wav,0.125697
C:\Users\miker\wake_word_project\data\negative\seven\84bf12ff_nohash_0.wav,0.000926
C:\Users\miker\wake_word_project\data\negative\backward\f5626af6_nohash_3.wav,0.001825
C:\Users\miker\wake_word_project\data\negative\nine\ce0cb033_nohash_0.wav,0.001820
C:\Users\miker\wake_word_project\data\negative\left\ddedba85_nohash_2.wav,0.000106
C:\Users\miker\wake_word_project\data\negative\eight\ec74a8a5_nohash_0.wav,0.000786
C:\Users\miker\wake_word_project\data\negative\no\b17f5ba0_nohash_0.wav,0.002558
C:\Users\miker\wake_word_project\data\negative\six\53eb0a88_nohash_0.wav,0.009347
C:\Users\miker\wake_word_project\data\negative\off\d98dd124_nohash_2.wav,0.001072
C:\Users\miker\wake_word_project\data\negative\nine\f618568f_nohash_0.wav,0.027748
C:\Users\miker\wake_word_project\data\negative\sheila\312b96ec_nohash_0.wav,0.017271
C:\Users\miker\wake_word_project\data\negative\two\c79159aa_nohash_4.wav,0.005183
C:\Users\miker\wake_word_project\data\negative\follow\a77fbcfd_nohash_1.wav,0.018967
C:\Users\miker\wake_word_project\data\negative\yes\8e05039f_nohash_0.wav,0.032444
C:\Users\miker\wake_word_project\data\negative\one\953fe1ad_nohash_0.wav,0.001855
C:\Users\miker\wake_word_project\data\negative\yes\cae62f38_nohash_0.wav,0.003117
C:\Users\miker\wake_word_project\data\negative\dog\d9d6559e_nohash_2.wav,0.007235
C:\Users\miker\wake_word_project\data\negative\bed\479e64cc_nohash_1.wav,0.008047
C:\Users\miker\wake_word_project\data\negative\six\f84762e5_nohash_1.wav,0.012516
C:\Users\miker\wake_word_project\data\negative\dog\86402da1_nohash_0.wav,0.000769
C:\Users\miker\wake_word_project\data\negative\bed\1657c9fa_nohash_0.wav,0.006871
C:\Users\miker\wake_word_project\data\negative\happy\f59d0771_nohash_0.wav,0.025006
C:\Users\miker\wake_word_project\data\negative\four\eee5e541_nohash_0.wav,0.000950
C:\Users\miker\wake_word_project\data\negative\bird\c1d39ce8_nohash_0.wav,0.002274
C:\Users\miker\wake_word_project\data\negative\dog\1365dd89_nohash_2.wav,0.003650
C:\Users\miker\wake_word_project\data\negative\zero\66276b0e_nohash_0.wav,0.001032
C:\Users\miker\wake_word_project\data\negative\off\0e6e36c9_nohash_3.wav,0.021914
C:\Users\miker\wake_word_project\data\negative\learn\9e92ef0c_nohash_1.wav,0.002743
C:\Users\miker\wake_word_project\data\negative\three\61ab8fbc_nohash_3.wav,0.132503
C:\Users\miker\wake_word_project\data\negative\up\cfbedff9_nohash_1.wav,0.002073
C:\Users\miker\wake_word_project\data\negative\right\9b8a7439_nohash_3.wav,0.001973
C:\Users\miker\wake_word_project\data\negative\yes\b49caed3_nohash_2.wav,0.072900
C:\Users\miker\wake_word_project\data\negative\off\aac5b7c1_nohash_0.wav,0.001189
C:\Users\miker\wake_word_project\data\negative\up\70a00e98_nohash_1.wav,0.000596
C:\Users\miker\wake_word_project\data\negative\off\327289eb_nohash_0.wav,0.000556
C:\Users\miker\wake_word_project\data\negative\three\cc8b3228_nohash_1.wav,0.004393
C:\Users\miker\wake_word_project\data\negative\seven\c692524d_nohash_0.wav,0.003284
C:\Users\miker\wake_word_project\data\negative\seven\cd671b5f_nohash_2.wav,0.000393
C:\Users\miker\wake_word_project\data\negative\stop\f19c1390_nohash_0.wav,0.001511
C:\Users\miker\wake_word_project\data\negative\five\9b3ea809_nohash_0.wav,0.008066
C:\Users\miker\wake_word_project\data\negative\house\dbaf8fc6_nohash_1.wav,0.000561
C:\Users\miker\wake_word_project\data\negative\down\439c84f4_nohash_0.wav,0.005958
C:\Users\miker\wake_word_project\data\negative\left\a7216980_nohash_0.wav,0.003347
C:\Users\miker\wake_word_project\data\negative\right\f2898d06_nohash_0.wav,0.000602
C:\Users\miker\wake_word_project\data\negative\four\7ff4fc72_nohash_0.wav,0.000230
C:\Users\miker\wake_word_project\data\negative\five\b26343e9_nohash_0.wav,0.001873
C:\Users\miker\wake_word_project\data\negative\seven\c50f55b8_nohash_6.wav,0.001915
C:\Users\miker\wake_word_project\data\negative\marvin\65d81c54_nohash_1.wav,0.006182
C:\Users\miker\wake_word_project\data\negative\no\cc4f9250_nohash_3.wav,0.001270
C:\Users\miker\wake_word_project\data\negative\six\f19d1738_nohash_0.wav,0.001825
C:\Users\miker\wake_word_project\data\negative\three\997867e7_nohash_0.wav,0.002274
C:\Users\miker\wake_word_project\data\negative\yes\924c1a04_nohash_0.wav,0.001896
C:\Users\miker\wake_word_project\data\negative\two\b9db6e42_nohash_0.wav,0.000150
C:\Users\miker\wake_word_project\data\negative\three\e54a0f16_nohash_1.wav,0.002165
C:\Users\miker\wake_word_project\data\negative\dog\6f7724f5_nohash_2.wav,0.000554
C:\Users\miker\wake_word_project\data\negative\left\a97c6445_nohash_0.wav,0.003122
C:\Users\miker\wake_word_project\data\negative\up\5236848b_nohash_0.wav,0.000421
C:\Users\miker\wake_word_project\data\negative\on\6ace4fe1_nohash_0.wav,0.001031
C:\Users\miker\wake_word_project\data\negative\wow\004ae714_nohash_0.wav,0.000648
C:\Users\miker\wake_word_project\data\negative\go\b8874962_nohash_0.wav,0.001056
C:\Users\miker\wake_word_project\data\negative\cat\ead2934a_nohash_1.wav,0.000927
C:\Users\miker\wake_word_project\data\negative\go\e7ea8b76_nohash_3.wav,0.001521
C:\Users\miker\wake_word_project\data\negative\on\533c6564_nohash_0.wav,0.000068
C:\Users\miker\wake_word_project\data\negative\eight\616420be_nohash_3.wav,0.001829
C:\Users\miker\wake_word_project\data\negative\on\f575faf3_nohash_3.wav,0.000494
C:\Users\miker\wake_word_project\data\negative\stop\ceaadb24_nohash_0.wav,0.001468
C:\Users\miker\wake_word_project\data\negative\stop\b5552931_nohash_2.wav,0.000397
C:\Users\miker\wake_word_project\data\negative\cat\bbbf4fbd_nohash_0.wav,0.000579
C:\Users\miker\wake_word_project\data\negative\two\3565ca83_nohash_1.wav,0.016505
C:\Users\miker\wake_word_project\data\negative\wow\b414c653_nohash_0.wav,0.000696
C:\Users\miker\wake_word_project\data\negative\tree\e0a7c5a0_nohash_1.wav,0.000560
C:\Users\miker\wake_word_project\data\negative\wow\a73be046_nohash_0.wav,0.000243
C:\Users\miker\wake_word_project\data\negative\follow\e11fbc6e_nohash_2.wav,0.000752
C:\Users\miker\wake_word_project\data\negative\eight\8134f43f_nohash_3.wav,0.006195
C:\Users\miker\wake_word_project\data\negative\backward\ff2b842e_nohash_0.wav,0.000689
C:\Users\miker\wake_word_project\data\negative\up\ab81c9c8_nohash_0.wav,0.000076
C:\Users\miker\wake_word_project\data\negative\five\1a5b9ca4_nohash_0.wav,0.000288
C:\Users\miker\wake_word_project\data\negative\up\6c968bd9_nohash_0.wav,0.001733
C:\Users\miker\wake_word_project\data\negative\backward\ebdd0f59_nohash_1.wav,0.001049
C:\Users\miker\wake_word_project\data\negative\five\f5341341_nohash_1.wav,0.001898
C:\Users\miker\wake_word_project\data\negative\right\70880cc6_nohash_0.wav,0.008845
C:\Users\miker\wake_word_project\data\negative\nine\56eab10e_nohash_0.wav,0.007309
C:\Users\miker\wake_word_project\data\negative\seven\5677ec77_nohash_0.wav,0.005357
C:\Users\miker\wake_word_project\data\negative\seven\256c0a05_nohash_3.wav,0.002549
C:\Users\miker\wake_word_project\data\negative\zero\30f6e665_nohash_0.wav,0.011160
C:\Users\miker\wake_word_project\data\negative\visual\3b3d2f59_nohash_2.wav,0.013933
C:\Users\miker\wake_word_project\data\negative\happy\c4e00ee9_nohash_0.wav,0.001341
C:\Users\miker\wake_word_project\data\negative\follow\235b444f_nohash_0.wav,0.001017
C:\Users\miker\wake_word_project\data\negative\no\2d82a556_nohash_0.wav,0.000625
C:\Users\miker\wake_word_project\data\negative\eight\bfb10243_nohash_0.wav,0.001028
C:\Users\miker\wake_word_project\data\negative\yes\1ed557b9_nohash_0.wav,0.000470
C:\Users\miker\wake_word_project\data\negative\zero\2275edbb_nohash_0.wav,0.000961
C:\Users\miker\wake_word_project\data\negative\house\5677ec77_nohash_0.wav,0.003130
C:\Users\miker\wake_word_project\data\negative\wow\30137d34_nohash_0.wav,0.000636
C:\Users\miker\wake_word_project\data\negative\eight\7257420c_nohash_0.wav,0.007438
C:\Users\miker\wake_word_project\data\negative\yes\d21fd169_nohash_1.wav,0.007550
C:\Users\miker\wake_word_project\data\negative\bird\195c120a_nohash_0.wav,0.006202
C:\Users\miker\wake_word_project\data\negative\marvin\e900b652_nohash_0.wav,0.002667
C:\Users\miker\wake_word_project\data\negative\zero\f9643d42_nohash_4.wav,0.001354
C:\Users\miker\wake_word_project\data\negative\on\257e17e0_nohash_0.wav,0.001404
C:\Users\miker\wake_word_project\data\negative\house\87d5e978_nohash_0.wav,0.001468
C:\Users\miker\wake_word_project\data\negative\seven\5ebc1cda_nohash_1.wav,0.000314
C:\Users\miker\wake_word_project\data\negative\dog\48a9f771_nohash_0.wav,0.003739
C:\Users\miker\wake_word_project\data\negative\Hey__Magis_wrong_ways_to_say\Recording (14).wav,0.882211
C:\Users\miker\wake_word_project\data\negative\up\cce7416f_nohash_8.wav,0.006513
C:\Users\miker\wake_word_project\data\negative\six\a04817c2_nohash_1.wav,0.004291
C:\Users\miker\wake_word_project\data\negative\three\57152045_nohash_3.wav,0.004354
C:\Users\miker\wake_word_project\data\negative\down\0f7205ef_nohash_1.wav,0.000771
C:\Users\miker\wake_word_project\data\negative\right\6c9a1ac2_nohash_0.wav,0.001513
C:\Users\miker\wake_word_project\data\negative\one\07089da9_nohash_1.wav,0.001934
C:\Users\miker\wake_word_project\data\negative\right\eee5e541_nohash_1.wav,0.003450
C:\Users\miker\wake_word_project\data\negative\nine\c8771f88_nohash_1.wav,0.016574
C:\Users\miker\wake_word_project\data\negative\cat\c1b7c224_nohash_0.wav,0.002902
C:\Users\miker\wake_word_project\data\negative\right\8eb4a1bf_nohash_3.wav,0.007135
C:\Users\miker\wake_word_project\data\negative\six\460209ac_nohash_3.wav,0.005220
C:\Users\miker\wake_word_project\data\negative\follow\22cb56b3_nohash_0.wav,0.000401
C:\Users\miker\wake_word_project\data\negative\no\0c5027de_nohash_0.wav,0.000470
C:\Users\miker\wake_word_project\data\negative\five\bf90a57a_nohash_2.wav,0.004622
C:\Users\miker\wake_word_project\data\negative\happy\826268f8_nohash_0.wav,0.005118
C:\Users\miker\wake_word_project\data\negative\down\ec21c46b_nohash_0.wav,0.000675
C:\Users\miker\wake_word_project\data\negative\six\879a2b38_nohash_3.wav,0.000492
C:\Users\miker\wake_word_project\data\negative\two\8012c69d_nohash_4.wav,0.000732
C:\Users\miker\wake_word_project\data\negative\visual\63f7a489_nohash_2.wav,0.009873
C:\Users\miker\wake_word_project\data\negative\eight\5b09db89_nohash_0.wav,0.002390
C:\Users\miker\wake_word_project\data\negative\go\5c39594f_nohash_1.wav,0.000256
C:\Users\miker\wake_word_project\data\negative\wow\a8f45bdc_nohash_0.wav,0.001044
C:\Users\miker\wake_word_project\data\negative\right\db72a474_nohash_0.wav,0.003646
C:\Users\miker\wake_word_project\data\negative\cat\0474c92a_nohash_0.wav,0.000537
C:\Users\miker\wake_word_project\data\negative\backward\f9643d42_nohash_0.wav,0.004837
C:\Users\miker\wake_word_project\data\negative\go\e882abb2_nohash_4.wav,0.001138
C:\Users\miker\wake_word_project\data\negative\cat\24ed94ab_nohash_0.wav,0.000348
C:\Users\miker\wake_word_project\data\negative\one\9b02d503_nohash_0.wav,0.000154
C:\Users\miker\wake_word_project\data\negative\nine\eb3f7d82_nohash_0.wav,0.000432
C:\Users\miker\wake_word_project\data\negative\no\902258bb_nohash_0.wav,0.003721
C:\Users\miker\wake_word_project\data\negative\five\8523766b_nohash_1.wav,0.003612
C:\Users\miker\wake_word_project\data\negative\forward\24cab2cb_nohash_1.wav,0.000199
C:\Users\miker\wake_word_project\data\negative\bird\77ac58c5_nohash_0.wav,0.001834
C:\Users\miker\wake_word_project\data\negative\sheila\9a4d12fd_nohash_1.wav,0.002043
C:\Users\miker\wake_word_project\data\negative\zero\d8521ea0_nohash_0.wav,0.006424
C:\Users\miker\wake_word_project\data\negative\up\de89e2ca_nohash_0.wav,0.000842
C:\Users\miker\wake_word_project\data\negative\tree\b2e2773a_nohash_2.wav,0.005242
C:\Users\miker\wake_word_project\data\negative\off\cae62f38_nohash_0.wav,0.000782
C:\Users\miker\wake_word_project\data\negative\go\39a12648_nohash_1.wav,0.001897
C:\Users\miker\wake_word_project\data\negative\marvin\18c54a68_nohash_0.wav,0.005305
C:\Users\miker\wake_word_project\data\negative\happy\14775481_nohash_0.wav,0.010619
C:\Users\miker\wake_word_project\data\negative\off\b308773d_nohash_0.wav,0.000413
C:\Users\miker\wake_word_project\data\negative\visual\31f01a8d_nohash_1.wav,0.000426
C:\Users\miker\wake_word_project\data\negative\left\fac7deca_nohash_0.wav,0.002622
C:\Users\miker\wake_word_project\data\negative\house\7e1054e7_nohash_1.wav,0.003213
C:\Users\miker\wake_word_project\data\negative\down\172dc2b0_nohash_1.wav,0.007390
C:\Users\miker\wake_word_project\data\negative\six\71904de3_nohash_0.wav,0.003152
C:\Users\miker\wake_word_project\data\negative\no\34d5aa5a_nohash_0.wav,0.002691
C:\Users\miker\wake_word_project\data\negative\eight\81332c92_nohash_3.wav,0.001524
C:\Users\miker\wake_word_project\data\negative\right\a56859ea_nohash_0.wav,0.000933
C:\Users\miker\wake_word_project\data\negative\two\7846fd85_nohash_1.wav,0.000797
C:\Users\miker\wake_word_project\data\negative\cat\97e0c576_nohash_0.wav,0.000400
C:\Users\miker\wake_word_project\data\negative\forward\2b5e346d_nohash_2.wav,0.066220
C:\Users\miker\wake_word_project\data\negative\go\2fee065a_nohash_3.wav,0.000314
C:\Users\miker\wake_word_project\data\negative\zero\e1469561_nohash_3.wav,0.010586
C:\Users\miker\wake_word_project\data\negative\seven\1a4259c3_nohash_2.wav,0.002784
C:\Users\miker\wake_word_project\data\negative\cat\24a3e589_nohash_0.wav,0.000076
C:\Users\miker\wake_word_project\data\negative\off\27b03931_nohash_1.wav,0.000215
C:\Users\miker\wake_word_project\data\negative\dog\9e2ce5e3_nohash_0.wav,0.000821
C:\Users\miker\wake_word_project\data\negative\one\5f01c798_nohash_0.wav,0.000069
C:\Users\miker\wake_word_project\data\negative\learn\3a69f765_nohash_1.wav,0.022210
C:\Users\miker\wake_word_project\data\negative\yes\e48a80ed_nohash_2.wav,0.001349
C:\Users\miker\wake_word_project\data\negative\left\adebe223_nohash_0.wav,0.000337
C:\Users\miker\wake_word_project\data\negative\marvin\6d7af359_nohash_0.wav,0.020389
C:\Users\miker\wake_word_project\data\negative\down\6021f08b_nohash_0.wav,0.001932
C:\Users\miker\wake_word_project\data\negative\sheila\9d050657_nohash_0.wav,0.002294
C:\Users\miker\wake_word_project\data\negative\one\15dd287d_nohash_2.wav,0.001260
C:\Users\miker\wake_word_project\data\negative\backward\a7216980_nohash_1.wav,0.005585
C:\Users\miker\wake_word_project\data\negative\no\179a61b7_nohash_1.wav,0.001153
C:\Users\miker\wake_word_project\data\negative\four\6736bc64_nohash_0.wav,0.001744
C:\Users\miker\wake_word_project\data\negative\left\0132a06d_nohash_2.wav,0.000959
C:\Users\miker\wake_word_project\data\negative\six\2aca1e72_nohash_7.wav,0.003411
C:\Users\miker\wake_word_project\data\negative\zero\3b8406c0_nohash_1.wav,0.010412
C:\Users\miker\wake_word_project\data\negative\left\6c0f6493_nohash_3.wav,0.039929
C:\Users\miker\wake_word_project\data\negative\wow\97e0c576_nohash_0.wav,0.002614
C:\Users\miker\wake_word_project\data\negative\three\2aca1e72_nohash_7.wav,0.000667
C:\Users\miker\wake_word_project\data\negative\go\d6b155a5_nohash_0.wav,0.000995
C:\Users\miker\wake_word_project\data\negative\one\51eefcc6_nohash_0.wav,0.000489
C:\Users\miker\wake_word_project\data\negative\no\10f2bb12_nohash_0.wav,0.000939
C:\Users\miker\wake_word_project\data\negative\stop\1e31353f_nohash_1.wav,0.000511
C:\Users\miker\wake_word_project\data\negative\right\54aecbd5_nohash_1.wav,0.000685
C:\Users\miker\wake_word_project\data\negative\yes\dc7ec25b_nohash_0.wav,0.007552
C:\Users\miker\wake_word_project\data\negative\yes\f736ab63_nohash_2.wav,0.001130
C:\Users\miker\wake_word_project\data\negative\four\37fc5d97_nohash_0.wav,0.001843
C:\Users\miker\wake_word_project\data\negative\wow\262d7a03_nohash_0.wav,0.017202
C:\Users\miker\wake_word_project\data\negative\sheila\329eab8a_nohash_2.wav,0.001195
C:\Users\miker\wake_word_project\data\negative\yes\77def3ee_nohash_1.wav,0.000697
C:\Users\miker\wake_word_project\data\negative\zero\a24582a0_nohash_0.wav,0.003853
C:\Users\miker\wake_word_project\data\negative\go\ee6163d5_nohash_0.wav,0.002506
C:\Users\miker\wake_word_project\data\negative\five\88e85150_nohash_1.wav,0.000218
C:\Users\miker\wake_word_project\data\negative\backward\87070229_nohash_0.wav,0.004589
C:\Users\miker\wake_word_project\data\negative\off\773e26f7_nohash_2.wav,0.000141
C:\Users\miker\wake_word_project\data\negative\bed\bed06fac_nohash_2.wav,0.003098
C:\Users\miker\wake_word_project\data\negative\seven\f01a0d63_nohash_0.wav,0.000782
C:\Users\miker\wake_word_project\data\negative\nine\53578f4e_nohash_0.wav,0.003959
C:\Users\miker\wake_word_project\data\negative\three\a902ce9b_nohash_0.wav,0.000852
C:\Users\miker\wake_word_project\data\negative\up\25c14394_nohash_0.wav,0.000107
C:\Users\miker\wake_word_project\data\negative\backward\c50f55b8_nohash_13.wav,0.138696
C:\Users\miker\wake_word_project\data\negative\marvin\e91d173e_nohash_0.wav,0.000466
C:\Users\miker\wake_word_project\data\negative\backward\1dc86f91_nohash_3.wav,0.008748
C:\Users\miker\wake_word_project\data\negative\yes\692a88e6_nohash_2.wav,0.021244
C:\Users\miker\wake_word_project\data\negative\no\54aecbd5_nohash_4.wav,0.000865
C:\Users\miker\wake_word_project\data\negative\wow\8012c69d_nohash_0.wav,0.000999
C:\Users\miker\wake_word_project\data\negative\down\f428ca69_nohash_0.wav,0.001392
C:\Users\miker\wake_word_project\data\negative\four\9229bff9_nohash_0.wav,0.000812
C:\Users\miker\wake_word_project\data\negative\seven\9307154f_nohash_0.wav,0.002236
C:\Users\miker\wake_word_project\data\negative\go\b59fe16d_nohash_0.wav,0.000882
C:\Users\miker\wake_word_project\data\negative\off\cce7416f_nohash_9.wav,0.004026
C:\Users\miker\wake_word_project\data\negative\right\4620dc14_nohash_1.wav,0.000529
C:\Users\miker\wake_word_project\data\negative\dog\095847e4_nohash_1.wav,0.001342
C:\Users\miker\wake_word_project\data\negative\five\4290ca61_nohash_0.wav,0.007883
C:\Users\miker\wake_word_project\data\negative\up\c9a5100f_nohash_0.wav,0.000578
C:\Users\miker\wake_word_project\data\negative\learn\0a2b400e_nohash_4.wav,0.012403
C:\Users\miker\wake_word_project\data\negative\down\9f93e408_nohash_0.wav,0.044428
C:\Users\miker\wake_word_project\data\negative\cat\012187a4_nohash_0.wav,0.000287
C:\Users\miker\wake_word_project\data\negative\go\763188c4_nohash_0.wav,0.004119
C:\Users\miker\wake_word_project\data\negative\seven\3a3ee7ed_nohash_0.wav,0.002890
C:\Users\miker\wake_word_project\data\negative\off\94de6a6a_nohash_2.wav,0.008192
C:\Users\miker\wake_word_project\data\negative\up\65f2531f_nohash_0.wav,0.000220
C:\Users\miker\wake_word_project\data\negative\no\322d17d3_nohash_2.wav,0.000395
C:\Users\miker\wake_word_project\data\negative\one\2356b88d_nohash_2.wav,0.002993
C:\Users\miker\wake_word_project\data\negative\yes\105a0eea_nohash_1.wav,0.002027
C:\Users\miker\wake_word_project\data\negative\down\51c5601d_nohash_3.wav,0.000289
C:\Users\miker\wake_word_project\data\negative\six\c137814b_nohash_0.wav,0.001252
C:\Users\miker\wake_word_project\data\negative\down\b308773d_nohash_0.wav,0.000615
C:\Users\miker\wake_word_project\data\negative\right\bfd26d6b_nohash_3.wav,0.003166
C:\Users\miker\wake_word_project\data\negative\eight\f84762e5_nohash_0.wav,0.007313
C:\Users\miker\wake_word_project\data\negative\three\b433332a_nohash_0.wav,0.000226
C:\Users\miker\wake_word_project\data\negative\no\eda072b5_nohash_0.wav,0.000297
C:\Users\miker\wake_word_project\data\negative\dog\f47d644e_nohash_1.wav,0.009374
C:\Users\miker\wake_word_project\data\negative\six\4f5c0b28_nohash_0.wav,0.001245
C:\Users\miker\wake_word_project\data\negative\on\578d3efb_nohash_4.wav,0.001651
C:\Users\miker\wake_word_project\data\negative\two\189cbabe_nohash_2.wav,0.000171
C:\Users\miker\wake_word_project\data\negative\eight\df6bd83f_nohash_1.wav,0.000760
C:\Users\miker\wake_word_project\data\negative\go\ab46af55_nohash_3.wav,0.000557
C:\Users\miker\wake_word_project\data\negative\left\016e2c6d_nohash_0.wav,0.000851
C:\Users\miker\wake_word_project\data\negative\happy\e41a903b_nohash_0.wav,0.001828
C:\Users\miker\wake_word_project\data\negative\left\ceef6d96_nohash_0.wav,0.001956
C:\Users\miker\wake_word_project\data\negative\zero\c518d1b1_nohash_0.wav,0.004482
C:\Users\miker\wake_word_project\data\negative\up\64e48f55_nohash_3.wav,0.000287
C:\Users\miker\wake_word_project\data\negative\wow\56f78b7e_nohash_0.wav,0.003312
C:\Users\miker\wake_word_project\data\negative\marvin\5f9cd2eb_nohash_0.wav,0.001064
C:\Users\miker\wake_word_project\data\negative\left\ec989d6d_nohash_0.wav,0.003611
C:\Users\miker\wake_word_project\data\negative\on\f17d21b5_nohash_0.wav,0.016923
C:\Users\miker\wake_word_project\data\negative\house\87070229_nohash_0.wav,0.008428
C:\Users\miker\wake_word_project\data\negative\go\8c7b691a_nohash_0.wav,0.000237
C:\Users\miker\wake_word_project\data\negative\dog\f2dd248e_nohash_0.wav,0.000295
C:\Users\miker\wake_word_project\data\negative\four\7c1d8533_nohash_1.wav,0.000102
C:\Users\miker\wake_word_project\data\negative\five\10ace7eb_nohash_2.wav,0.002784
C:\Users\miker\wake_word_project\data\negative\zero\19b05529_nohash_0.wav,0.003820
C:\Users\miker\wake_word_project\data\negative\yes\c9a5100f_nohash_0.wav,0.000990
C:\Users\miker\wake_word_project\data\negative\six\e41a903b_nohash_0.wav,0.002961
C:\Users\miker\wake_word_project\data\negative\eight\2197f41c_nohash_0.wav,0.042329
C:\Users\miker\wake_word_project\data\negative\five\b29f8b23_nohash_3.wav,0.000378
C:\Users\miker\wake_word_project\data\negative\eight\01b4757a_nohash_0.wav,0.000244
C:\Users\miker\wake_word_project\data\negative\five\f8ba7c0e_nohash_2.wav,0.001148
C:\Users\miker\wake_word_project\data\negative\on\d3831f6a_nohash_1.wav,0.000156
C:\Users\miker\wake_word_project\data\negative\one\652b3da7_nohash_1.wav,0.001872
C:\Users\miker\wake_word_project\data\negative\left\c948d727_nohash_2.wav,0.008043
C:\Users\miker\wake_word_project\data\negative\off\58df33b5_nohash_1.wav,0.002913
C:\Users\miker\wake_word_project\data\negative\eight\8a325749_nohash_1.wav,0.000557
C:\Users\miker\wake_word_project\data\negative\seven\c1d39ce8_nohash_7.wav,0.006023
C:\Users\miker\wake_word_project\data\negative\nine\bab36420_nohash_1.wav,0.006769
C:\Users\miker\wake_word_project\data\negative\yes\ca58a8c6_nohash_1.wav,0.000159
C:\Users\miker\wake_word_project\data\negative\four\a97c6445_nohash_0.wav,0.002887
C:\Users\miker\wake_word_project\data\negative\left\9886d8bf_nohash_1.wav,0.005093
C:\Users\miker\wake_word_project\data\negative\one\4c6167ca_nohash_6.wav,0.000704
C:\Users\miker\wake_word_project\data\negative\house\1b835b87_nohash_1.wav,0.000372
C:\Users\miker\wake_word_project\data\negative\eight\845f8553_nohash_4.wav,0.003356
C:\Users\miker\wake_word_project\data\negative\down\86f12ac0_nohash_0.wav,0.009482
C:\Users\miker\wake_word_project\data\negative\five\c1e0e8e3_nohash_4.wav,0.001283
C:\Users\miker\wake_word_project\data\negative\zero\fc3ba625_nohash_2.wav,0.004002
C:\Users\miker\wake_word_project\data\negative\two\e3e49931_nohash_0.wav,0.000678
C:\Users\miker\wake_word_project\data\negative\left\6fb3d5a7_nohash_2.wav,0.000215
C:\Users\miker\wake_word_project\data\negative\up\8b367d88_nohash_0.wav,0.000318
C:\Users\miker\wake_word_project\data\negative\up\4290ca61_nohash_0.wav,0.000266
C:\Users\miker\wake_word_project\data\negative\stop\83f9c4ab_nohash_0.wav,0.007656
C:\Users\miker\wake_word_project\data\negative\bird\c86d4fd4_nohash_0.wav,0.000506
C:\Users\miker\wake_word_project\data\negative\marvin\778a4a01_nohash_1.wav,0.001409
C:\Users\miker\wake_word_project\data\negative\five\73f0c1f7_nohash_1.wav,0.006912
C:\Users\miker\wake_word_project\data\negative\down\8dc18a75_nohash_2.wav,0.004010
C:\Users\miker\wake_word_project\data\negative\up\c5a1e46c_nohash_0.wav,0.002304
C:\Users\miker\wake_word_project\data\negative\happy\1365dd89_nohash_1.wav,0.003210
C:\Users\miker\wake_word_project\data\negative\nine\a7200079_nohash_5.wav,0.000651
C:\Users\miker\wake_word_project\data\negative\no\fbb56351_nohash_1.wav,0.000345
C:\Users\miker\wake_word_project\data\negative\seven\0447d7c1_nohash_0.wav,0.000898
C:\Users\miker\wake_word_project\data\negative\cat\59fe87e6_nohash_0.wav,0.000089
C:\Users\miker\wake_word_project\data\negative\two\9aa21fa9_nohash_3.wav,0.000310
C:\Users\miker\wake_word_project\data\negative\left\3e31dffe_nohash_0.wav,0.002254
C:\Users\miker\wake_word_project\data\negative\happy\d3c2470e_nohash_0.wav,0.000715
C:\Users\miker\wake_word_project\data\negative\follow\bb05582b_nohash_0.wav,0.004767
C:\Users\miker\wake_word_project\data\negative\bird\34805883_nohash_0.wav,0.000462
C:\Users\miker\wake_word_project\data\negative\off\43691f67_nohash_0.wav,0.000296
C:\Users\miker\wake_word_project\data\negative\on\ec989d6d_nohash_0.wav,0.000188
C:\Users\miker\wake_word_project\data\negative\sheila\cb62dbf1_nohash_0.wav,0.005498
C:\Users\miker\wake_word_project\data\negative\yes\113b3fbc_nohash_3.wav,0.002238
C:\Users\miker\wake_word_project\data\negative\sheila\6b81fead_nohash_1.wav,0.007772
C:\Users\miker\wake_word_project\data\negative\happy\2cf28b70_nohash_0.wav,0.001852
C:\Users\miker\wake_word_project\data\negative\down\ab71c9a7_nohash_1.wav,0.004353
C:\Users\miker\wake_word_project\data\negative\one\3d86b69a_nohash_4.wav,0.001004
C:\Users\miker\wake_word_project\data\negative\down\e39a8ddc_nohash_0.wav,0.000234
C:\Users\miker\wake_word_project\data\negative\zero\ddedba85_nohash_7.wav,0.000161
C:\Users\miker\wake_word_project\data\negative\zero\90e72357_nohash_3.wav,0.003018
C:\Users\miker\wake_word_project\data\negative\five\2dce72b3_nohash_0.wav,0.000268
C:\Users\miker\wake_word_project\data\negative\eight\924c1a04_nohash_1.wav,0.001035
C:\Users\miker\wake_word_project\data\negative\backward\f2f0d244_nohash_1.wav,0.002758
C:\Users\miker\wake_word_project\data\negative\dog\24c9f572_nohash_1.wav,0.000432
C:\Users\miker\wake_word_project\data\negative\zero\211b928a_nohash_1.wav,0.000104
C:\Users\miker\wake_word_project\data\negative\go\27c24504_nohash_0.wav,0.000739
C:\Users\miker\wake_word_project\data\negative\eight\dfb6450b_nohash_0.wav,0.002204
C:\Users\miker\wake_word_project\data\negative\four\5170b77f_nohash_1.wav,0.002506
C:\Users\miker\wake_word_project\data\negative\no\30276d03_nohash_3.wav,0.012130
C:\Users\miker\wake_word_project\data\negative\two\e5dadd24_nohash_1.wav,0.000103
C:\Users\miker\wake_word_project\data\negative\three\7213ed54_nohash_0.wav,0.000219
C:\Users\miker\wake_word_project\data\negative\three\f1d8a638_nohash_0.wav,0.004284
C:\Users\miker\wake_word_project\data\negative\down\493392c6_nohash_2.wav,0.001226
C:\Users\miker\wake_word_project\data\negative\six\cc8b3228_nohash_0.wav,0.005291
C:\Users\miker\wake_word_project\data\negative\six\ef3367d9_nohash_2.wav,0.021764
C:\Users\miker\wake_word_project\data\negative\happy\beb458a4_nohash_0.wav,0.015743
C:\Users\miker\wake_word_project\data\negative\dog\f5e44d34_nohash_1.wav,0.000989
C:\Users\miker\wake_word_project\data\negative\bed\9b5815cd_nohash_0.wav,0.001225
C:\Users\miker\wake_word_project\data\negative\dog\54412eae_nohash_2.wav,0.002350
C:\Users\miker\wake_word_project\data\negative\four\4cb874bb_nohash_0.wav,0.001273
C:\Users\miker\wake_word_project\data\negative\three\fb8c31a9_nohash_1.wav,0.002938
C:\Users\miker\wake_word_project\data\negative\on\a42a88ff_nohash_0.wav,0.002733
C:\Users\miker\wake_word_project\data\negative\eight\cd671b5f_nohash_3.wav,0.000366
C:\Users\miker\wake_word_project\data\negative\down\95ba4996_nohash_2.wav,0.000570
C:\Users\miker\wake_word_project\data\negative\marvin\b4bef564_nohash_1.wav,0.000782
C:\Users\miker\wake_word_project\data\negative\bird\ee4a907f_nohash_1.wav,0.003376
C:\Users\miker\wake_word_project\data\negative\one\377e916b_nohash_0.wav,0.000321
C:\Users\miker\wake_word_project\data\negative\cat\745a8e32_nohash_0.wav,0.000237
C:\Users\miker\wake_word_project\data\negative\follow\352ffbe3_nohash_2.wav,0.014908
C:\Users\miker\wake_word_project\data\negative\six\879a2b38_nohash_0.wav,0.006136
C:\Users\miker\wake_word_project\data\negative\on\460209ac_nohash_3.wav,0.003073
C:\Users\miker\wake_word_project\data\negative\visual\8e69dc2f_nohash_0.wav,0.000191
C:\Users\miker\wake_word_project\data\negative\no\f2e59fea_nohash_0.wav,0.001649
C:\Users\miker\wake_word_project\data\negative\right\6c968bd9_nohash_1.wav,0.002106
C:\Users\miker\wake_word_project\data\negative\bird\1a4259c3_nohash_0.wav,0.000113
C:\Users\miker\wake_word_project\data\negative\no\8e05039f_nohash_0.wav,0.012548
C:\Users\miker\wake_word_project\data\negative\two\ca4912b6_nohash_2.wav,0.000019
C:\Users\miker\wake_word_project\data\negative\on\0f7266cf_nohash_1.wav,0.000552
C:\Users\miker\wake_word_project\data\negative\follow\a7acbbeb_nohash_1.wav,0.001282
C:\Users\miker\wake_word_project\data\negative\nine\97f4c236_nohash_2.wav,0.005191
C:\Users\miker\wake_word_project\data\negative\four\e5dadd24_nohash_0.wav,0.000105
C:\Users\miker\wake_word_project\data\negative\forward\d962e5ac_nohash_2.wav,0.003133
C:\Users\miker\wake_word_project\data\negative\house\b4ea0d9a_nohash_1.wav,0.001045
C:\Users\miker\wake_word_project\data\negative\learn\0b7ee1a0_nohash_1.wav,0.001637
C:\Users\miker\wake_word_project\data\negative\on\b8872c20_nohash_1.wav,0.000301
C:\Users\miker\wake_word_project\data\negative\five\77def3ee_nohash_2.wav,0.002947
C:\Users\miker\wake_word_project\data\negative\bird\6add0595_nohash_0.wav,0.000321
C:\Users\miker\wake_word_project\data\negative\three\0e17f595_nohash_0.wav,0.004413
C:\Users\miker\wake_word_project\data\negative\stop\f822b9bf_nohash_4.wav,0.002358
C:\Users\miker\wake_word_project\data\negative\go\f30285c8_nohash_2.wav,0.000711
C:\Users\miker\wake_word_project\data\negative\tree\1589451d_nohash_0.wav,0.031445
C:\Users\miker\wake_word_project\data\negative\right\888a0c49_nohash_0.wav,0.001252
C:\Users\miker\wake_word_project\data\negative\off\8910e5ef_nohash_2.wav,0.001724
C:\Users\miker\wake_word_project\data\negative\sheila\74241b28_nohash_0.wav,0.001224
C:\Users\miker\wake_word_project\data\negative\one\d3831f6a_nohash_0.wav,0.001206
C:\Users\miker\wake_word_project\data\negative\dog\1a4259c3_nohash_0.wav,0.001035
C:\Users\miker\wake_word_project\data\negative\down\6aa8def4_nohash_2.wav,0.000420
C:\Users\miker\wake_word_project\data\negative\learn\08ab231c_nohash_3.wav,0.003742
C:\Users\miker\wake_word_project\data\negative\no\90b0b91a_nohash_2.wav,0.003630
C:\Users\miker\wake_word_project\data\negative\off\c9b653a0_nohash_4.wav,0.004066
C:\Users\miker\wake_word_project\data\negative\three\dff327c5_nohash_0.wav,0.004888
C:\Users\miker\wake_word_project\data\negative\zero\ac9dee0e_nohash_2.wav,0.001533
C:\Users\miker\wake_word_project\data\negative\seven\6c968bd9_nohash_3.wav,0.009033
C:\Users\miker\wake_word_project\data\negative\happy\211b928a_nohash_0.wav,0.008407
C:\Users\miker\wake_word_project\data\negative\three\7799c9cd_nohash_0.wav,0.000912
C:\Users\miker\wake_word_project\data\negative\zero\cdee383b_nohash_3.wav,0.004799
C:\Users\miker\wake_word_project\data\negative\sheila\019fa366_nohash_0.wav,0.013278
C:\Users\miker\wake_word_project\data\negative\zero\9a356ab9_nohash_3.wav,0.023708
C:\Users\miker\wake_word_project\data\negative\bed\73f0c1f7_nohash_0.wav,0.005870
C:\Users\miker\wake_word_project\data\negative\no\8a8756a4_nohash_0.wav,0.005551
C:\Users\miker\wake_word_project\data\negative\zero\2748cce7_nohash_5.wav,0.004738
C:\Users\miker\wake_word_project\data\negative\nine\c0f8f4df_nohash_2.wav,0.003088
C:\Users\miker\wake_word_project\data\negative\one\da584bc0_nohash_3.wav,0.000474
C:\Users\miker\wake_word_project\data\negative\sheila\10f2bb12_nohash_2.wav,0.001756
C:\Users\miker\wake_word_project\data\negative\zero\23da904f_nohash_3.wav,0.000926
C:\Users\miker\wake_word_project\data\negative\right\05b2db80_nohash_0.wav,0.001687
C:\Users\miker\wake_word_project\data\negative\nine\3c6d55b3_nohash_0.wav,0.009800
C:\Users\miker\wake_word_project\data\negative\six\3ab9ba07_nohash_1.wav,0.004807
C:\Users\miker\wake_word_project\data\negative\right\a8cb6dda_nohash_2.wav,0.000220
C:\Users\miker\wake_word_project\data\negative\marvin\15f04ff8_nohash_0.wav,0.423988
C:\Users\miker\wake_word_project\data\negative\no\bd11a2e7_nohash_1.wav,0.001376
C:\Users\miker\wake_word_project\data\negative\house\71f6fed7_nohash_2.wav,0.000527
C:\Users\miker\wake_word_project\data\negative\forward\3291330e_nohash_1.wav,0.000872
C:\Users\miker\wake_word_project\data\negative\bed\df1d5024_nohash_0.wav,0.003529
C:\Users\miker\wake_word_project\data\negative\left\f2f0d244_nohash_3.wav,0.002606
C:\Users\miker\wake_word_project\data\negative\stop\4c3cddb8_nohash_3.wav,0.018461
C:\Users\miker\wake_word_project\data\negative\go\0d2bcf9d_nohash_0.wav,0.000326
C:\Users\miker\wake_word_project\data\negative\bird\1887fe04_nohash_0.wav,0.000303
C:\Users\miker\wake_word_project\data\negative\zero\0f46028a_nohash_3.wav,0.000554
C:\Users\miker\wake_word_project\data\negative\learn\1e9e6bdd_nohash_1.wav,0.001026
C:\Users\miker\wake_word_project\data\negative\cat\f3d06008_nohash_0.wav,0.000154
C:\Users\miker\wake_word_project\data\negative\one\9a7c1f83_nohash_0.wav,0.002149
C:\Users\miker\wake_word_project\data\negative\seven\8ec6dab6_nohash_0.wav,0.010023
C:\Users\miker\wake_word_project\data\negative\nine\b4ea0d9a_nohash_1.wav,0.001220
C:\Users\miker\wake_word_project\data\negative\yes\b25b6065_nohash_0.wav,0.001865
C:\Users\miker\wake_word_project\data\negative\six\db24628d_nohash_0.wav,0.080773
C:\Users\miker\wake_word_project\data\negative\go\845f8553_nohash_3.wav,0.001154
C:\Users\miker\wake_word_project\data\negative\five\ce7a8e92_nohash_1.wav,0.000244
C:\Users\miker\wake_word_project\data\negative\down\d278d8ef_nohash_4.wav,0.001087
C:\Users\miker\wake_word_project\data\negative\happy\0b77ee66_nohash_1.wav,0.011441
C:\Users\miker\wake_word_project\data\negative\tree\caf1803e_nohash_1.wav,0.004704
C:\Users\miker\wake_word_project\data\negative\go\cb5d2c6e_nohash_0.wav,0.005246
C:\Users\miker\wake_word_project\data\negative\house\32efce64_nohash_2.wav,0.002066
C:\Users\miker\wake_word_project\data\negative\seven\b2e2773a_nohash_0.wav,0.003781
C:\Users\miker\wake_word_project\data\negative\zero\779de043_nohash_4.wav,0.008230
C:\Users\miker\wake_word_project\data\negative\wow\6ef76186_nohash_0.wav,0.007169
C:\Users\miker\wake_word_project\data\negative\cat\cb2929ce_nohash_0.wav,0.000553
C:\Users\miker\wake_word_project\data\negative\yes\999823db_nohash_0.wav,0.025460
C:\Users\miker\wake_word_project\data\negative\go\102192fd_nohash_0.wav,0.000984
C:\Users\miker\wake_word_project\data\negative\six\9886d8bf_nohash_0.wav,0.008969
C:\Users\miker\wake_word_project\data\negative\zero\ad63d93c_nohash_4.wav,0.001875
C:\Users\miker\wake_word_project\data\negative\no\bd8412df_nohash_0.wav,0.004519
C:\Users\miker\wake_word_project\data\negative\nine\9ff1b8b6_nohash_1.wav,0.000812
C:\Users\miker\wake_word_project\data\negative\follow\b69fe0e2_nohash_3.wav,0.002134
C:\Users\miker\wake_word_project\data\negative\follow\ed07d5b7_nohash_0.wav,0.002759
C:\Users\miker\wake_word_project\data\negative\go\a902ce9b_nohash_0.wav,0.000385
C:\Users\miker\wake_word_project\data\negative\stop\25132942_nohash_0.wav,0.000886
C:\Users\miker\wake_word_project\data\negative\left\ec21c46b_nohash_0.wav,0.001468
C:\Users\miker\wake_word_project\data\negative\zero\f2a90886_nohash_0.wav,0.001501
C:\Users\miker\wake_word_project\data\negative\wow\80c17118_nohash_0.wav,0.005608
C:\Users\miker\wake_word_project\data\negative\up\499be02e_nohash_4.wav,0.000537
C:\Users\miker\wake_word_project\data\negative\nine\be7a5b2d_nohash_1.wav,0.005765
C:\Users\miker\wake_word_project\data\negative\stop\1cec8d71_nohash_1.wav,0.000414
C:\Users\miker\wake_word_project\data\negative\bird\016e2c6d_nohash_0.wav,0.000468
C:\Users\miker\wake_word_project\data\negative\up\821b64cc_nohash_0.wav,0.000127
C:\Users\miker\wake_word_project\data\negative\up\63f7a489_nohash_0.wav,0.001513
C:\Users\miker\wake_word_project\data\negative\nine\833d9f56_nohash_0.wav,0.002327
C:\Users\miker\wake_word_project\data\negative\six\4d4e17f5_nohash_0.wav,0.000550
C:\Users\miker\wake_word_project\data\negative\six\299c14b1_nohash_0.wav,0.002915
C:\Users\miker\wake_word_project\data\negative\five\3e549219_nohash_1.wav,0.000600
C:\Users\miker\wake_word_project\data\negative\six\25132942_nohash_2.wav,0.006817
C:\Users\miker\wake_word_project\data\negative\right\48bfde8e_nohash_0.wav,0.000553
C:\Users\miker\wake_word_project\data\negative\seven\f5341341_nohash_1.wav,0.001100
C:\Users\miker\wake_word_project\data\negative\left\9f7079fe_nohash_0.wav,0.000712
C:\Users\miker\wake_word_project\data\negative\follow\de89e2ca_nohash_0.wav,0.000617
C:\Users\miker\wake_word_project\data\negative\right\37fc5d97_nohash_0.wav,0.007991
C:\Users\miker\wake_word_project\data\negative\bird\a5d485dc_nohash_1.wav,0.000590
C:\Users\miker\wake_word_project\data\negative\down\8536c82d_nohash_0.wav,0.000096
C:\Users\miker\wake_word_project\data\negative\go\8335f893_nohash_0.wav,0.000264
C:\Users\miker\wake_word_project\data\negative\stop\72e382bd_nohash_1.wav,0.001270
C:\Users\miker\wake_word_project\data\negative\go\0b7ee1a0_nohash_0.wav,0.001907
C:\Users\miker\wake_word_project\data\negative\bed\7e1054e7_nohash_0.wav,0.000032
C:\Users\miker\wake_word_project\data\negative\seven\723efc4c_nohash_0.wav,0.001157
C:\Users\miker\wake_word_project\data\negative\one\cc4f9250_nohash_3.wav,0.001088
C:\Users\miker\wake_word_project\data\negative\backward\0ea9c8ce_nohash_0.wav,0.000619
C:\Users\miker\wake_word_project\data\negative\marvin\b6e6aa2e_nohash_0.wav,0.000605
C:\Users\miker\wake_word_project\data\negative\stop\e1936ce8_nohash_0.wav,0.011231
C:\Users\miker\wake_word_project\data\negative\four\6d0ad764_nohash_1.wav,0.005811
C:\Users\miker\wake_word_project\data\negative\zero\f4c77b26_nohash_0.wav,0.000313
C:\Users\miker\wake_word_project\data\negative\eight\ddedba85_nohash_6.wav,0.000223
C:\Users\miker\wake_word_project\data\negative\nine\235b444f_nohash_1.wav,0.000544
C:\Users\miker\wake_word_project\data\negative\up\f7b43563_nohash_0.wav,0.000255
C:\Users\miker\wake_word_project\data\negative\forward\050170cb_nohash_3.wav,0.000043
C:\Users\miker\wake_word_project\data\negative\zero\d070ea86_nohash_2.wav,0.005718
C:\Users\miker\wake_word_project\data\negative\marvin\325a0c39_nohash_0.wav,0.014965
C:\Users\miker\wake_word_project\data\negative\dog\03c96658_nohash_2.wav,0.008293
C:\Users\miker\wake_word_project\data\negative\bed\9e075bf1_nohash_0.wav,0.001931
C:\Users\miker\wake_word_project\data\negative\five\6f2c6f7e_nohash_0.wav,0.003505
C:\Users\miker\wake_word_project\data\negative\six\f2e59fea_nohash_2.wav,0.002162
C:\Users\miker\wake_word_project\data\negative\up\8b25410a_nohash_2.wav,0.001317
C:\Users\miker\wake_word_project\data\negative\five\3bfd30e6_nohash_0.wav,0.002859
C:\Users\miker\wake_word_project\data\negative\yes\eb3f7d82_nohash_0.wav,0.001483
C:\Users\miker\wake_word_project\data\negative\eight\321aba74_nohash_3.wav,0.005725
C:\Users\miker\wake_word_project\data\negative\seven\71d0ded4_nohash_3.wav,0.005999
C:\Users\miker\wake_word_project\data\negative\nine\f2898d06_nohash_0.wav,0.000399
C:\Users\miker\wake_word_project\data\negative\dog\d312f481_nohash_0.wav,0.000579
C:\Users\miker\wake_word_project\data\negative\no\3b4f8f24_nohash_2.wav,0.000665
C:\Users\miker\wake_word_project\data\negative\up\89947bd7_nohash_3.wav,0.000533
C:\Users\miker\wake_word_project\data\negative\no\f736ab63_nohash_2.wav,0.000358
C:\Users\miker\wake_word_project\data\negative\six\ee4a907f_nohash_0.wav,0.000100
C:\Users\miker\wake_word_project\data\negative\down\dabd70c2_nohash_0.wav,0.000463
C:\Users\miker\wake_word_project\data\negative\nine\012c8314_nohash_1.wav,0.007568
C:\Users\miker\wake_word_project\data\negative\marvin\2275edbb_nohash_0.wav,0.001257
C:\Users\miker\wake_word_project\data\negative\five\146d97db_nohash_1.wav,0.001044
C:\Users\miker\wake_word_project\data\negative\wow\25040e85_nohash_1.wav,0.000903
C:\Users\miker\wake_word_project\data\negative\on\66276b0e_nohash_1.wav,0.000163
C:\Users\miker\wake_word_project\data\negative\zero\7f74626f_nohash_4.wav,0.002829
C:\Users\miker\wake_word_project\data\negative\three\c1eebc0b_nohash_1.wav,0.001119
C:\Users\miker\wake_word_project\data\negative\right\1d1fe0a0_nohash_0.wav,0.004861
C:\Users\miker\wake_word_project\data\negative\tree\364f979f_nohash_0.wav,0.000836
C:\Users\miker\wake_word_project\data\negative\left\e53139ad_nohash_1.wav,0.001344
C:\Users\miker\wake_word_project\data\negative\follow\c2dccf38_nohash_0.wav,0.000470
C:\Users\miker\wake_word_project\data\negative\up\a4ca3afe_nohash_0.wav,0.000278
C:\Users\miker\wake_word_project\data\negative\six\1b755c65_nohash_0.wav,0.003044
C:\Users\miker\wake_word_project\data\negative\up\26a093e1_nohash_1.wav,0.000481
C:\Users\miker\wake_word_project\data\negative\stop\de3fe344_nohash_3.wav,0.003518
C:\Users\miker\wake_word_project\data\negative\zero\530306f5_nohash_0.wav,0.000337
C:\Users\miker\wake_word_project\data\negative\nine\af790082_nohash_1.wav,0.002344
C:\Users\miker\wake_word_project\data\negative\go\30065f33_nohash_1.wav,0.001161
C:\Users\miker\wake_word_project\data\negative\two\31267b59_nohash_1.wav,0.001352
C:\Users\miker\wake_word_project\data\negative\stop\0585b66d_nohash_2.wav,0.004514
C:\Users\miker\wake_word_project\data\negative\follow\dae01802_nohash_0.wav,0.000184
C:\Users\miker\wake_word_project\data\negative\no\66a412a7_nohash_0.wav,0.002033
C:\Users\miker\wake_word_project\data\negative\left\890cc926_nohash_2.wav,0.011448
C:\Users\miker\wake_word_project\data\negative\wow\403a4d3e_nohash_0.wav,0.007977
C:\Users\miker\wake_word_project\data\negative\two\f798ac78_nohash_1.wav,0.002422
C:\Users\miker\wake_word_project\data\negative\left\1c84a139_nohash_2.wav,0.001552
C:\Users\miker\wake_word_project\data\negative\forward\0ba018fc_nohash_1.wav,0.005709
C:\Users\miker\wake_word_project\data\negative\visual\ef3367d9_nohash_1.wav,0.015959
C:\Users\miker\wake_word_project\data\negative\backward\23da904f_nohash_3.wav,0.004205
C:\Users\miker\wake_word_project\data\negative\up\7213ed54_nohash_3.wav,0.000664
C:\Users\miker\wake_word_project\data\negative\six\7fa5fa1f_nohash_3.wav,0.000368
C:\Users\miker\wake_word_project\data\negative\no\d21fd169_nohash_4.wav,0.001708
C:\Users\miker\wake_word_project\data\negative\yes\cce7416f_nohash_8.wav,0.002399
C:\Users\miker\wake_word_project\data\negative\six\4c6944d6_nohash_0.wav,0.092420
C:\Users\miker\wake_word_project\data\negative\forward\64df20d8_nohash_3.wav,0.001596
C:\Users\miker\wake_word_project\data\negative\stop\7cf14c54_nohash_2.wav,0.041803
C:\Users\miker\wake_word_project\data\negative\left\ee6163d5_nohash_0.wav,0.000136
C:\Users\miker\wake_word_project\data\negative\stop\c9b5ff26_nohash_0.wav,0.002302
C:\Users\miker\wake_word_project\data\negative\go\1c1060b1_nohash_0.wav,0.000736
C:\Users\miker\wake_word_project\data\negative\three\c50f55b8_nohash_6.wav,0.000655
C:\Users\miker\wake_word_project\data\negative\six\3a53b856_nohash_0.wav,0.000230
C:\Users\miker\wake_word_project\data\negative\down\f568162b_nohash_0.wav,0.001546
C:\Users\miker\wake_word_project\data\negative\right\6ceeb9aa_nohash_2.wav,0.001362
C:\Users\miker\wake_word_project\data\negative\five\333d7ddb_nohash_1.wav,0.000061
C:\Users\miker\wake_word_project\data\negative\marvin\ae5578f4_nohash_0.wav,0.001893
C:\Users\miker\wake_word_project\data\negative\wow\f35eedd7_nohash_0.wav,0.001831
C:\Users\miker\wake_word_project\data\negative\down\1657c9fa_nohash_0.wav,0.000441
C:\Users\miker\wake_word_project\data\negative\go\b4ea0d9a_nohash_0.wav,0.000777
C:\Users\miker\wake_word_project\data\negative\nine\5769c5ab_nohash_2.wav,0.006954
C:\Users\miker\wake_word_project\data\negative\left\f816db77_nohash_0.wav,0.001164
C:\Users\miker\wake_word_project\data\negative\follow\332d33b1_nohash_0.wav,0.004524
C:\Users\miker\wake_word_project\data\negative\three\ab353673_nohash_1.wav,0.002798
C:\Users\miker\wake_word_project\data\negative\down\73124b26_nohash_0.wav,0.000269
C:\Users\miker\wake_word_project\data\negative\up\b5552931_nohash_1.wav,0.002204
C:\Users\miker\wake_word_project\data\negative\two\5af0ca83_nohash_0.wav,0.002053
C:\Users\miker\wake_word_project\data\negative\three\c120e80e_nohash_1.wav,0.000270
C:\Users\miker\wake_word_project\data\negative\visual\f45fcf9a_nohash_0.wav,0.004726
C:\Users\miker\wake_word_project\data\negative\marvin\f45fcf9a_nohash_0.wav,0.000383
C:\Users\miker\wake_word_project\data\negative\on\bdd22e4d_nohash_0.wav,0.002975
C:\Users\miker\wake_word_project\data\negative\backward\ec989d6d_nohash_4.wav,0.003972
C:\Users\miker\wake_word_project\data\negative\house\1dce06e8_nohash_0.wav,0.000571
C:\Users\miker\wake_word_project\data\negative\four\bab36420_nohash_2.wav,0.011172
C:\Users\miker\wake_word_project\data\negative\happy\2796ac50_nohash_0.wav,0.003543
C:\Users\miker\wake_word_project\data\negative\up\235b444f_nohash_3.wav,0.003504
C:\Users\miker\wake_word_project\data\negative\dog\88f8a99c_nohash_0.wav,0.001381
C:\Users\miker\wake_word_project\data\negative\nine\7622d95b_nohash_0.wav,0.000160
C:\Users\miker\wake_word_project\data\negative\happy\9c06a3f3_nohash_0.wav,0.000887
C:\Users\miker\wake_word_project\data\negative\zero\53d5b86f_nohash_0.wav,0.000621
C:\Users\miker\wake_word_project\data\negative\eight\190821dc_nohash_2.wav,0.005568
C:\Users\miker\wake_word_project\data\negative\visual\332d33b1_nohash_1.wav,0.021602
C:\Users\miker\wake_word_project\data\negative\backward\1a994c9f_nohash_2.wav,0.000904
C:\Users\miker\wake_word_project\data\negative\cat\479e64cc_nohash_0.wav,0.001878
C:\Users\miker\wake_word_project\data\negative\no\aa80f517_nohash_2.wav,0.000700
C:\Users\miker\wake_word_project\data\negative\on\72aa7259_nohash_0.wav,0.000851
C:\Users\miker\wake_word_project\data\negative\wow\2927c601_nohash_0.wav,0.005271
C:\Users\miker\wake_word_project\data\negative\off\cc8b3228_nohash_2.wav,0.003718
C:\Users\miker\wake_word_project\data\negative\off\9d8ac38b_nohash_0.wav,0.001514
C:\Users\miker\wake_word_project\data\negative\right\51c5601d_nohash_2.wav,0.003981
C:\Users\miker\wake_word_project\data\negative\no\68effe85_nohash_0.wav,0.001642
C:\Users\miker\wake_word_project\data\negative\nine\7f9eb952_nohash_2.wav,0.000942
C:\Users\miker\wake_word_project\data\negative\sheila\28497c5b_nohash_1.wav,0.008110
C:\Users\miker\wake_word_project\data\negative\no\4c6944d6_nohash_1.wav,0.000754
C:\Users\miker\wake_word_project\data\negative\down\ddedba85_nohash_8.wav,0.000333
C:\Users\miker\wake_word_project\data\negative\one\d98dd124_nohash_4.wav,0.000316
C:\Users\miker\wake_word_project\data\negative\zero\620ff0fa_nohash_0.wav,0.001266
C:\Users\miker\wake_word_project\data\negative\six\ace072ba_nohash_1.wav,0.001718
C:\Users\miker\wake_word_project\data\negative\tree\5677ec77_nohash_0.wav,0.002868
C:\Users\miker\wake_word_project\data\negative\yes\645ed69d_nohash_1.wav,0.001462
C:\Users\miker\wake_word_project\data\negative\two\edd8bfe3_nohash_0.wav,0.000683
C:\Users\miker\wake_word_project\data\negative\go\409c962a_nohash_0.wav,0.000791
C:\Users\miker\wake_word_project\data\negative\on\e49428d9_nohash_2.wav,0.000619
C:\Users\miker\wake_word_project\data\negative\dog\e5afa9b0_nohash_0.wav,0.001256
C:\Users\miker\wake_word_project\data\negative\zero\b97c9f77_nohash_4.wav,0.001958
C:\Users\miker\wake_word_project\data\negative\bird\5a9f7324_nohash_0.wav,0.002947
C:\Users\miker\wake_word_project\data\negative\left\20a0d54b_nohash_0.wav,0.000291
C:\Users\miker\wake_word_project\data\negative\bed\80c45ed6_nohash_0.wav,0.002018
C:\Users\miker\wake_word_project\data\negative\left\f264e0df_nohash_0.wav,0.000731
C:\Users\miker\wake_word_project\data\negative\happy\e6be0830_nohash_0.wav,0.000253
C:\Users\miker\wake_word_project\data\negative\down\f9643d42_nohash_3.wav,0.001035
C:\Users\miker\wake_word_project\data\negative\dog\ec74a8a5_nohash_1.wav,0.001681
C:\Users\miker\wake_word_project\data\negative\nine\2aca1e72_nohash_4.wav,0.000410
C:\Users\miker\wake_word_project\data\negative\follow\645ed69d_nohash_3.wav,0.001252
C:\Users\miker\wake_word_project\data\negative\no\4def68db_nohash_0.wav,0.000831
C:\Users\miker\wake_word_project\data\negative\five\db9d52d2_nohash_1.wav,0.002778
C:\Users\miker\wake_word_project\data\negative\wow\20a0d54b_nohash_1.wav,0.018968
C:\Users\miker\wake_word_project\data\negative\dog\f5e5e8b0_nohash_1.wav,0.000810
C:\Users\miker\wake_word_project\data\negative\sheila\3a789a0d_nohash_0.wav,0.008590
C:\Users\miker\wake_word_project\data\negative\down\9ff1b8b6_nohash_0.wav,0.000637
C:\Users\miker\wake_word_project\data\negative\nine\0d90d8e1_nohash_3.wav,0.001870
C:\Users\miker\wake_word_project\data\negative\stop\311fde72_nohash_4.wav,0.001540
C:\Users\miker\wake_word_project\data\negative\stop\ddedba85_nohash_1.wav,0.000795
C:\Users\miker\wake_word_project\data\negative\one\f30285c8_nohash_3.wav,0.000066
C:\Users\miker\wake_word_project\data\negative\up\893705bb_nohash_8.wav,0.000285
C:\Users\miker\wake_word_project\data\negative\bird\3291330e_nohash_0.wav,0.003995
C:\Users\miker\wake_word_project\data\negative\on\365908bd_nohash_4.wav,0.000528
C:\Users\miker\wake_word_project\data\negative\tree\88b7c5fa_nohash_0.wav,0.000037
C:\Users\miker\wake_word_project\data\negative\five\fc3ba625_nohash_1.wav,0.002434
C:\Users\miker\wake_word_project\data\negative\stop\a827e3a1_nohash_2.wav,0.000262
C:\Users\miker\wake_word_project\data\negative\on\5170b77f_nohash_1.wav,0.003331
C:\Users\miker\wake_word_project\data\negative\five\bde0f20a_nohash_2.wav,0.000511
C:\Users\miker\wake_word_project\data\negative\cat\a7545b9f_nohash_0.wav,0.000108
C:\Users\miker\wake_word_project\data\negative\down\dc269564_nohash_1.wav,0.001042
C:\Users\miker\wake_word_project\data\negative\marvin\ad63d93c_nohash_0.wav,0.000795
C:\Users\miker\wake_word_project\data\negative\four\954f190f_nohash_3.wav,0.032647
C:\Users\miker\wake_word_project\data\negative\four\08ab231c_nohash_2.wav,0.001375
C:\Users\miker\wake_word_project\data\negative\off\6fca237d_nohash_2.wav,0.000226
C:\Users\miker\wake_word_project\data\negative\sheila\acb9db68_nohash_0.wav,0.001125
C:\Users\miker\wake_word_project\data\negative\visual\54ad8f22_nohash_4.wav,0.005071
C:\Users\miker\wake_word_project\data\negative\wow\00f0204f_nohash_1.wav,0.010827
C:\Users\miker\wake_word_project\data\negative\seven\e41a903b_nohash_3.wav,0.000219
C:\Users\miker\wake_word_project\data\negative\house\1e4064b8_nohash_0.wav,0.003235
C:\Users\miker\wake_word_project\data\negative\two\0717b9f6_nohash_0.wav,0.000480
C:\Users\miker\wake_word_project\data\negative\learn\29dce108_nohash_4.wav,0.001884
C:\Users\miker\wake_word_project\data\negative\left\333784b7_nohash_1.wav,0.004120
C:\Users\miker\wake_word_project\data\negative\go\b12bef84_nohash_1.wav,0.000100
C:\Users\miker\wake_word_project\data\negative\down\b5552931_nohash_1.wav,0.001733
C:\Users\miker\wake_word_project\data\negative\cat\652b3da7_nohash_0.wav,0.000311
C:\Users\miker\wake_word_project\data\negative\no\df6bd83f_nohash_0.wav,0.000533
C:\Users\miker\wake_word_project\data\negative\six\72d75d96_nohash_0.wav,0.008488
C:\Users\miker\wake_word_project\data\negative\sheila\645ed69d_nohash_0.wav,0.001409
C:\Users\miker\wake_word_project\data\negative\right\3bc21161_nohash_2.wav,0.001821
C:\Users\miker\wake_word_project\data\negative\five\a1e71565_nohash_1.wav,0.008696
C:\Users\miker\wake_word_project\data\negative\cat\b414c653_nohash_0.wav,0.001003
C:\Users\miker\wake_word_project\data\negative\nine\cce7416f_nohash_3.wav,0.003758
C:\Users\miker\wake_word_project\data\negative\backward\4e6902d0_nohash_3.wav,0.001195
C:\Users\miker\wake_word_project\data\negative\on\18f8afd5_nohash_2.wav,0.003230
C:\Users\miker\wake_word_project\data\negative\down\69a1a79f_nohash_2.wav,0.001996
C:\Users\miker\wake_word_project\data\negative\left\1cbcc7a7_nohash_1.wav,0.000167
C:\Users\miker\wake_word_project\data\negative\two\14df1e28_nohash_0.wav,0.002060
C:\Users\miker\wake_word_project\data\negative\three\3d794813_nohash_4.wav,0.000952
C:\Users\miker\wake_word_project\data\negative\stop\6727b579_nohash_4.wav,0.000883
C:\Users\miker\wake_word_project\data\negative\one\dec73123_nohash_0.wav,0.000697
C:\Users\miker\wake_word_project\data\negative\four\6021f08b_nohash_0.wav,0.002300
C:\Users\miker\wake_word_project\data\negative\down\bcf614a2_nohash_3.wav,0.000819
C:\Users\miker\wake_word_project\data\negative\bed\da4ef063_nohash_0.wav,0.013992
C:\Users\miker\wake_word_project\data\negative\four\a1e71565_nohash_2.wav,0.001676
C:\Users\miker\wake_word_project\data\negative\follow\7c83c5f6_nohash_2.wav,0.006310
C:\Users\miker\wake_word_project\data\negative\three\b9cccd01_nohash_1.wav,0.001049
C:\Users\miker\wake_word_project\data\negative\left\02ade946_nohash_1.wav,0.001565
C:\Users\miker\wake_word_project\data\negative\down\364c0853_nohash_0.wav,0.000416
C:\Users\miker\wake_word_project\data\negative\one\ace072ba_nohash_0.wav,0.000635
C:\Users\miker\wake_word_project\data\negative\eight\5cf1ecce_nohash_2.wav,0.000615
C:\Users\miker\wake_word_project\data\negative\left\98ea0818_nohash_0.wav,0.003268
C:\Users\miker\wake_word_project\data\negative\zero\3d794813_nohash_0.wav,0.004321
C:\Users\miker\wake_word_project\data\negative\off\0a196374_nohash_2.wav,0.001206
C:\Users\miker\wake_word_project\data\negative\one\94d370bf_nohash_3.wav,0.007721
C:\Users\miker\wake_word_project\data\negative\right\2d3c8dcb_nohash_0.wav,0.000039
C:\Users\miker\wake_word_project\data\negative\two\0bde966a_nohash_0.wav,0.000833
C:\Users\miker\wake_word_project\data\negative\house\1b835b87_nohash_0.wav,0.000522
C:\Users\miker\wake_word_project\data\negative\down\8ca3b1db_nohash_0.wav,0.000069
C:\Users\miker\wake_word_project\data\negative\three\d98dd124_nohash_2.wav,0.008371
C:\Users\miker\wake_word_project\data\negative\sheila\0a2b400e_nohash_0.wav,0.008865
C:\Users\miker\wake_word_project\data\negative\no\b66f4f93_nohash_5.wav,0.003369
C:\Users\miker\wake_word_project\data\negative\forward\a77fbcfd_nohash_1.wav,0.004785
C:\Users\miker\wake_word_project\data\negative\no\25e95412_nohash_5.wav,0.000143
C:\Users\miker\wake_word_project\data\negative\no\83957201_nohash_0.wav,0.001337
C:\Users\miker\wake_word_project\data\negative\no\19e246ad_nohash_0.wav,0.000460
C:\Users\miker\wake_word_project\data\negative\forward\cba7f985_nohash_0.wav,0.000055
C:\Users\miker\wake_word_project\data\negative\on\b69fe0e2_nohash_1.wav,0.000414
C:\Users\miker\wake_word_project\data\negative\cat\10c6d873_nohash_1.wav,0.001394
C:\Users\miker\wake_word_project\data\negative\Hey__Magis_wrong_ways_to_say\Recording (55).wav,0.769501
C:\Users\miker\wake_word_project\data\negative\one\5ef35194_nohash_0.wav,0.001401
C:\Users\miker\wake_word_project\data\negative\house\00b01445_nohash_1.wav,0.003908
C:\Users\miker\wake_word_project\data\negative\go\472b8045_nohash_2.wav,0.000061
C:\Users\miker\wake_word_project\data\negative\house\51995cea_nohash_1.wav,0.000308
C:\Users\miker\wake_word_project\data\negative\six\2fcb6397_nohash_0.wav,0.006357
C:\Users\miker\wake_word_project\data\negative\dog\24694eb6_nohash_0.wav,0.000881
C:\Users\miker\wake_word_project\data\negative\five\8e523821_nohash_1.wav,0.001718
C:\Users\miker\wake_word_project\data\negative\yes\322d17d3_nohash_4.wav,0.020317
C:\Users\miker\wake_word_project\data\negative\up\3d86b69a_nohash_1.wav,0.001628
C:\Users\miker\wake_word_project\data\negative\two\402e2977_nohash_1.wav,0.000935
C:\Users\miker\wake_word_project\data\negative\down\bab36420_nohash_3.wav,0.000887
C:\Users\miker\wake_word_project\data\negative\down\590750e8_nohash_1.wav,0.001064
C:\Users\miker\wake_word_project\data\negative\two\48bfde8e_nohash_0.wav,0.000428
C:\Users\miker\wake_word_project\data\negative\nine\3b4f8f24_nohash_0.wav,0.000916
C:\Users\miker\wake_word_project\data\negative\seven\ef3367d9_nohash_5.wav,0.005355
C:\Users\miker\wake_word_project\data\negative\off\9d171fee_nohash_0.wav,0.003881
C:\Users\miker\wake_word_project\data\negative\yes\559bc36a_nohash_3.wav,0.007526
C:\Users\miker\wake_word_project\data\negative\stop\0d90d8e1_nohash_4.wav,0.000889
C:\Users\miker\wake_word_project\data\negative\go\541120c7_nohash_0.wav,0.001446
C:\Users\miker\wake_word_project\data\negative\sheila\a591c2ea_nohash_0.wav,0.003436
C:\Users\miker\wake_word_project\data\negative\dog\1a4259c3_nohash_1.wav,0.000087
C:\Users\miker\wake_word_project\data\negative\no\b414c653_nohash_4.wav,0.002421
C:\Users\miker\wake_word_project\data\negative\seven\520b2c17_nohash_0.wav,0.002848
C:\Users\miker\wake_word_project\data\negative\off\c4e00ee9_nohash_3.wav,0.003670
C:\Users\miker\wake_word_project\data\negative\seven\be7fa0a3_nohash_2.wav,0.012039
C:\Users\miker\wake_word_project\data\negative\two\ec9b830b_nohash_0.wav,0.000670
C:\Users\miker\wake_word_project\data\negative\one\b5cf6ea8_nohash_5.wav,0.002661
C:\Users\miker\wake_word_project\data\negative\go\a04817c2_nohash_3.wav,0.000937
C:\Users\miker\wake_word_project\data\negative\one\bfdb9801_nohash_0.wav,0.000191
C:\Users\miker\wake_word_project\data\negative\left\3e31dffe_nohash_2.wav,0.003955
C:\Users\miker\wake_word_project\data\negative\down\1e9e6bdd_nohash_0.wav,0.001341
C:\Users\miker\wake_word_project\data\negative\no\f104f742_nohash_0.wav,0.000720
C:\Users\miker\wake_word_project\data\negative\up\e11fbc6e_nohash_3.wav,0.001674
C:\Users\miker\wake_word_project\data\negative\bird\6cb6eee7_nohash_0.wav,0.000782
C:\Users\miker\wake_word_project\data\negative\right\a5d1becc_nohash_4.wav,0.000367
C:\Users\miker\wake_word_project\data\negative\six\6ceeb9aa_nohash_3.wav,0.000511
C:\Users\miker\wake_word_project\data\negative\seven\226537ab_nohash_2.wav,0.001088
C:\Users\miker\wake_word_project\data\negative\zero\c2657ba5_nohash_0.wav,0.002004
C:\Users\miker\wake_word_project\data\negative\six\70a00e98_nohash_1.wav,0.001976
C:\Users\miker\wake_word_project\data\negative\two\9e6bb505_nohash_2.wav,0.000290
C:\Users\miker\wake_word_project\data\negative\three\18e910f4_nohash_0.wav,0.002196
C:\Users\miker\wake_word_project\data\negative\five\6c968bd9_nohash_2.wav,0.006710
C:\Users\miker\wake_word_project\data\negative\eight\878befa7_nohash_1.wav,0.015980
C:\Users\miker\wake_word_project\data\negative\yes\5e3dde6b_nohash_0.wav,0.018273
C:\Users\miker\wake_word_project\data\negative\on\ce0cb033_nohash_3.wav,0.000269
C:\Users\miker\wake_word_project\data\negative\follow\a929f9b9_nohash_2.wav,0.000999
C:\Users\miker\wake_word_project\data\negative\follow\26653895_nohash_0.wav,0.000185
C:\Users\miker\wake_word_project\data\negative\four\cc3d1613_nohash_0.wav,0.001163
C:\Users\miker\wake_word_project\data\negative\four\214ccb20_nohash_0.wav,0.001689
C:\Users\miker\wake_word_project\data\negative\eight\b9f46737_nohash_2.wav,0.003485
C:\Users\miker\wake_word_project\data\negative\bird\ee1d8d49_nohash_0.wav,0.000271
C:\Users\miker\wake_word_project\data\negative\off\f0659908_nohash_2.wav,0.000358
C:\Users\miker\wake_word_project\data\negative\down\1a5b9ca4_nohash_1.wav,0.000862
C:\Users\miker\wake_word_project\data\negative\two\c9b5ff26_nohash_2.wav,0.002289
C:\Users\miker\wake_word_project\data\negative\on\5c39594f_nohash_3.wav,0.000377
C:\Users\miker\wake_word_project\data\negative\four\71f9bba8_nohash_1.wav,0.000315
C:\Users\miker\wake_word_project\data\negative\three\54ad8f22_nohash_1.wav,0.004478
C:\Users\miker\wake_word_project\data\negative\five\70a00e98_nohash_2.wav,0.001052
C:\Users\miker\wake_word_project\data\negative\stop\38d78313_nohash_3.wav,0.000266
C:\Users\miker\wake_word_project\data\negative\happy\b087aa0e_nohash_0.wav,0.009050
C:\Users\miker\wake_word_project\data\negative\left\f9643d42_nohash_1.wav,0.000357
C:\Users\miker\wake_word_project\data\negative\visual\c98bbbd3_nohash_4.wav,0.004279
C:\Users\miker\wake_word_project\data\negative\dog\7f74626f_nohash_0.wav,0.007225
C:\Users\miker\wake_word_project\data\negative\down\64df20d8_nohash_3.wav,0.000492
C:\Users\miker\wake_word_project\data\negative\no\bb05582b_nohash_1.wav,0.002594
C:\Users\miker\wake_word_project\data\negative\sheila\d33df435_nohash_1.wav,0.019688
C:\Users\miker\wake_word_project\data\negative\off\08ab231c_nohash_3.wav,0.001306
C:\Users\miker\wake_word_project\data\negative\sheila\8a28231e_nohash_0.wav,0.006997
C:\Users\miker\wake_word_project\data\negative\marvin\5db0e146_nohash_0.wav,0.213046
C:\Users\miker\wake_word_project\data\negative\house\c661be6e_nohash_0.wav,0.001296
C:\Users\miker\wake_word_project\data\negative\seven\39a6b995_nohash_1.wav,0.004558
C:\Users\miker\wake_word_project\data\negative\one\214ccb20_nohash_1.wav,0.001640
C:\Users\miker\wake_word_project\data\negative\backward\fa57ab3b_nohash_0.wav,0.004290
C:\Users\miker\wake_word_project\data\negative\zero\4fce7686_nohash_0.wav,0.003569
C:\Users\miker\wake_word_project\data\negative\up\62641b88_nohash_0.wav,0.000562
C:\Users\miker\wake_word_project\data\negative\three\2f0a410b_nohash_1.wav,0.001565
C:\Users\miker\wake_word_project\data\negative\seven\51f7a034_nohash_3.wav,0.001542
C:\Users\miker\wake_word_project\data\negative\zero\2579e514_nohash_0.wav,0.017781
C:\Users\miker\wake_word_project\data\negative\off\cc6ee39b_nohash_0.wav,0.006529
C:\Users\miker\wake_word_project\data\negative\eight\3e31dffe_nohash_3.wav,0.003034
C:\Users\miker\wake_word_project\data\negative\five\81a345a3_nohash_0.wav,0.001805
C:\Users\miker\wake_word_project\data\negative\five\7257420c_nohash_1.wav,0.001243
C:\Users\miker\wake_word_project\data\negative\six\42beb5eb_nohash_1.wav,0.002134
C:\Users\miker\wake_word_project\data\negative\six\fbe51750_nohash_0.wav,0.000550
C:\Users\miker\wake_word_project\data\negative\six\cdee383b_nohash_2.wav,0.004275
C:\Users\miker\wake_word_project\data\negative\yes\650daf8e_nohash_0.wav,0.000233
C:\Users\miker\wake_word_project\data\negative\eight\017c4098_nohash_2.wav,0.001249
C:\Users\miker\wake_word_project\data\negative\six\226537ab_nohash_0.wav,0.001357
C:\Users\miker\wake_word_project\data\negative\zero\179a61b7_nohash_0.wav,0.002018
C:\Users\miker\wake_word_project\data\negative\down\da584bc0_nohash_3.wav,0.005278
C:\Users\miker\wake_word_project\data\negative\zero\471a0925_nohash_4.wav,0.003057
C:\Users\miker\wake_word_project\data\negative\learn\91ffb786_nohash_0.wav,0.000166
C:\Users\miker\wake_word_project\data\negative\nine\3bb68054_nohash_2.wav,0.001831
C:\Users\miker\wake_word_project\data\negative\off\8012c69d_nohash_2.wav,0.001840
C:\Users\miker\wake_word_project\data\negative\house\0d6d7360_nohash_0.wav,0.000237
C:\Users\miker\wake_word_project\data\negative\no\90e72357_nohash_1.wav,0.000699
C:\Users\miker\wake_word_project\data\negative\tree\a0f93943_nohash_0.wav,0.000299
C:\Users\miker\wake_word_project\data\negative\right\0e5193e6_nohash_0.wav,0.003142
C:\Users\miker\wake_word_project\data\negative\six\75b631ff_nohash_0.wav,0.000614
C:\Users\miker\wake_word_project\data\negative\stop\b665723d_nohash_0.wav,0.000650
C:\Users\miker\wake_word_project\data\negative\one\a7acbbeb_nohash_2.wav,0.001195
C:\Users\miker\wake_word_project\data\negative\follow\9e92ef0c_nohash_0.wav,0.000464
C:\Users\miker\wake_word_project\data\negative\house\bb05582b_nohash_0.wav,0.013476
C:\Users\miker\wake_word_project\data\negative\off\39025b21_nohash_0.wav,0.000374
C:\Users\miker\wake_word_project\data\negative\five\50033893_nohash_0.wav,0.000757
C:\Users\miker\wake_word_project\data\negative\three\02e85b60_nohash_0.wav,0.007307
C:\Users\miker\wake_word_project\data\negative\stop\b4aa9fef_nohash_0.wav,0.000769
C:\Users\miker\wake_word_project\data\negative\two\b7a0754f_nohash_3.wav,0.000894
C:\Users\miker\wake_word_project\data\negative\up\27b03931_nohash_1.wav,0.000362
C:\Users\miker\wake_word_project\data\negative\off\2fcb6397_nohash_2.wav,0.003157
C:\Users\miker\wake_word_project\data\negative\bird\b15fc37d_nohash_0.wav,0.005906
C:\Users\miker\wake_word_project\data\negative\no\f8f60f59_nohash_2.wav,0.000470
C:\Users\miker\wake_word_project\data\negative\marvin\b41a92a3_nohash_0.wav,0.004576
C:\Users\miker\wake_word_project\data\negative\up\0cb74144_nohash_3.wav,0.001615
C:\Users\miker\wake_word_project\data\negative\go\b1df80c0_nohash_0.wav,0.000447
C:\Users\miker\wake_word_project\data\negative\cat\6071a214_nohash_0.wav,0.000471
C:\Users\miker\wake_word_project\data\negative\wow\fa44fcf5_nohash_0.wav,0.008388
C:\Users\miker\wake_word_project\data\negative\one\b87bdb22_nohash_4.wav,0.001927
C:\Users\miker\wake_word_project\data\negative\house\52162b51_nohash_0.wav,0.004433
C:\Users\miker\wake_word_project\data\negative\no\3209ec42_nohash_0.wav,0.001257
C:\Users\miker\wake_word_project\data\negative\bed\82b99576_nohash_0.wav,0.002421
C:\Users\miker\wake_word_project\data\negative\nine\0d6d7360_nohash_3.wav,0.000297
C:\Users\miker\wake_word_project\data\negative\zero\8f0d3c27_nohash_0.wav,0.000841
C:\Users\miker\wake_word_project\data\negative\left\65040d9b_nohash_2.wav,0.002058
C:\Users\miker\wake_word_project\data\negative\left\b0ae6326_nohash_4.wav,0.001279
C:\Users\miker\wake_word_project\data\negative\learn\1496195a_nohash_1.wav,0.001219
C:\Users\miker\wake_word_project\data\negative\right\41777abb_nohash_0.wav,0.001043
C:\Users\miker\wake_word_project\data\negative\up\3c257192_nohash_2.wav,0.001164
C:\Users\miker\wake_word_project\data\negative\down\c50f55b8_nohash_5.wav,0.000771
C:\Users\miker\wake_word_project\data\negative\go\57152045_nohash_5.wav,0.000693
C:\Users\miker\wake_word_project\data\negative\five\00f0204f_nohash_0.wav,0.006411
C:\Users\miker\wake_word_project\data\negative\left\4f8ef132_nohash_0.wav,0.000884
C:\Users\miker\wake_word_project\data\negative\wow\d57febf0_nohash_0.wav,0.001240
C:\Users\miker\wake_word_project\data\negative\yes\e882abb2_nohash_2.wav,0.009976
C:\Users\miker\wake_word_project\data\negative\marvin\042ea76c_nohash_1.wav,0.000609
C:\Users\miker\wake_word_project\data\negative\house\620ff0fa_nohash_1.wav,0.001201
C:\Users\miker\wake_word_project\data\negative\visual\eeaf97c3_nohash_2.wav,0.003734
C:\Users\miker\wake_word_project\data\negative\off\b665723d_nohash_1.wav,0.000891
C:\Users\miker\wake_word_project\data\negative\stop\92e17cc4_nohash_2.wav,0.002302
C:\Users\miker\wake_word_project\data\negative\three\f8ba7c0e_nohash_1.wav,0.001031
C:\Users\miker\wake_word_project\data\negative\down\7c83c5f6_nohash_1.wav,0.003845
C:\Users\miker\wake_word_project\data\negative\forward\eaa83485_nohash_0.wav,0.002871
C:\Users\miker\wake_word_project\data\negative\on\951cac20_nohash_0.wav,0.002445
C:\Users\miker\wake_word_project\data\negative\four\c90c0105_nohash_0.wav,0.002224
C:\Users\miker\wake_word_project\data\negative\off\5f9cd2eb_nohash_1.wav,0.000622
C:\Users\miker\wake_word_project\data\negative\wow\ab353673_nohash_1.wav,0.001808
C:\Users\miker\wake_word_project\data\negative\right\02fcd241_nohash_0.wav,0.000720
C:\Users\miker\wake_word_project\data\negative\yes\6f2f57c1_nohash_0.wav,0.002207
C:\Users\miker\wake_word_project\data\negative\seven\1f653d27_nohash_1.wav,0.000577
C:\Users\miker\wake_word_project\data\negative\cat\ced4e2a1_nohash_1.wav,0.001067
C:\Users\miker\wake_word_project\data\negative\seven\171edea9_nohash_1.wav,0.000828
C:\Users\miker\wake_word_project\data\negative\zero\7c83c5f6_nohash_2.wav,0.025279
C:\Users\miker\wake_word_project\data\negative\five\cb5d2c6e_nohash_0.wav,0.000519
C:\Users\miker\wake_word_project\data\negative\dog\66cff190_nohash_0.wav,0.003138
C:\Users\miker\wake_word_project\data\negative\left\b29f8b23_nohash_2.wav,0.018961
C:\Users\miker\wake_word_project\data\negative\up\b91b718c_nohash_0.wav,0.001190
C:\Users\miker\wake_word_project\data\negative\right\ca4d5368_nohash_3.wav,0.003013
C:\Users\miker\wake_word_project\data\negative\off\3b4f8f24_nohash_2.wav,0.004316
C:\Users\miker\wake_word_project\data\negative\five\0d6d7360_nohash_0.wav,0.000258
C:\Users\miker\wake_word_project\data\negative\zero\1dce06e8_nohash_0.wav,0.002244
C:\Users\miker\wake_word_project\data\negative\seven\616420be_nohash_0.wav,0.000932
C:\Users\miker\wake_word_project\data\negative\six\56eab10e_nohash_1.wav,0.002565
C:\Users\miker\wake_word_project\data\negative\follow\b6e6aa2e_nohash_0.wav,0.000051
C:\Users\miker\wake_word_project\data\negative\four\21832144_nohash_2.wav,0.020256
C:\Users\miker\wake_word_project\data\negative\four\679463fc_nohash_1.wav,0.001760
C:\Users\miker\wake_word_project\data\negative\cat\e6327279_nohash_0.wav,0.000056
C:\Users\miker\wake_word_project\data\negative\happy\26e573a9_nohash_1.wav,0.000025
C:\Users\miker\wake_word_project\data\negative\bird\553f1a79_nohash_0.wav,0.001013
C:\Users\miker\wake_word_project\data\negative\one\13199b79_nohash_2.wav,0.007866
C:\Users\miker\wake_word_project\data\negative\cat\7303215d_nohash_1.wav,0.000412
C:\Users\miker\wake_word_project\data\negative\nine\ca4d5368_nohash_2.wav,0.001679
C:\Users\miker\wake_word_project\data\negative\up\8a56f36e_nohash_2.wav,0.000219
C:\Users\miker\wake_word_project\data\negative\four\5b09db89_nohash_2.wav,0.000762
C:\Users\miker\wake_word_project\data\negative\house\a7dd45cf_nohash_0.wav,0.000663
C:\Users\miker\wake_word_project\data\negative\no\11b1df78_nohash_0.wav,0.001171
C:\Users\miker\wake_word_project\data\negative\one\54b6d355_nohash_0.wav,0.000009
C:\Users\miker\wake_word_project\data\negative\right\bd76a7fd_nohash_0.wav,0.005115
C:\Users\miker\wake_word_project\data\negative\off\03431e13_nohash_0.wav,0.000073
C:\Users\miker\wake_word_project\data\negative\three\a4383927_nohash_0.wav,0.005003
C:\Users\miker\wake_word_project\data\negative\eight\a8ee11c7_nohash_0.wav,0.001933
C:\Users\miker\wake_word_project\data\negative\two\bb05582b_nohash_2.wav,0.000370
C:\Users\miker\wake_word_project\data\negative\bird\2b715941_nohash_1.wav,0.000728
C:\Users\miker\wake_word_project\data\negative\no\321aba74_nohash_2.wav,0.000777
C:\Users\miker\wake_word_project\data\negative\right\29dce108_nohash_4.wav,0.000625
C:\Users\miker\wake_word_project\data\negative\stop\31ac8b88_nohash_0.wav,0.014493
C:\Users\miker\wake_word_project\data\negative\on\b9515bf3_nohash_0.wav,0.000123
C:\Users\miker\wake_word_project\data\negative\forward\075e38c3_nohash_0.wav,0.004410
C:\Users\miker\wake_word_project\data\negative\one\b4ea0d9a_nohash_1.wav,0.000622
C:\Users\miker\wake_word_project\data\negative\six\f4c77b26_nohash_1.wav,0.001171
C:\Users\miker\wake_word_project\data\negative\nine\6fb3d5a7_nohash_1.wav,0.001621
C:\Users\miker\wake_word_project\data\negative\nine\3d9bbe2d_nohash_1.wav,0.000498
C:\Users\miker\wake_word_project\data\negative\five\f2a90886_nohash_0.wav,0.000871
C:\Users\miker\wake_word_project\data\negative\happy\bb05582b_nohash_0.wav,0.015229
C:\Users\miker\wake_word_project\data\negative\two\fa7895de_nohash_0.wav,0.000796
C:\Users\miker\wake_word_project\data\negative\down\86402da1_nohash_1.wav,0.000390
C:\Users\miker\wake_word_project\data\negative\learn\779de043_nohash_1.wav,0.000903
C:\Users\miker\wake_word_project\data\negative\bed\f568162b_nohash_0.wav,0.000838
C:\Users\miker\wake_word_project\data\negative\cat\652b3da7_nohash_2.wav,0.000447
C:\Users\miker\wake_word_project\data\negative\five\ee1d8d49_nohash_4.wav,0.001184
C:\Users\miker\wake_word_project\data\negative\six\78622c2b_nohash_1.wav,0.002674
C:\Users\miker\wake_word_project\data\negative\zero\195c120a_nohash_0.wav,0.046610
C:\Users\miker\wake_word_project\data\negative\four\e1469561_nohash_3.wav,0.013423
C:\Users\miker\wake_word_project\data\negative\go\20fd451f_nohash_1.wav,0.000219
C:\Users\miker\wake_word_project\data\negative\tree\16d41d07_nohash_0.wav,0.002105
C:\Users\miker\wake_word_project\data\negative\go\3cc595de_nohash_1.wav,0.000368
C:\Users\miker\wake_word_project\data\negative\two\9fac5701_nohash_2.wav,0.010235
C:\Users\miker\wake_word_project\data\negative\four\a04817c2_nohash_4.wav,0.000507
C:\Users\miker\wake_word_project\data\negative\house\5db0e146_nohash_0.wav,0.001417
C:\Users\miker\wake_word_project\data\negative\tree\626e323f_nohash_1.wav,0.001783
C:\Users\miker\wake_word_project\data\negative\off\7211390b_nohash_3.wav,0.000533
C:\Users\miker\wake_word_project\data\negative\seven\01bcfc0c_nohash_0.wav,0.006941
C:\Users\miker\wake_word_project\data\negative\bed\80c17118_nohash_0.wav,0.003536
C:\Users\miker\wake_word_project\data\negative\zero\1ba20be2_nohash_1.wav,0.023632
C:\Users\miker\wake_word_project\data\negative\yes\b6d11c9b_nohash_0.wav,0.000248
C:\Users\miker\wake_word_project\data\negative\two\c22d3f18_nohash_4.wav,0.001770
C:\Users\miker\wake_word_project\data\negative\backward\b69fe0e2_nohash_3.wav,0.001075
C:\Users\miker\wake_word_project\data\negative\one\b1114e4f_nohash_0.wav,0.001027
C:\Users\miker\wake_word_project\data\negative\tree\1678e6f1_nohash_0.wav,0.001679
C:\Users\miker\wake_word_project\data\negative\follow\af6fbbf5_nohash_0.wav,0.002379
C:\Users\miker\wake_word_project\data\negative\stop\6f5eea74_nohash_0.wav,0.002491
C:\Users\miker\wake_word_project\data\negative\zero\c633a455_nohash_0.wav,0.001262
C:\Users\miker\wake_word_project\data\negative\backward\af790082_nohash_0.wav,0.017918
C:\Users\miker\wake_word_project\data\negative\go\32ad5b65_nohash_3.wav,0.000454
C:\Users\miker\wake_word_project\data\negative\happy\54412eae_nohash_3.wav,0.000916
C:\Users\miker\wake_word_project\data\negative\stop\b26343e9_nohash_1.wav,0.000849
C:\Users\miker\wake_word_project\data\negative\zero\e9abfe31_nohash_1.wav,0.002347
C:\Users\miker\wake_word_project\data\negative\left\7e556a2c_nohash_0.wav,0.000560
C:\Users\miker\wake_word_project\data\negative\up\d0faf7e4_nohash_2.wav,0.001942
C:\Users\miker\wake_word_project\data\negative\up\b7a0754f_nohash_1.wav,0.002825
C:\Users\miker\wake_word_project\data\negative\three\e0c782d5_nohash_2.wav,0.003718
C:\Users\miker\wake_word_project\data\negative\house\ba676390_nohash_1.wav,0.000045
C:\Users\miker\wake_word_project\data\negative\off\f44f440f_nohash_2.wav,0.000303
C:\Users\miker\wake_word_project\data\negative\no\56cd307a_nohash_0.wav,0.000167
C:\Users\miker\wake_word_project\data\negative\nine\6727b579_nohash_3.wav,0.000433
C:\Users\miker\wake_word_project\data\negative\go\050170cb_nohash_2.wav,0.000466
C:\Users\miker\wake_word_project\data\negative\one\6a700f9d_nohash_2.wav,0.000475
C:\Users\miker\wake_word_project\data\negative\left\5f5eef60_nohash_1.wav,0.003621
C:\Users\miker\wake_word_project\data\negative\two\9acd0254_nohash_0.wav,0.005005
C:\Users\miker\wake_word_project\data\negative\seven\3fb8c268_nohash_1.wav,0.001778
C:\Users\miker\wake_word_project\data\negative\three\325a0c39_nohash_0.wav,0.001626
C:\Users\miker\wake_word_project\data\negative\off\061a5915_nohash_0.wav,0.000004
C:\Users\miker\wake_word_project\data\negative\six\e04d7130_nohash_0.wav,0.007046
C:\Users\miker\wake_word_project\data\negative\down\e6e29c47_nohash_0.wav,0.000178
C:\Users\miker\wake_word_project\data\negative\backward\9b02d503_nohash_1.wav,0.002954
C:\Users\miker\wake_word_project\data\negative\right\f33660af_nohash_0.wav,0.004610
C:\Users\miker\wake_word_project\data\negative\two\1746d7b6_nohash_0.wav,0.000594
C:\Users\miker\wake_word_project\data\negative\no\3f45a0cf_nohash_2.wav,0.006543
C:\Users\miker\wake_word_project\data\negative\six\18e910f4_nohash_3.wav,0.003219
C:\Users\miker\wake_word_project\data\negative\tree\161fcca8_nohash_4.wav,0.019512
C:\Users\miker\wake_word_project\data\negative\stop\2fee065a_nohash_2.wav,0.000342
C:\Users\miker\wake_word_project\data\negative\stop\b69002d4_nohash_2.wav,0.001254
C:\Users\miker\wake_word_project\data\negative\learn\3f45a0cf_nohash_3.wav,0.003439
C:\Users\miker\wake_word_project\data\negative\left\3bfd30e6_nohash_3.wav,0.010018
C:\Users\miker\wake_word_project\data\negative\two\d264f7b6_nohash_2.wav,0.001104
C:\Users\miker\wake_word_project\data\negative\eight\195c120a_nohash_3.wav,0.011551
C:\Users\miker\wake_word_project\data\negative\one\ebdd0f59_nohash_0.wav,0.001902
C:\Users\miker\wake_word_project\data\negative\dog\48463cbc_nohash_0.wav,0.001633
C:\Users\miker\wake_word_project\data\negative\marvin\fb8c31a9_nohash_0.wav,0.091772
C:\Users\miker\wake_word_project\data\negative\house\cb164eea_nohash_3.wav,0.000353
C:\Users\miker\wake_word_project\data\negative\three\cce17a61_nohash_0.wav,0.006902
C:\Users\miker\wake_word_project\data\negative\marvin\4c6944d6_nohash_0.wav,0.004338
C:\Users\miker\wake_word_project\data\negative\house\d1a17cbe_nohash_0.wav,0.004128
C:\Users\miker\wake_word_project\data\negative\happy\e6e29c47_nohash_0.wav,0.000607
C:\Users\miker\wake_word_project\data\negative\tree\baf01c1f_nohash_2.wav,0.000371
C:\Users\miker\wake_word_project\data\negative\up\c50f55b8_nohash_4.wav,0.000175
C:\Users\miker\wake_word_project\data\negative\tree\6166ae21_nohash_1.wav,0.014097
C:\Users\miker\wake_word_project\data\negative\left\3d9200b9_nohash_0.wav,0.000460
C:\Users\miker\wake_word_project\data\negative\forward\f1d8a638_nohash_1.wav,0.004951
C:\Users\miker\wake_word_project\data\negative\five\83957201_nohash_0.wav,0.000549
C:\Users\miker\wake_word_project\data\negative\seven\25e95412_nohash_4.wav,0.000037
C:\Users\miker\wake_word_project\data\negative\yes\a6285644_nohash_0.wav,0.000783
C:\Users\miker\wake_word_project\data\negative\go\c4e00ee9_nohash_2.wav,0.000603
C:\Users\miker\wake_word_project\data\negative\cat\d926bb17_nohash_1.wav,0.000529
C:\Users\miker\wake_word_project\data\negative\zero\ec9b830b_nohash_0.wav,0.000458
C:\Users\miker\wake_word_project\data\negative\zero\cfbedff9_nohash_0.wav,0.003138
C:\Users\miker\wake_word_project\data\negative\stop\650daf8e_nohash_0.wav,0.000275
C:\Users\miker\wake_word_project\data\negative\off\40738a2d_nohash_1.wav,0.000128
C:\Users\miker\wake_word_project\data\negative\two\06f6c194_nohash_2.wav,0.029590
C:\Users\miker\wake_word_project\data\negative\left\f852895b_nohash_1.wav,0.000550
C:\Users\miker\wake_word_project\data\negative\two\b737ee80_nohash_1.wav,0.000362
C:\Users\miker\wake_word_project\data\negative\five\2f813234_nohash_1.wav,0.000777
C:\Users\miker\wake_word_project\data\negative\bed\d53e25ba_nohash_0.wav,0.000177
C:\Users\miker\wake_word_project\data\negative\tree\ad526ada_nohash_0.wav,0.000493
C:\Users\miker\wake_word_project\data\negative\left\2579e514_nohash_2.wav,0.002608
C:\Users\miker\wake_word_project\data\negative\happy\c7124b73_nohash_0.wav,0.000751
C:\Users\miker\wake_word_project\data\negative\off\c39703ec_nohash_1.wav,0.002028
C:\Users\miker\wake_word_project\data\negative\off\460209ac_nohash_0.wav,0.001730
C:\Users\miker\wake_word_project\data\negative\no\bbf38549_nohash_1.wav,0.001653
C:\Users\miker\wake_word_project\data\negative\wow\6969e51a_nohash_0.wav,0.000333
C:\Users\miker\wake_word_project\data\negative\bird\772db621_nohash_1.wav,0.000047
C:\Users\miker\wake_word_project\data\negative\six\d1dd03ed_nohash_1.wav,0.018350
C:\Users\miker\wake_word_project\data\negative\up\ace82a68_nohash_1.wav,0.000063
C:\Users\miker\wake_word_project\data\negative\six\763188c4_nohash_0.wav,0.033686
C:\Users\miker\wake_word_project\data\negative\four\079dfce3_nohash_0.wav,0.000632
C:\Users\miker\wake_word_project\data\negative\nine\36050ef3_nohash_1.wav,0.001884
C:\Users\miker\wake_word_project\data\negative\visual\bbc30633_nohash_0.wav,0.020056
C:\Users\miker\wake_word_project\data\negative\go\28ce0c58_nohash_3.wav,0.001175
C:\Users\miker\wake_word_project\data\negative\two\e6327279_nohash_3.wav,0.000305
C:\Users\miker\wake_word_project\data\negative\seven\b84f83d2_nohash_1.wav,0.000513
C:\Users\miker\wake_word_project\data\negative\three\bb6d4301_nohash_3.wav,0.004262
C:\Users\miker\wake_word_project\data\negative\zero\3d794813_nohash_3.wav,0.001582
C:\Users\miker\wake_word_project\data\negative\one\bbf38549_nohash_3.wav,0.001788
C:\Users\miker\wake_word_project\data\negative\two\6904f0cb_nohash_0.wav,0.000277
C:\Users\miker\wake_word_project\data\negative\nine\bbf38549_nohash_0.wav,0.005095
C:\Users\miker\wake_word_project\data\negative\left\4c6944d6_nohash_0.wav,0.006157
C:\Users\miker\wake_word_project\data\negative\tree\da2c5f1b_nohash_1.wav,0.001410
C:\Users\miker\wake_word_project\data\negative\sheila\f34e6f44_nohash_0.wav,0.030936
C:\Users\miker\wake_word_project\data\negative\forward\51c5601d_nohash_2.wav,0.001379
C:\Users\miker\wake_word_project\data\negative\left\173ce2be_nohash_0.wav,0.000767
C:\Users\miker\wake_word_project\data\negative\down\c18d8d00_nohash_0.wav,0.003729
C:\Users\miker\wake_word_project\data\negative\one\92a9c5e6_nohash_0.wav,0.002375
C:\Users\miker\wake_word_project\data\negative\eight\c7e02d9c_nohash_1.wav,0.000095
C:\Users\miker\wake_word_project\data\negative\wow\aa753bb9_nohash_0.wav,0.001493
C:\Users\miker\wake_word_project\data\negative\happy\baf01c1f_nohash_0.wav,0.000803
C:\Users\miker\wake_word_project\data\negative\visual\a04817c2_nohash_2.wav,0.024220
C:\Users\miker\wake_word_project\data\negative\six\0137b3f4_nohash_0.wav,0.007422
C:\Users\miker\wake_word_project\data\negative\yes\8f4c551f_nohash_1.wav,0.000893
C:\Users\miker\wake_word_project\data\negative\forward\821b64cc_nohash_3.wav,0.003335
C:\Users\miker\wake_word_project\data\negative\two\b00dff7e_nohash_0.wav,0.002679
C:\Users\miker\wake_word_project\data\negative\marvin\f2a90886_nohash_0.wav,0.002867
C:\Users\miker\wake_word_project\data\negative\tree\989a2213_nohash_0.wav,0.001275
C:\Users\miker\wake_word_project\data\negative\down\7c83c5f6_nohash_2.wav,0.007865
C:\Users\miker\wake_word_project\data\negative\go\274c008f_nohash_0.wav,0.000779
C:\Users\miker\wake_word_project\data\negative\nine\a2d61879_nohash_0.wav,0.000664
C:\Users\miker\wake_word_project\data\negative\go\30f31e42_nohash_0.wav,0.001892
C:\Users\miker\wake_word_project\data\negative\wow\de4311b9_nohash_0.wav,0.001479
C:\Users\miker\wake_word_project\data\negative\left\8aa35b0c_nohash_0.wav,0.003070
C:\Users\miker\wake_word_project\data\negative\off\d3831f6a_nohash_2.wav,0.001811
C:\Users\miker\wake_word_project\data\negative\zero\5efb758c_nohash_0.wav,0.001392
C:\Users\miker\wake_word_project\data\negative\marvin\b089169d_nohash_0.wav,0.006348
C:\Users\miker\wake_word_project\data\negative\no\2aca1e72_nohash_4.wav,0.000483
C:\Users\miker\wake_word_project\data\negative\happy\dae01802_nohash_0.wav,0.000320
C:\Users\miker\wake_word_project\data\negative\six\eaa83485_nohash_2.wav,0.017989
C:\Users\miker\wake_word_project\data\negative\left\195c120a_nohash_0.wav,0.002170
C:\Users\miker\wake_word_project\data\negative\one\513aeddf_nohash_0.wav,0.000108
C:\Users\miker\wake_word_project\data\negative\eight\6fca237d_nohash_0.wav,0.002684
C:\Users\miker\wake_word_project\data\negative\one\8fe52b97_nohash_0.wav,0.001723
C:\Users\miker\wake_word_project\data\negative\cat\a929f9b9_nohash_0.wav,0.000190
C:\Users\miker\wake_word_project\data\negative\three\9a69672b_nohash_2.wav,0.001027
C:\Users\miker\wake_word_project\data\negative\six\d962e5ac_nohash_1.wav,0.006562
C:\Users\miker\wake_word_project\data\negative\six\bdee441c_nohash_1.wav,0.001195
C:\Users\miker\wake_word_project\data\negative\three\1aeef15e_nohash_2.wav,0.000280
C:\Users\miker\wake_word_project\data\negative\dog\c120e80e_nohash_0.wav,0.000537
C:\Users\miker\wake_word_project\data\negative\four\3108acca_nohash_1.wav,0.000604
C:\Users\miker\wake_word_project\data\negative\right\978240e1_nohash_3.wav,0.008294
C:\Users\miker\wake_word_project\data\negative\eight\837a0f64_nohash_2.wav,0.004947
C:\Users\miker\wake_word_project\data\negative\two\b69002d4_nohash_3.wav,0.000206
C:\Users\miker\wake_word_project\data\negative\no\85851131_nohash_0.wav,0.002075
C:\Users\miker\wake_word_project\data\negative\seven\9385508d_nohash_0.wav,0.001380
C:\Users\miker\wake_word_project\data\negative\left\3b8406c0_nohash_0.wav,0.001133
C:\Users\miker\wake_word_project\data\negative\off\953fe1ad_nohash_1.wav,0.001250
C:\Users\miker\wake_word_project\data\negative\cat\af130f12_nohash_0.wav,0.000216
C:\Users\miker\wake_word_project\data\negative\five\89e59d18_nohash_0.wav,0.000373
C:\Users\miker\wake_word_project\data\negative\five\1b42b551_nohash_0.wav,0.001334
C:\Users\miker\wake_word_project\data\negative\four\63f7a489_nohash_3.wav,0.001770
C:\Users\miker\wake_word_project\data\negative\nine\321aba74_nohash_4.wav,0.005972
C:\Users\miker\wake_word_project\data\negative\off\6f689791_nohash_0.wav,0.000849
C:\Users\miker\wake_word_project\data\negative\six\5f1b1051_nohash_0.wav,0.005389
C:\Users\miker\wake_word_project\data\negative\one\1bb574f9_nohash_1.wav,0.000335
C:\Users\miker\wake_word_project\data\negative\five\4abb2400_nohash_0.wav,0.002710
C:\Users\miker\wake_word_project\data\negative\left\dca2797e_nohash_2.wav,0.000148
C:\Users\miker\wake_word_project\data\negative\up\ee202358_nohash_1.wav,0.000591
C:\Users\miker\wake_word_project\data\negative\forward\3ce4910e_nohash_0.wav,0.014944
C:\Users\miker\wake_word_project\data\negative\zero\122c5aa7_nohash_3.wav,0.002584
C:\Users\miker\wake_word_project\data\negative\down\2dc4f05d_nohash_0.wav,0.000054
C:\Users\miker\wake_word_project\data\negative\right\20fd451f_nohash_4.wav,0.004516
C:\Users\miker\wake_word_project\data\negative\marvin\c33682f0_nohash_0.wav,0.002507
C:\Users\miker\wake_word_project\data\negative\three\7c1d8533_nohash_0.wav,0.000383
C:\Users\miker\wake_word_project\data\negative\follow\f736ab63_nohash_0.wav,0.000100
C:\Users\miker\wake_word_project\data\negative\left\c2dccf38_nohash_2.wav,0.000842
C:\Users\miker\wake_word_project\data\negative\three\9b027ecf_nohash_0.wav,0.003647
C:\Users\miker\wake_word_project\data\negative\cat\ec989d6d_nohash_0.wav,0.000169
C:\Users\miker\wake_word_project\data\negative\backward\6124b431_nohash_3.wav,0.270985
C:\Users\miker\wake_word_project\data\negative\on\eb3f7d82_nohash_2.wav,0.000836
C:\Users\miker\wake_word_project\data\negative\house\a16013b7_nohash_0.wav,0.000594
C:\Users\miker\wake_word_project\data\negative\four\b83c1acf_nohash_0.wav,0.005516
C:\Users\miker\wake_word_project\data\negative\yes\7ff085e1_nohash_1.wav,0.001043
C:\Users\miker\wake_word_project\data\negative\yes\e49428d9_nohash_1.wav,0.000823
C:\Users\miker\wake_word_project\data\negative\follow\42a99aec_nohash_3.wav,0.002115
C:\Users\miker\wake_word_project\data\negative\six\9d7036f9_nohash_0.wav,0.001951
C:\Users\miker\wake_word_project\data\negative\yes\9c06a3f3_nohash_2.wav,0.001100
C:\Users\miker\wake_word_project\data\negative\five\c79159aa_nohash_0.wav,0.001238
C:\Users\miker\wake_word_project\data\negative\right\31e686d2_nohash_0.wav,0.001243
C:\Users\miker\wake_word_project\data\negative\zero\41474817_nohash_0.wav,0.001765
C:\Users\miker\wake_word_project\data\negative\yes\953fe1ad_nohash_3.wav,0.001001
C:\Users\miker\wake_word_project\data\negative\zero\18e910f4_nohash_3.wav,0.001532
C:\Users\miker\wake_word_project\data\negative\down\6d818f6c_nohash_0.wav,0.001243
C:\Users\miker\wake_word_project\data\negative\eight\d278d8ef_nohash_0.wav,0.001667
C:\Users\miker\wake_word_project\data\negative\on\4c7c95de_nohash_0.wav,0.049087
C:\Users\miker\wake_word_project\data\negative\three\92a9c5e6_nohash_0.wav,0.003365
C:\Users\miker\wake_word_project\data\negative\on\264f471d_nohash_0.wav,0.000768
C:\Users\miker\wake_word_project\data\negative\off\3b4f8f24_nohash_3.wav,0.004449
C:\Users\miker\wake_word_project\data\negative\on\238c112c_nohash_0.wav,0.000750
C:\Users\miker\wake_word_project\data\negative\one\c7f9ffb5_nohash_0.wav,0.001106
C:\Users\miker\wake_word_project\data\negative\no\94d370bf_nohash_2.wav,0.000788
C:\Users\miker\wake_word_project\data\negative\backward\5f9cd2eb_nohash_5.wav,0.002183
C:\Users\miker\wake_word_project\data\negative\bird\a1e71565_nohash_0.wav,0.000706
C:\Users\miker\wake_word_project\data\negative\seven\b3327675_nohash_1.wav,0.000976
C:\Users\miker\wake_word_project\data\negative\four\5ebc1cda_nohash_3.wav,0.000350
C:\Users\miker\wake_word_project\data\negative\wow\0cd323ec_nohash_2.wav,0.000912
C:\Users\miker\wake_word_project\data\negative\no\380abbad_nohash_0.wav,0.002193
C:\Users\miker\wake_word_project\data\negative\bed\18f8afd5_nohash_0.wav,0.008167
C:\Users\miker\wake_word_project\data\negative\marvin\1cc80e39_nohash_2.wav,0.011843
C:\Users\miker\wake_word_project\data\negative\yes\58df33b5_nohash_1.wav,0.006926
C:\Users\miker\wake_word_project\data\negative\seven\9bea2ac7_nohash_0.wav,0.000790
C:\Users\miker\wake_word_project\data\negative\four\0ea9c8ce_nohash_1.wav,0.000195
C:\Users\miker\wake_word_project\data\negative\bed\5d9bb361_nohash_0.wav,0.000495
C:\Users\miker\wake_word_project\data\negative\two\978240e1_nohash_2.wav,0.000198
C:\Users\miker\wake_word_project\data\negative\backward\525eaa62_nohash_2.wav,0.000617
C:\Users\miker\wake_word_project\data\negative\three\5087f68b_nohash_1.wav,0.005007
C:\Users\miker\wake_word_project\data\negative\wow\39c13eed_nohash_1.wav,0.000632
C:\Users\miker\wake_word_project\data\negative\happy\1b4c9b89_nohash_0.wav,0.118623
C:\Users\miker\wake_word_project\data\negative\go\47565088_nohash_0.wav,0.000304
C:\Users\miker\wake_word_project\data\negative\up\262d7a03_nohash_0.wav,0.085308
C:\Users\miker\wake_word_project\data\negative\nine\3e31dffe_nohash_3.wav,0.003801
C:\Users\miker\wake_word_project\data\negative\left\b8b8cb52_nohash_2.wav,0.000692
C:\Users\miker\wake_word_project\data\negative\eight\cdfbbe75_nohash_1.wav,0.012226
C:\Users\miker\wake_word_project\data\negative\down\eb0676ec_nohash_1.wav,0.007586
C:\Users\miker\wake_word_project\data\negative\no\964e8cfd_nohash_1.wav,0.000770
C:\Users\miker\wake_word_project\data\negative\right\b0ae6326_nohash_3.wav,0.220462
C:\Users\miker\wake_word_project\data\negative\stop\01bcfc0c_nohash_1.wav,0.000208
C:\Users\miker\wake_word_project\data\negative\left\837a0f64_nohash_0.wav,0.017750
C:\Users\miker\wake_word_project\data\negative\follow\23da904f_nohash_2.wav,0.001107
C:\Users\miker\wake_word_project\data\negative\dog\62ccd358_nohash_0.wav,0.002569
C:\Users\miker\wake_word_project\data\negative\left\3a789a0d_nohash_1.wav,0.002526
C:\Users\miker\wake_word_project\data\negative\learn\f2f0d244_nohash_1.wav,0.004302
C:\Users\miker\wake_word_project\data\negative\one\0e8ec1cb_nohash_0.wav,0.000110
C:\Users\miker\wake_word_project\data\negative\visual\d394ef8e_nohash_3.wav,0.001826
C:\Users\miker\wake_word_project\data\negative\seven\3ce4910e_nohash_4.wav,0.066662
C:\Users\miker\wake_word_project\data\negative\stop\43fc47a7_nohash_2.wav,0.000395
C:\Users\miker\wake_word_project\data\negative\seven\5fe4a278_nohash_0.wav,0.004176
C:\Users\miker\wake_word_project\data\negative\nine\0d53e045_nohash_0.wav,0.000621
C:\Users\miker\wake_word_project\data\negative\on\4c6944d6_nohash_1.wav,0.000294
C:\Users\miker\wake_word_project\data\negative\two\ea0cf37f_nohash_1.wav,0.000265
C:\Users\miker\wake_word_project\data\negative\eight\fa57ab3b_nohash_3.wav,0.001132
C:\Users\miker\wake_word_project\data\negative\nine\324210dd_nohash_3.wav,0.005447
C:\Users\miker\wake_word_project\data\negative\right\3589bc72_nohash_7.wav,0.006142
C:\Users\miker\wake_word_project\data\negative\nine\c1d39ce8_nohash_1.wav,0.005807
C:\Users\miker\wake_word_project\data\negative\yes\2296b1af_nohash_1.wav,0.000131
C:\Users\miker\wake_word_project\data\negative\forward\f2e59fea_nohash_0.wav,0.000015
C:\Users\miker\wake_word_project\data\negative\five\fbb56351_nohash_1.wav,0.000260
C:\Users\miker\wake_word_project\data\negative\bed\6d1dcca6_nohash_1.wav,0.005741
C:\Users\miker\wake_word_project\data\negative\go\5c8af87a_nohash_0.wav,0.000217
C:\Users\miker\wake_word_project\data\negative\go\37fc5d97_nohash_0.wav,0.001843
C:\Users\miker\wake_word_project\data\negative\visual\ca4912b6_nohash_2.wav,0.006899
C:\Users\miker\wake_word_project\data\negative\eight\e53139ad_nohash_4.wav,0.000016
C:\Users\miker\wake_word_project\data\negative\four\c692524d_nohash_0.wav,0.000675
C:\Users\miker\wake_word_project\data\negative\wow\421ed23f_nohash_0.wav,0.001458
C:\Users\miker\wake_word_project\data\negative\stop\0d90d8e1_nohash_0.wav,0.001001
C:\Users\miker\wake_word_project\data\negative\right\b91b718c_nohash_2.wav,0.000905
C:\Users\miker\wake_word_project\data\negative\follow\4c6944d6_nohash_1.wav,0.000378
C:\Users\miker\wake_word_project\data\negative\eight\a2d61879_nohash_0.wav,0.000021
C:\Users\miker\wake_word_project\data\negative\no\0132a06d_nohash_3.wav,0.003246
C:\Users\miker\wake_word_project\data\negative\up\c50f55b8_nohash_6.wav,0.000175
C:\Users\miker\wake_word_project\data\negative\zero\813b82a6_nohash_1.wav,0.003992
C:\Users\miker\wake_word_project\data\negative\bird\9beccfc8_nohash_0.wav,0.001677
C:\Users\miker\wake_word_project\data\negative\no\4beff0c5_nohash_0.wav,0.000048
C:\Users\miker\wake_word_project\data\negative\three\cb2929ce_nohash_5.wav,0.002802
C:\Users\miker\wake_word_project\data\negative\happy\8b25410a_nohash_0.wav,0.001276
C:\Users\miker\wake_word_project\data\negative\yes\d0745d72_nohash_0.wav,0.000195
C:\Users\miker\wake_word_project\data\negative\seven\b91b718c_nohash_2.wav,0.000899
C:\Users\miker\wake_word_project\data\negative\three\2fee065a_nohash_1.wav,0.000333
C:\Users\miker\wake_word_project\data\negative\cat\520e8c0e_nohash_0.wav,0.000984
C:\Users\miker\wake_word_project\data\negative\stop\30aabd44_nohash_0.wav,0.000729
C:\Users\miker\wake_word_project\data\negative\cat\4422e51d_nohash_1.wav,0.000282
C:\Users\miker\wake_word_project\data\negative\two\1496195a_nohash_2.wav,0.004509
C:\Users\miker\wake_word_project\data\negative\eight\196e84b7_nohash_0.wav,0.003732
C:\Users\miker\wake_word_project\data\negative\tree\87c62767_nohash_0.wav,0.001024
C:\Users\miker\wake_word_project\data\negative\bed\789e4ee7_nohash_0.wav,0.001165
C:\Users\miker\wake_word_project\data\negative\cat\4a803e67_nohash_1.wav,0.000147
C:\Users\miker\wake_word_project\data\negative\up\03431e13_nohash_0.wav,0.000025
C:\Users\miker\wake_word_project\data\negative\eight\5fadb538_nohash_1.wav,0.000775
C:\Users\miker\wake_word_project\data\negative\on\ac899eb7_nohash_0.wav,0.003901
C:\Users\miker\wake_word_project\data\negative\no\76e53db9_nohash_0.wav,0.000414
C:\Users\miker\wake_word_project\data\negative\sheila\3efa7ec4_nohash_0.wav,0.000720
C:\Users\miker\wake_word_project\data\negative\happy\59c3a7f2_nohash_0.wav,0.001986
C:\Users\miker\wake_word_project\data\negative\one\b41a92a3_nohash_0.wav,0.001035
C:\Users\miker\wake_word_project\data\negative\up\7192fddc_nohash_0.wav,0.000306
C:\Users\miker\wake_word_project\data\negative\five\9f6fbdb4_nohash_0.wav,0.053993
C:\Users\miker\wake_word_project\data\negative\four\953fe1ad_nohash_0.wav,0.000528
C:\Users\miker\wake_word_project\data\negative\up\333d7ddb_nohash_3.wav,0.001248
C:\Users\miker\wake_word_project\data\negative\two\df038de4_nohash_0.wav,0.000377
C:\Users\miker\wake_word_project\data\negative\three\721f767c_nohash_0.wav,0.003100
C:\Users\miker\wake_word_project\data\negative\backward\bde0f20a_nohash_1.wav,0.000287
C:\Users\miker\wake_word_project\data\negative\left\54b6d355_nohash_2.wav,0.000007
C:\Users\miker\wake_word_project\data\negative\off\d98dd124_nohash_3.wav,0.000544
C:\Users\miker\wake_word_project\data\negative\two\113b3fbc_nohash_0.wav,0.000634
C:\Users\miker\wake_word_project\data\negative\down\da584bc0_nohash_1.wav,0.000342
C:\Users\miker\wake_word_project\data\negative\two\18d84076_nohash_0.wav,0.006503
C:\Users\miker\wake_word_project\data\negative\seven\3d53244b_nohash_0.wav,0.000354
C:\Users\miker\wake_word_project\data\negative\house\69a1a79f_nohash_0.wav,0.002015
C:\Users\miker\wake_word_project\data\negative\three\2b715941_nohash_0.wav,0.001854
C:\Users\miker\wake_word_project\data\negative\stop\9886d8bf_nohash_3.wav,0.014448
C:\Users\miker\wake_word_project\data\negative\five\19e98e89_nohash_0.wav,0.000787
C:\Users\miker\wake_word_project\data\negative\off\c692524d_nohash_2.wav,0.000510
C:\Users\miker\wake_word_project\data\negative\down\fafe8101_nohash_0.wav,0.000713
C:\Users\miker\wake_word_project\data\negative\right\f4f59743_nohash_0.wav,0.000722
C:\Users\miker\wake_word_project\data\negative\visual\171edea9_nohash_2.wav,0.003923
C:\Users\miker\wake_word_project\data\negative\stop\fd5ccd39_nohash_0.wav,0.009474
C:\Users\miker\wake_word_project\data\negative\eight\6f342826_nohash_0.wav,0.003714
C:\Users\miker\wake_word_project\data\negative\learn\40738a2d_nohash_2.wav,0.001453
C:\Users\miker\wake_word_project\data\negative\eight\4e6902d0_nohash_3.wav,0.000257
C:\Users\miker\wake_word_project\data\negative\zero\3cc595de_nohash_2.wav,0.004087
C:\Users\miker\wake_word_project\data\negative\eight\07ad9b59_nohash_0.wav,0.000906
C:\Users\miker\wake_word_project\data\negative\right\7d6b4b10_nohash_1.wav,0.001463
C:\Users\miker\wake_word_project\data\negative\four\569455ff_nohash_2.wav,0.000272
C:\Users\miker\wake_word_project\data\negative\stop\b66f4f93_nohash_5.wav,0.002930
C:\Users\miker\wake_word_project\data\negative\four\6078eb0d_nohash_2.wav,0.000556
C:\Users\miker\wake_word_project\data\negative\zero\0a196374_nohash_2.wav,0.000890
C:\Users\miker\wake_word_project\data\negative\Hey__Magis_wrong_ways_to_say\Recording (2).wav,0.970346
C:\Users\miker\wake_word_project\data\negative\seven\57376a4c_nohash_1.wav,0.106392
C:\Users\miker\wake_word_project\data\negative\four\7014b07e_nohash_0.wav,0.001337
C:\Users\miker\wake_word_project\data\negative\nine\b7a0754f_nohash_1.wav,0.000712
C:\Users\miker\wake_word_project\data\negative\up\813b82a6_nohash_0.wav,0.000234
C:\Users\miker\wake_word_project\data\negative\off\73f20b00_nohash_0.wav,0.004757
C:\Users\miker\wake_word_project\data\negative\left\23da904f_nohash_4.wav,0.075639
C:\Users\miker\wake_word_project\data\negative\five\d85270c1_nohash_1.wav,0.001024
C:\Users\miker\wake_word_project\data\negative\bird\bb31b82b_nohash_2.wav,0.000796
C:\Users\miker\wake_word_project\data\negative\sheila\4d0d9906_nohash_0.wav,0.000354
C:\Users\miker\wake_word_project\data\negative\right\6fb3d5a7_nohash_3.wav,0.000827
C:\Users\miker\wake_word_project\data\negative\four\a9b574b3_nohash_1.wav,0.000930
C:\Users\miker\wake_word_project\data\negative\two\f568162b_nohash_3.wav,0.000266
C:\Users\miker\wake_word_project\data\negative\one\e20be42a_nohash_0.wav,0.000720
C:\Users\miker\wake_word_project\data\negative\marvin\a591c2ea_nohash_0.wav,0.004436
C:\Users\miker\wake_word_project\data\negative\go\964e8cfd_nohash_4.wav,0.001939
C:\Users\miker\wake_word_project\data\negative\backward\333d7ddb_nohash_3.wav,0.002120
C:\Users\miker\wake_word_project\data\negative\bed\004ae714_nohash_0.wav,0.000909
C:\Users\miker\wake_word_project\data\negative\two\66aa0f29_nohash_1.wav,0.010612
C:\Users\miker\wake_word_project\data\negative\down\76424fa5_nohash_0.wav,0.000477
C:\Users\miker\wake_word_project\data\negative\eight\2e30f9a5_nohash_0.wav,0.003151
C:\Users\miker\wake_word_project\data\negative\six\89947bd7_nohash_1.wav,0.008100
C:\Users\miker\wake_word_project\data\negative\two\513aeddf_nohash_4.wav,0.000272
C:\Users\miker\wake_word_project\data\negative\right\5d9bb361_nohash_0.wav,0.001313
C:\Users\miker\wake_word_project\data\negative\five\7dc95912_nohash_1.wav,0.001612
C:\Users\miker\wake_word_project\data\negative\down\834f03fe_nohash_2.wav,0.000242
C:\Users\miker\wake_word_project\data\negative\zero\173e6bbf_nohash_1.wav,0.013786
C:\Users\miker\wake_word_project\data\negative\right\f5733968_nohash_0.wav,0.001747
C:\Users\miker\wake_word_project\data\negative\dog\f68160c0_nohash_0.wav,0.002178
C:\Users\miker\wake_word_project\data\negative\visual\7c83c5f6_nohash_1.wav,0.013350
C:\Users\miker\wake_word_project\data\negative\down\dca2797e_nohash_3.wav,0.000044
C:\Users\miker\wake_word_project\data\negative\happy\8dc26a15_nohash_1.wav,0.026852
C:\Users\miker\wake_word_project\data\negative\three\ef77b778_nohash_1.wav,0.000413
C:\Users\miker\wake_word_project\data\negative\go\726382d6_nohash_1.wav,0.000434
C:\Users\miker\wake_word_project\data\negative\one\15dd287d_nohash_3.wav,0.001168
C:\Users\miker\wake_word_project\data\negative\left\29229c21_nohash_0.wav,0.006766
C:\Users\miker\wake_word_project\data\negative\house\0d393936_nohash_0.wav,0.000534
C:\Users\miker\wake_word_project\data\negative\one\559bc36a_nohash_2.wav,0.000622
C:\Users\miker\wake_word_project\data\negative\cat\6c429c7b_nohash_0.wav,0.000031
C:\Users\miker\wake_word_project\data\negative\down\cfde27ba_nohash_0.wav,0.006337
C:\Users\miker\wake_word_project\data\negative\follow\cc3b5b62_nohash_0.wav,0.001074
C:\Users\miker\wake_word_project\data\negative\bird\bc065a17_nohash_0.wav,0.000164
C:\Users\miker\wake_word_project\data\negative\learn\efc5e569_nohash_0.wav,0.000334
C:\Users\miker\wake_word_project\data\negative\nine\c98bbbd3_nohash_1.wav,0.004740
C:\Users\miker\wake_word_project\data\negative\zero\cb2929ce_nohash_0.wav,0.009136
C:\Users\miker\wake_word_project\data\negative\two\9785931e_nohash_0.wav,0.000177
C:\Users\miker\wake_word_project\data\negative\left\bdd22e4d_nohash_3.wav,0.051259
C:\Users\miker\wake_word_project\data\negative\on\08ab231c_nohash_3.wav,0.003258
C:\Users\miker\wake_word_project\data\negative\wow\86402da1_nohash_0.wav,0.000835
C:\Users\miker\wake_word_project\data\negative\eight\611d2b50_nohash_0.wav,0.004841
C:\Users\miker\wake_word_project\data\negative\down\ad63d93c_nohash_4.wav,0.000170
C:\Users\miker\wake_word_project\data\negative\yes\63f7a489_nohash_2.wav,0.006172
C:\Users\miker\wake_word_project\data\negative\cat\234d6a48_nohash_0.wav,0.000897
C:\Users\miker\wake_word_project\data\negative\five\235b444f_nohash_3.wav,0.000033
C:\Users\miker\wake_word_project\data\negative\two\1eddce1d_nohash_1.wav,0.002249
C:\Users\miker\wake_word_project\data\negative\tree\1338a799_nohash_0.wav,0.004379
C:\Users\miker\wake_word_project\data\negative\marvin\85834399_nohash_1.wav,0.012670
C:\Users\miker\wake_word_project\data\negative\nine\b5552931_nohash_0.wav,0.001204
C:\Users\miker\wake_word_project\data\negative\on\6d0ad764_nohash_2.wav,0.000042
C:\Users\miker\wake_word_project\data\negative\three\23ad12d8_nohash_0.wav,0.000703
C:\Users\miker\wake_word_project\data\negative\house\4e8c5516_nohash_0.wav,0.000546
C:\Users\miker\wake_word_project\data\negative\wow\31e686d2_nohash_0.wav,0.000628
C:\Users\miker\wake_word_project\data\negative\down\9e92ef0c_nohash_3.wav,0.001690
C:\Users\miker\wake_word_project\data\negative\no\32ad5b65_nohash_4.wav,0.002216
C:\Users\miker\wake_word_project\data\negative\nine\324210dd_nohash_2.wav,0.007667
C:\Users\miker\wake_word_project\data\negative\forward\7d6b4b10_nohash_3.wav,0.008156
C:\Users\miker\wake_word_project\data\negative\eight\4c6167ca_nohash_8.wav,0.001097
C:\Users\miker\wake_word_project\data\negative\off\25e95412_nohash_1.wav,0.000567
C:\Users\miker\wake_word_project\data\negative\off\22296dbe_nohash_2.wav,0.000378
C:\Users\miker\wake_word_project\data\negative\one\13dce503_nohash_0.wav,0.002296
C:\Users\miker\wake_word_project\data\negative\house\85ac0c1b_nohash_1.wav,0.000552
C:\Users\miker\wake_word_project\data\negative\no\a8ee11c7_nohash_0.wav,0.000554
C:\Users\miker\wake_word_project\data\negative\up\05739450_nohash_0.wav,0.000445
C:\Users\miker\wake_word_project\data\negative\one\cce7416f_nohash_9.wav,0.008358
C:\Users\miker\wake_word_project\data\negative\zero\be7a5b2d_nohash_4.wav,0.000462
C:\Users\miker\wake_word_project\data\negative\off\e0ff1e9c_nohash_0.wav,0.001923
C:\Users\miker\wake_word_project\data\negative\tree\305776dd_nohash_0.wav,0.001467
C:\Users\miker\wake_word_project\data\negative\zero\ab00c4b2_nohash_0.wav,0.001837
C:\Users\miker\wake_word_project\data\negative\follow\1fc04a13_nohash_1.wav,0.001044
C:\Users\miker\wake_word_project\data\negative\eight\4407ba92_nohash_0.wav,0.003658
C:\Users\miker\wake_word_project\data\negative\eight\f0522ff4_nohash_1.wav,0.007596
C:\Users\miker\wake_word_project\data\negative\visual\b76f6088_nohash_3.wav,0.001410
C:\Users\miker\wake_word_project\data\negative\cat\f4504600_nohash_1.wav,0.000239
C:\Users\miker\wake_word_project\data\negative\five\cd671b5f_nohash_1.wav,0.000603
C:\Users\miker\wake_word_project\data\negative\down\f2898d06_nohash_3.wav,0.000552
C:\Users\miker\wake_word_project\data\negative\off\b0f24c9b_nohash_0.wav,0.000608
C:\Users\miker\wake_word_project\data\negative\stop\179a61b7_nohash_3.wav,0.014409
C:\Users\miker\wake_word_project\data\negative\one\f2f0d244_nohash_0.wav,0.000193
C:\Users\miker\wake_word_project\data\negative\zero\ceaadb24_nohash_0.wav,0.008619
C:\Users\miker\wake_word_project\data\negative\six\59c3a7f2_nohash_0.wav,0.003016
C:\Users\miker\wake_word_project\data\negative\two\a6d586b7_nohash_0.wav,0.002388
C:\Users\miker\wake_word_project\data\negative\on\72242187_nohash_2.wav,0.002758
C:\Users\miker\wake_word_project\data\negative\forward\54ad8f22_nohash_3.wav,0.002154
C:\Users\miker\wake_word_project\data\negative\stop\c948d727_nohash_0.wav,0.028243
C:\Users\miker\wake_word_project\data\negative\no\7211390b_nohash_3.wav,0.001572
C:\Users\miker\wake_word_project\data\negative\zero\1496195a_nohash_2.wav,0.005890
C:\Users\miker\wake_word_project\data\negative\nine\bd2db1a5_nohash_0.wav,0.001261
C:\Users\miker\wake_word_project\data\negative\stop\c948d727_nohash_4.wav,0.009065
C:\Users\miker\wake_word_project\data\negative\bird\10467b06_nohash_1.wav,0.001491
C:\Users\miker\wake_word_project\data\negative\two\d278d8ef_nohash_4.wav,0.001349
C:\Users\miker\wake_word_project\data\negative\visual\cb72dfb6_nohash_0.wav,0.005932
C:\Users\miker\wake_word_project\data\negative\eight\dea820ce_nohash_4.wav,0.005729
C:\Users\miker\wake_word_project\data\negative\one\f618568f_nohash_0.wav,0.001890
C:\Users\miker\wake_word_project\data\negative\right\24a3e589_nohash_0.wav,0.002634
C:\Users\miker\wake_word_project\data\negative\eight\42f81601_nohash_3.wav,0.003845
C:\Users\miker\wake_word_project\data\negative\off\837a0f64_nohash_0.wav,0.006279
C:\Users\miker\wake_word_project\data\negative\on\893705bb_nohash_1.wav,0.001752
C:\Users\miker\wake_word_project\data\negative\cat\24c9f572_nohash_0.wav,0.000514
C:\Users\miker\wake_word_project\data\negative\dog\3efef882_nohash_0.wav,0.000388
C:\Users\miker\wake_word_project\data\negative\happy\ee4a907f_nohash_0.wav,0.000088
C:\Users\miker\wake_word_project\data\negative\tree\a4e8a997_nohash_1.wav,0.003469
C:\Users\miker\wake_word_project\data\negative\left\ca4d5368_nohash_2.wav,0.001240
C:\Users\miker\wake_word_project\data\negative\two\a19a0225_nohash_0.wav,0.002537
C:\Users\miker\wake_word_project\data\negative\seven\64e48f55_nohash_1.wav,0.001761
C:\Users\miker\wake_word_project\data\negative\yes\b69002d4_nohash_3.wav,0.016331
C:\Users\miker\wake_word_project\data\negative\wow\d2f4f431_nohash_0.wav,0.002702
C:\Users\miker\wake_word_project\data\negative\visual\81332c92_nohash_2.wav,0.012980
C:\Users\miker\wake_word_project\data\negative\six\3565ca83_nohash_0.wav,0.002196
C:\Users\miker\wake_word_project\data\negative\go\352ffbe3_nohash_0.wav,0.001548
C:\Users\miker\wake_word_project\data\negative\two\587f3271_nohash_0.wav,0.000524
C:\Users\miker\wake_word_project\data\negative\nine\106a6183_nohash_2.wav,0.001311
C:\Users\miker\wake_word_project\data\negative\seven\34ba417a_nohash_0.wav,0.017507
C:\Users\miker\wake_word_project\data\negative\seven\57152045_nohash_3.wav,0.003389
C:\Users\miker\wake_word_project\data\negative\two\f5733968_nohash_3.wav,0.000178
C:\Users\miker\wake_word_project\data\negative\up\63f7a489_nohash_3.wav,0.001152
C:\Users\miker\wake_word_project\data\negative\three\02ade946_nohash_4.wav,0.000577
C:\Users\miker\wake_word_project\data\negative\down\afe0b87d_nohash_0.wav,0.001427
C:\Users\miker\wake_word_project\data\negative\on\42ccb57a_nohash_0.wav,0.000220
C:\Users\miker\wake_word_project\data\negative\two\11860c84_nohash_0.wav,0.000056
C:\Users\miker\wake_word_project\data\negative\visual\bcf614a2_nohash_2.wav,0.019388
C:\Users\miker\wake_word_project\data\negative\happy\1942abd7_nohash_0.wav,0.001449
C:\Users\miker\wake_word_project\data\negative\one\edd8bfe3_nohash_0.wav,0.000275
C:\Users\miker\wake_word_project\data\negative\nine\4e8c5516_nohash_0.wav,0.001765
C:\Users\miker\wake_word_project\data\negative\two\2296b1af_nohash_0.wav,0.000071
C:\Users\miker\wake_word_project\data\negative\two\9448c397_nohash_2.wav,0.003607
C:\Users\miker\wake_word_project\data\negative\three\d278d8ef_nohash_1.wav,0.001546
C:\Users\miker\wake_word_project\data\negative\no\a1cf7fd8_nohash_1.wav,0.000418
C:\Users\miker\wake_word_project\data\negative\five\7846fd85_nohash_0.wav,0.002617
C:\Users\miker\wake_word_project\data\negative\sheila\f5733968_nohash_0.wav,0.001254
C:\Users\miker\wake_word_project\data\negative\stop\d4dddb92_nohash_0.wav,0.002058
C:\Users\miker\wake_word_project\data\negative\backward\f01a0d63_nohash_1.wav,0.003666
C:\Users\miker\wake_word_project\data\negative\three\e805a617_nohash_1.wav,0.001701
C:\Users\miker\wake_word_project\data\negative\five\bc999754_nohash_0.wav,0.000195
C:\Users\miker\wake_word_project\data\negative\right\c120e80e_nohash_2.wav,0.003099
C:\Users\miker\wake_word_project\data\negative\one\8494fba8_nohash_1.wav,0.001219
C:\Users\miker\wake_word_project\data\negative\right\6a861f21_nohash_0.wav,0.000255
C:\Users\miker\wake_word_project\data\negative\follow\042a8dde_nohash_2.wav,0.000410
C:\Users\miker\wake_word_project\data\negative\dog\f4cae173_nohash_0.wav,0.002787
C:\Users\miker\wake_word_project\data\negative\yes\2c6d3924_nohash_0.wav,0.011980
C:\Users\miker\wake_word_project\data\negative\right\418e7158_nohash_3.wav,0.001029
C:\Users\miker\wake_word_project\data\negative\marvin\01b4757a_nohash_0.wav,0.000509
C:\Users\miker\wake_word_project\data\negative\go\c9b5ff26_nohash_1.wav,0.000441
C:\Users\miker\wake_word_project\data\negative\marvin\ab00c4b2_nohash_0.wav,0.003031
C:\Users\miker\wake_word_project\data\negative\cat\7096522d_nohash_0.wav,0.000886
C:\Users\miker\wake_word_project\data\negative\right\cb5d2c6e_nohash_1.wav,0.002215
C:\Users\miker\wake_word_project\data\negative\go\2aca1e72_nohash_0.wav,0.000593
C:\Users\miker\wake_word_project\data\negative\sheila\71e6ab20_nohash_1.wav,0.004696
C:\Users\miker\wake_word_project\data\negative\no\67fcdb05_nohash_0.wav,0.006258
C:\Users\miker\wake_word_project\data\negative\off\3a929277_nohash_3.wav,0.000213
C:\Users\miker\wake_word_project\data\negative\go\9a69672b_nohash_4.wav,0.001910
C:\Users\miker\wake_word_project\data\negative\down\1df483c0_nohash_0.wav,0.005592
C:\Users\miker\wake_word_project\data\negative\one\28497c5b_nohash_0.wav,0.004352
C:\Users\miker\wake_word_project\data\negative\on\ab5ae445_nohash_0.wav,0.000283
C:\Users\miker\wake_word_project\data\negative\six\81332c92_nohash_2.wav,0.002491
C:\Users\miker\wake_word_project\data\negative\on\c93d5e22_nohash_1.wav,0.000167
C:\Users\miker\wake_word_project\data\negative\down\6cf5459b_nohash_1.wav,0.000288
C:\Users\miker\wake_word_project\data\negative\right\8494fba8_nohash_0.wav,0.004238
C:\Users\miker\wake_word_project\data\negative\on\c120e80e_nohash_5.wav,0.002110
C:\Users\miker\wake_word_project\data\negative\left\da040491_nohash_4.wav,0.001027
C:\Users\miker\wake_word_project\data\negative\eight\789e4ee7_nohash_1.wav,0.001819
C:\Users\miker\wake_word_project\data\negative\wow\f1b35ace_nohash_0.wav,0.003701
C:\Users\miker\wake_word_project\data\negative\tree\84d1e469_nohash_1.wav,0.000989
C:\Users\miker\wake_word_project\data\negative\bed\5a3712c9_nohash_0.wav,0.000109
C:\Users\miker\wake_word_project\data\negative\down\ea1f888c_nohash_0.wav,0.035808
C:\Users\miker\wake_word_project\data\negative\off\3b853f44_nohash_1.wav,0.000827
C:\Users\miker\wake_word_project\data\negative\off\8d5e1dc0_nohash_0.wav,0.011158
C:\Users\miker\wake_word_project\data\negative\bird\80b8eab4_nohash_1.wav,0.000319
C:\Users\miker\wake_word_project\data\negative\sheila\e1469561_nohash_0.wav,0.002250
C:\Users\miker\wake_word_project\data\negative\sheila\5d4e3bb8_nohash_1.wav,0.009767
C:\Users\miker\wake_word_project\data\negative\backward\042a8dde_nohash_3.wav,0.002240
C:\Users\miker\wake_word_project\data\negative\down\893705bb_nohash_5.wav,0.001060
C:\Users\miker\wake_word_project\data\negative\zero\7eee5973_nohash_1.wav,0.000282
C:\Users\miker\wake_word_project\data\negative\stop\8a0457c9_nohash_0.wav,0.001990
C:\Users\miker\wake_word_project\data\negative\three\0d393936_nohash_1.wav,0.000343
C:\Users\miker\wake_word_project\data\negative\three\b5aacf2c_nohash_0.wav,0.000938
C:\Users\miker\wake_word_project\data\negative\left\7318280c_nohash_0.wav,0.001030
C:\Users\miker\wake_word_project\data\negative\right\d8521ea0_nohash_0.wav,0.004230
C:\Users\miker\wake_word_project\data\negative\six\1ecfb537_nohash_4.wav,0.001649
C:\Users\miker\wake_word_project\data\negative\four\a19a0225_nohash_0.wav,0.000444
C:\Users\miker\wake_word_project\data\negative\tree\9beccfc8_nohash_0.wav,0.000513
C:\Users\miker\wake_word_project\data\negative\two\650daf8e_nohash_1.wav,0.000259
C:\Users\miker\wake_word_project\data\negative\one\10ace7eb_nohash_4.wav,0.001349
C:\Users\miker\wake_word_project\data\negative\nine\23da904f_nohash_2.wav,0.006947
C:\Users\miker\wake_word_project\data\negative\nine\e54a0f16_nohash_1.wav,0.000836
C:\Users\miker\wake_word_project\data\negative\cat\b11a05d2_nohash_0.wav,0.001751
C:\Users\miker\wake_word_project\data\negative\go\2ce7534c_nohash_1.wav,0.000073
C:\Users\miker\wake_word_project\data\negative\on\ff4ed4f3_nohash_2.wav,0.003793
C:\Users\miker\wake_word_project\data\negative\marvin\bb6d4301_nohash_0.wav,0.001295
C:\Users\miker\wake_word_project\data\negative\six\0b7ee1a0_nohash_3.wav,0.003855
C:\Users\miker\wake_word_project\data\negative\yes\b63fea9e_nohash_0.wav,0.010608
C:\Users\miker\wake_word_project\data\negative\three\14775481_nohash_0.wav,0.001874
C:\Users\miker\wake_word_project\data\negative\stop\64a80906_nohash_0.wav,0.000254
C:\Users\miker\wake_word_project\data\negative\one\a929f9b9_nohash_1.wav,0.000402
C:\Users\miker\wake_word_project\data\negative\up\f568162b_nohash_2.wav,0.003564
C:\Users\miker\wake_word_project\data\negative\tree\d0fb9ff4_nohash_0.wav,0.005482
C:\Users\miker\wake_word_project\data\negative\nine\e4be0cf6_nohash_2.wav,0.000518
C:\Users\miker\wake_word_project\data\negative\up\f01a0d63_nohash_3.wav,0.003272
C:\Users\miker\wake_word_project\data\negative\on\efa16ffd_nohash_2.wav,0.001239
C:\Users\miker\wake_word_project\data\negative\down\c0445658_nohash_3.wav,0.000013
C:\Users\miker\wake_word_project\data\negative\yes\6c6aa323_nohash_0.wav,0.000337
C:\Users\miker\wake_word_project\data\negative\tree\f19279c4_nohash_0.wav,0.002227
C:\Users\miker\wake_word_project\data\negative\go\235b444f_nohash_3.wav,0.000058
C:\Users\miker\wake_word_project\data\negative\backward\2aca1e72_nohash_13.wav,0.000876
C:\Users\miker\wake_word_project\data\negative\nine\274c008f_nohash_0.wav,0.000960
C:\Users\miker\wake_word_project\data\negative\nine\a1e71565_nohash_1.wav,0.016499
C:\Users\miker\wake_word_project\data\negative\three\94d370bf_nohash_1.wav,0.000818
C:\Users\miker\wake_word_project\data\negative\zero\beb458a4_nohash_1.wav,0.042773
C:\Users\miker\wake_word_project\data\negative\left\0474c92a_nohash_1.wav,0.001106
C:\Users\miker\wake_word_project\data\negative\sheila\45864319_nohash_0.wav,0.010916
C:\Users\miker\wake_word_project\data\negative\seven\4c6944d6_nohash_5.wav,0.002709
C:\Users\miker\wake_word_project\data\negative\no\3ce4910e_nohash_0.wav,0.002136
C:\Users\miker\wake_word_project\data\negative\up\7257420c_nohash_0.wav,0.000241
C:\Users\miker\wake_word_project\data\negative\eight\08ab231c_nohash_2.wav,0.000508
C:\Users\miker\wake_word_project\data\negative\cat\22296dbe_nohash_0.wav,0.000442
C:\Users\miker\wake_word_project\data\negative\five\f736ab63_nohash_1.wav,0.000255
C:\Users\miker\wake_word_project\data\negative\right\4bc2c2c5_nohash_1.wav,0.005605
C:\Users\miker\wake_word_project\data\negative\five\324210dd_nohash_1.wav,0.010360
C:\Users\miker\wake_word_project\data\negative\up\f6af2457_nohash_1.wav,0.001251
C:\Users\miker\wake_word_project\data\negative\wow\bfdb9801_nohash_1.wav,0.000238
C:\Users\miker\wake_word_project\data\negative\visual\4c6944d6_nohash_2.wav,0.005269
C:\Users\miker\wake_word_project\data\negative\off\6f7724f5_nohash_1.wav,0.001557
C:\Users\miker\wake_word_project\data\negative\eight\0ea9c8ce_nohash_3.wav,0.000221
C:\Users\miker\wake_word_project\data\negative\happy\7195ffa6_nohash_0.wav,0.001087
C:\Users\miker\wake_word_project\data\negative\stop\c50f55b8_nohash_0.wav,0.000383
C:\Users\miker\wake_word_project\data\negative\four\3bc21161_nohash_0.wav,0.000324
C:\Users\miker\wake_word_project\data\negative\forward\e0c782d5_nohash_2.wav,0.000366
C:\Users\miker\wake_word_project\data\negative\eight\8a744054_nohash_0.wav,0.000222
C:\Users\miker\wake_word_project\data\negative\no\df280250_nohash_0.wav,0.001759
C:\Users\miker\wake_word_project\data\negative\four\ed3c2d05_nohash_0.wav,0.002791
C:\Users\miker\wake_word_project\data\negative\one\18e910f4_nohash_0.wav,0.000632
C:\Users\miker\wake_word_project\data\negative\zero\23da904f_nohash_1.wav,0.002521
C:\Users\miker\wake_word_project\data\negative\up\f6581345_nohash_0.wav,0.001320
C:\Users\miker\wake_word_project\data\negative\nine\0d90d8e1_nohash_1.wav,0.000352
C:\Users\miker\wake_word_project\data\negative\eight\171edea9_nohash_4.wav,0.001795
C:\Users\miker\wake_word_project\data\negative\yes\5d4e3bb8_nohash_0.wav,0.060155
C:\Users\miker\wake_word_project\data\negative\off\a1c63f25_nohash_0.wav,0.002281
C:\Users\miker\wake_word_project\data\negative\cat\300384f0_nohash_2.wav,0.000178
C:\Users\miker\wake_word_project\data\negative\three\8fe67225_nohash_0.wav,0.005939
C:\Users\miker\wake_word_project\data\negative\two\6add0595_nohash_0.wav,0.000116
C:\Users\miker\wake_word_project\data\negative\stop\035de8fe_nohash_0.wav,0.001861
C:\Users\miker\wake_word_project\data\negative\eight\a40c62f1_nohash_0.wav,0.000612
C:\Users\miker\wake_word_project\data\negative\yes\d9ae8983_nohash_1.wav,0.001883
C:\Users\miker\wake_word_project\data\negative\one\1aeef15e_nohash_1.wav,0.000368
C:\Users\miker\wake_word_project\data\negative\tree\e882abb2_nohash_0.wav,0.018366
C:\Users\miker\wake_word_project\data\negative\stop\09a7aa2a_nohash_0.wav,0.000395
C:\Users\miker\wake_word_project\data\negative\right\b66f4f93_nohash_0.wav,0.004300
C:\Users\miker\wake_word_project\data\negative\five\026290a7_nohash_0.wav,0.001754
C:\Users\miker\wake_word_project\data\negative\right\879a2b38_nohash_3.wav,0.005148
C:\Users\miker\wake_word_project\data\negative\backward\578d3efb_nohash_0.wav,0.004906
C:\Users\miker\wake_word_project\data\negative\seven\97cbf436_nohash_1.wav,0.000575
C:\Users\miker\wake_word_project\data\negative\wow\627c0bec_nohash_0.wav,0.002467
C:\Users\miker\wake_word_project\data\negative\cat\51f4d5b0_nohash_0.wav,0.001153
C:\Users\miker\wake_word_project\data\negative\on\42a99aec_nohash_2.wav,0.002190
C:\Users\miker\wake_word_project\data\negative\six\e71a9381_nohash_2.wav,0.030644
C:\Users\miker\wake_word_project\data\negative\zero\2250f5f2_nohash_1.wav,0.001801
C:\Users\miker\wake_word_project\data\negative\follow\fc3ba625_nohash_2.wav,0.000867
C:\Users\miker\wake_word_project\data\negative\up\18d84076_nohash_0.wav,0.000377
C:\Users\miker\wake_word_project\data\negative\six\b0f24c9b_nohash_2.wav,0.007924
C:\Users\miker\wake_word_project\data\negative\follow\b69002d4_nohash_0.wav,0.000253
C:\Users\miker\wake_word_project\data\negative\wow\0ac15fe9_nohash_2.wav,0.000768
C:\Users\miker\wake_word_project\data\negative\eight\cb62dbf1_nohash_1.wav,0.003074
C:\Users\miker\wake_word_project\data\negative\down\f19279c4_nohash_0.wav,0.000710
C:\Users\miker\wake_word_project\data\negative\no\b5cf6ea8_nohash_5.wav,0.000460
C:\Users\miker\wake_word_project\data\negative\tree\d926bb17_nohash_0.wav,0.000731
C:\Users\miker\wake_word_project\data\negative\stop\6969e51a_nohash_1.wav,0.012026
C:\Users\miker\wake_word_project\data\negative\stop\9db2bfe9_nohash_0.wav,0.035936
C:\Users\miker\wake_word_project\data\negative\marvin\1942abd7_nohash_0.wav,0.000352
C:\Users\miker\wake_word_project\data\negative\right\b5cf6ea8_nohash_7.wav,0.004562
C:\Users\miker\wake_word_project\data\negative\no\a045368c_nohash_1.wav,0.000468
C:\Users\miker\wake_word_project\data\negative\off\c50225fa_nohash_3.wav,0.000560
C:\Users\miker\wake_word_project\data\negative\up\1e02ffc5_nohash_1.wav,0.000221
C:\Users\miker\wake_word_project\data\negative\yes\893705bb_nohash_6.wav,0.012316
C:\Users\miker\wake_word_project\data\negative\happy\13d7b8c9_nohash_1.wav,0.003035
C:\Users\miker\wake_word_project\data\negative\house\a24582a0_nohash_0.wav,0.000199
C:\Users\miker\wake_word_project\data\negative\off\0d82fd99_nohash_0.wav,0.000179
C:\Users\miker\wake_word_project\data\negative\nine\332d33b1_nohash_1.wav,0.011553
C:\Users\miker\wake_word_project\data\negative\left\19f9c115_nohash_0.wav,0.001682
C:\Users\miker\wake_word_project\data\negative\on\f1d8a638_nohash_0.wav,0.003964
C:\Users\miker\wake_word_project\data\negative\zero\e71a9381_nohash_0.wav,0.019324
C:\Users\miker\wake_word_project\data\negative\eight\f736ab63_nohash_1.wav,0.000285
C:\Users\miker\wake_word_project\data\negative\five\22296dbe_nohash_1.wav,0.000463
C:\Users\miker\wake_word_project\data\negative\off\90e72357_nohash_3.wav,0.002914
C:\Users\miker\wake_word_project\data\negative\stop\7e6bd776_nohash_2.wav,0.000517
C:\Users\miker\wake_word_project\data\negative\up\5fadb538_nohash_0.wav,0.002903
C:\Users\miker\wake_word_project\data\negative\yes\1496195a_nohash_4.wav,0.002695
C:\Users\miker\wake_word_project\data\negative\right\f9bdf10e_nohash_0.wav,0.001673
C:\Users\miker\wake_word_project\data\negative\left\3ec05c3d_nohash_0.wav,0.000406
C:\Users\miker\wake_word_project\data\negative\sheila\483e2a6f_nohash_0.wav,0.001176
C:\Users\miker\wake_word_project\data\negative\left\c7dc7278_nohash_4.wav,0.002410
C:\Users\miker\wake_word_project\data\negative\up\caf1803e_nohash_0.wav,0.000994
C:\Users\miker\wake_word_project\data\negative\wow\6a27a9bf_nohash_1.wav,0.000825
C:\Users\miker\wake_word_project\data\negative\sheila\a583c5b0_nohash_0.wav,0.001394
C:\Users\miker\wake_word_project\data\negative\three\8910e5ef_nohash_0.wav,0.006120
C:\Users\miker\wake_word_project\data\negative\four\fbdc07bb_nohash_0.wav,0.000370
C:\Users\miker\wake_word_project\data\negative\four\68effe85_nohash_1.wav,0.000412
C:\Users\miker\wake_word_project\data\negative\four\bb05582b_nohash_0.wav,0.001489
C:\Users\miker\wake_word_project\data\negative\three\377e916b_nohash_1.wav,0.000587
C:\Users\miker\wake_word_project\data\negative\up\e2362167_nohash_1.wav,0.000392
C:\Users\miker\wake_word_project\data\negative\learn\f01a0d63_nohash_0.wav,0.003017
C:\Users\miker\wake_word_project\data\negative\two\e900b652_nohash_0.wav,0.002507
C:\Users\miker\wake_word_project\data\negative\nine\4a0e2c16_nohash_1.wav,0.006966
C:\Users\miker\wake_word_project\data\negative\two\6ef407da_nohash_1.wav,0.002058
C:\Users\miker\wake_word_project\data\negative\eight\f19c1390_nohash_3.wav,0.000519
C:\Users\miker\wake_word_project\data\negative\up\c0445658_nohash_4.wav,0.007253
C:\Users\miker\wake_word_project\data\negative\tree\459345ea_nohash_0.wav,0.003183
C:\Users\miker\wake_word_project\data\negative\forward\0d82fd99_nohash_2.wav,0.004388
C:\Users\miker\wake_word_project\data\negative\seven\f798ac78_nohash_2.wav,0.001826
C:\Users\miker\wake_word_project\data\negative\up\2ce7534c_nohash_2.wav,0.000360
C:\Users\miker\wake_word_project\data\negative\three\b0c0197e_nohash_1.wav,0.000474
C:\Users\miker\wake_word_project\data\negative\marvin\1f3bece8_nohash_0.wav,0.002043
C:\Users\miker\wake_word_project\data\negative\up\bfd26d6b_nohash_3.wav,0.001753
C:\Users\miker\wake_word_project\data\negative\eight\5c237956_nohash_0.wav,0.005102
C:\Users\miker\wake_word_project\data\negative\yes\7cbf645a_nohash_1.wav,0.001849
C:\Users\miker\wake_word_project\data\negative\nine\878befa7_nohash_0.wav,0.051378
C:\Users\miker\wake_word_project\data\negative\six\1e9e6bdd_nohash_1.wav,0.000952
C:\Users\miker\wake_word_project\data\negative\one\df6bd83f_nohash_0.wav,0.000408
C:\Users\miker\wake_word_project\data\negative\six\cf8d91cf_nohash_0.wav,0.004335
C:\Users\miker\wake_word_project\data\negative\six\67bdbf56_nohash_1.wav,0.000209
C:\Users\miker\wake_word_project\data\negative\two\3cdecb0b_nohash_1.wav,0.003297
C:\Users\miker\wake_word_project\data\negative\up\bde0f20a_nohash_5.wav,0.000085
C:\Users\miker\wake_word_project\data\negative\off\bbc30633_nohash_1.wav,0.037904
C:\Users\miker\wake_word_project\data\negative\two\81332c92_nohash_4.wav,0.005138
C:\Users\miker\wake_word_project\data\negative\yes\0ff728b5_nohash_3.wav,0.000159
C:\Users\miker\wake_word_project\data\negative\seven\b49caed3_nohash_0.wav,0.021309
C:\Users\miker\wake_word_project\data\negative\learn\8fe67225_nohash_0.wav,0.002239
C:\Users\miker\wake_word_project\data\negative\off\e7ebf59c_nohash_1.wav,0.005534
C:\Users\miker\wake_word_project\data\negative\bed\00f0204f_nohash_0.wav,0.021758
C:\Users\miker\wake_word_project\data\negative\seven\53d5b86f_nohash_0.wav,0.000180
C:\Users\miker\wake_word_project\data\negative\eight\0a2b400e_nohash_1.wav,0.000841
C:\Users\miker\wake_word_project\data\negative\bed\d1a4fb3f_nohash_0.wav,0.000106
C:\Users\miker\wake_word_project\data\negative\no\7f74626f_nohash_0.wav,0.001120
C:\Users\miker\wake_word_project\data\negative\five\5cf1ecce_nohash_1.wav,0.002115
C:\Users\miker\wake_word_project\data\negative\cat\9f7079fe_nohash_3.wav,0.000834
C:\Users\miker\wake_word_project\data\negative\two\5d0ab165_nohash_1.wav,0.000550
C:\Users\miker\wake_word_project\data\negative\cat\d71ad617_nohash_0.wav,0.000167
C:\Users\miker\wake_word_project\data\negative\four\617aeb6c_nohash_2.wav,0.002330
C:\Users\miker\wake_word_project\data\negative\yes\23059a35_nohash_0.wav,0.002839
C:\Users\miker\wake_word_project\data\negative\zero\44c201dd_nohash_0.wav,0.002173
C:\Users\miker\wake_word_project\data\negative\five\dc6e9c04_nohash_0.wav,0.000214
C:\Users\miker\wake_word_project\data\negative\learn\a045368c_nohash_3.wav,0.000481
C:\Users\miker\wake_word_project\data\negative\two\cb2929ce_nohash_8.wav,0.001668
C:\Users\miker\wake_word_project\data\negative\happy\37e8db82_nohash_3.wav,0.000088
C:\Users\miker\wake_word_project\data\negative\five\64df20d8_nohash_3.wav,0.000097
C:\Users\miker\wake_word_project\data\negative\dog\2a89ad5c_nohash_0.wav,0.000295
C:\Users\miker\wake_word_project\data\negative\up\0d82fd99_nohash_0.wav,0.000016
C:\Users\miker\wake_word_project\data\negative\zero\3b195250_nohash_1.wav,0.001320
C:\Users\miker\wake_word_project\data\negative\four\86fa2dcd_nohash_0.wav,0.000777
C:\Users\miker\wake_word_project\data\negative\yes\3c4aa5ef_nohash_1.wav,0.001675
C:\Users\miker\wake_word_project\data\negative\seven\ec989d6d_nohash_1.wav,0.000927
C:\Users\miker\wake_word_project\data\negative\bird\48a8a69d_nohash_2.wav,0.000317
C:\Users\miker\wake_word_project\data\negative\nine\bde0f20a_nohash_0.wav,0.000164
C:\Users\miker\wake_word_project\data\negative\on\f035e2ea_nohash_2.wav,0.000488
C:\Users\miker\wake_word_project\data\negative\down\e882abb2_nohash_4.wav,0.000573
C:\Users\miker\wake_word_project\data\negative\stop\f264e0df_nohash_0.wav,0.000540
C:\Users\miker\wake_word_project\data\negative\two\8a90cf67_nohash_1.wav,0.000463
C:\Users\miker\wake_word_project\data\negative\wow\96a48d28_nohash_0.wav,0.001519
C:\Users\miker\wake_word_project\data\negative\six\1b42b551_nohash_2.wav,0.005849
C:\Users\miker\wake_word_project\data\negative\go\37e8db82_nohash_0.wav,0.000644
C:\Users\miker\wake_word_project\data\negative\wow\becd5a53_nohash_0.wav,0.022524
C:\Users\miker\wake_word_project\data\negative\tree\105e72bb_nohash_0.wav,0.000684
C:\Users\miker\wake_word_project\data\negative\six\172dc2b0_nohash_1.wav,0.005441
C:\Users\miker\wake_word_project\data\negative\no\c08585c1_nohash_3.wav,0.000285
C:\Users\miker\wake_word_project\data\negative\go\b1f8326d_nohash_1.wav,0.000055
C:\Users\miker\wake_word_project\data\negative\right\ef77b778_nohash_4.wav,0.001722
C:\Users\miker\wake_word_project\data\negative\zero\3aa6f4e2_nohash_0.wav,0.003404
C:\Users\miker\wake_word_project\data\negative\zero\aa62fdad_nohash_0.wav,0.002305
C:\Users\miker\wake_word_project\data\negative\zero\b76f6088_nohash_1.wav,0.000792
C:\Users\miker\wake_word_project\data\negative\up\3bfd30e6_nohash_0.wav,0.004106
C:\Users\miker\wake_word_project\data\negative\learn\b308773d_nohash_3.wav,0.002347
C:\Users\miker\wake_word_project\data\negative\up\21cbe292_nohash_0.wav,0.000059
C:\Users\miker\wake_word_project\data\negative\two\28ed6bc9_nohash_2.wav,0.001841
C:\Users\miker\wake_word_project\data\negative\cat\34805883_nohash_0.wav,0.000141
C:\Users\miker\wake_word_project\data\negative\no\8523766b_nohash_0.wav,0.016960
C:\Users\miker\wake_word_project\data\negative\no\b69002d4_nohash_0.wav,0.000116
C:\Users\miker\wake_word_project\data\negative\zero\5f47fdf9_nohash_0.wav,0.002050
C:\Users\miker\wake_word_project\data\negative\two\da27460c_nohash_1.wav,0.002776
C:\Users\miker\wake_word_project\data\negative\left\bd8412df_nohash_0.wav,0.003068
C:\Users\miker\wake_word_project\data\negative\sheila\8c4854bc_nohash_0.wav,0.033921
C:\Users\miker\wake_word_project\data\negative\cat\aa62fdad_nohash_2.wav,0.000280
C:\Users\miker\wake_word_project\data\negative\bed\03c96658_nohash_0.wav,0.004172
C:\Users\miker\wake_word_project\data\negative\wow\d3a18257_nohash_0.wav,0.001263
C:\Users\miker\wake_word_project\data\negative\happy\435f9f9e_nohash_1.wav,0.000970
C:\Users\miker\wake_word_project\data\negative\four\7f9eb952_nohash_2.wav,0.002352
C:\Users\miker\wake_word_project\data\negative\three\1a994c9f_nohash_1.wav,0.002479
C:\Users\miker\wake_word_project\data\negative\zero\20fd451f_nohash_3.wav,0.003129
C:\Users\miker\wake_word_project\data\negative\on\a045368c_nohash_4.wav,0.000495
C:\Users\miker\wake_word_project\data\negative\go\40738a2d_nohash_1.wav,0.001204
C:\Users\miker\wake_word_project\data\negative\three\953fe1ad_nohash_3.wav,0.008577
C:\Users\miker\wake_word_project\data\negative\up\b8874962_nohash_4.wav,0.000338
C:\Users\miker\wake_word_project\data\negative\no\0cb74144_nohash_4.wav,0.002757
C:\Users\miker\wake_word_project\data\negative\yes\4a1e736b_nohash_4.wav,0.066959
C:\Users\miker\wake_word_project\data\negative\six\ffd2ba2f_nohash_2.wav,0.005821
C:\Users\miker\wake_word_project\data\negative\sheila\3367cff6_nohash_1.wav,0.077429
C:\Users\miker\wake_word_project\data\negative\wow\857366dd_nohash_1.wav,0.001192
C:\Users\miker\wake_word_project\data\negative\stop\845f8553_nohash_4.wav,0.004178
C:\Users\miker\wake_word_project\data\negative\four\40115b19_nohash_1.wav,0.000209
C:\Users\miker\wake_word_project\data\negative\yes\f9273a21_nohash_1.wav,0.003887
C:\Users\miker\wake_word_project\data\negative\visual\9a76f8c3_nohash_0.wav,0.001821
C:\Users\miker\wake_word_project\data\negative\four\264f471d_nohash_3.wav,0.019126
C:\Users\miker\wake_word_project\data\negative\left\19f9c115_nohash_1.wav,0.001640
C:\Users\miker\wake_word_project\data\negative\on\cd671b5f_nohash_0.wav,0.001088
C:\Users\miker\wake_word_project\data\negative\forward\042a8dde_nohash_0.wav,0.001402
C:\Users\miker\wake_word_project\data\negative\two\c518d1b1_nohash_0.wav,0.001344
C:\Users\miker\wake_word_project\data\negative\dog\efbb27a6_nohash_0.wav,0.003467
C:\Users\miker\wake_word_project\data\negative\forward\d264f7b6_nohash_1.wav,0.000463
C:\Users\miker\wake_word_project\data\negative\follow\b7e9f841_nohash_2.wav,0.038900
C:\Users\miker\wake_word_project\data\negative\wow\5236848b_nohash_0.wav,0.003428
C:\Users\miker\wake_word_project\data\negative\seven\07de53d3_nohash_0.wav,0.002392
C:\Users\miker\wake_word_project\data\negative\eight\80f056c0_nohash_0.wav,0.001331
C:\Users\miker\wake_word_project\data\negative\no\5ebc1cda_nohash_0.wav,0.000426
C:\Users\miker\wake_word_project\data\negative\bird\cce17a61_nohash_0.wav,0.000791
C:\Users\miker\wake_word_project\data\negative\on\1ed0b13d_nohash_2.wav,0.001340
C:\Users\miker\wake_word_project\data\negative\house\f84762e5_nohash_0.wav,0.001080
C:\Users\miker\wake_word_project\data\negative\sheila\d85270c1_nohash_0.wav,0.004925
C:\Users\miker\wake_word_project\data\negative\house\0f250098_nohash_2.wav,0.000717
C:\Users\miker\wake_word_project\data\negative\eight\da27460c_nohash_4.wav,0.000449
C:\Users\miker\wake_word_project\data\negative\five\dc269564_nohash_1.wav,0.002638
C:\Users\miker\wake_word_project\data\negative\happy\81332c92_nohash_0.wav,0.027142
C:\Users\miker\wake_word_project\data\negative\backward\73f20b00_nohash_2.wav,0.003821
C:\Users\miker\wake_word_project\data\negative\marvin\a55105d0_nohash_0.wav,0.022446
C:\Users\miker\wake_word_project\data\negative\one\679463fc_nohash_2.wav,0.000174
C:\Users\miker\wake_word_project\data\negative\up\b9f46737_nohash_2.wav,0.003810
C:\Users\miker\wake_word_project\data\negative\five\acfd5b5e_nohash_1.wav,0.013227
C:\Users\miker\wake_word_project\data\negative\bird\c33682f0_nohash_1.wav,0.000311
C:\Users\miker\wake_word_project\data\negative\five\a2fefcb4_nohash_0.wav,0.000844
C:\Users\miker\wake_word_project\data\negative\marvin\22cb56b3_nohash_0.wav,0.001535
C:\Users\miker\wake_word_project\data\negative\stop\4995d875_nohash_2.wav,0.002081
C:\Users\miker\wake_word_project\data\negative\cat\7be5a0f3_nohash_1.wav,0.004574
C:\Users\miker\wake_word_project\data\negative\yes\e54a0f16_nohash_1.wav,0.008294
C:\Users\miker\wake_word_project\data\negative\three\40b60ae9_nohash_2.wav,0.002261
C:\Users\miker\wake_word_project\data\negative\stop\eeaf97c3_nohash_0.wav,0.000308
C:\Users\miker\wake_word_project\data\negative\two\13d7b8c9_nohash_0.wav,0.004512
C:\Users\miker\wake_word_project\data\negative\right\39833acb_nohash_2.wav,0.012678
C:\Users\miker\wake_word_project\data\negative\zero\6adb8ad9_nohash_1.wav,0.001757
C:\Users\miker\wake_word_project\data\negative\six\7ea032f3_nohash_0.wav,0.006809
C:\Users\miker\wake_word_project\data\negative\sheila\6c88cf25_nohash_0.wav,0.004039
C:\Users\miker\wake_word_project\data\negative\nine\b8897f1c_nohash_0.wav,0.000766
C:\Users\miker\wake_word_project\data\negative\dog\d8ed3745_nohash_1.wav,0.000162
C:\Users\miker\wake_word_project\data\negative\zero\39543cfd_nohash_1.wav,0.001826
C:\Users\miker\wake_word_project\data\negative\up\a9f38bae_nohash_1.wav,0.000452
C:\Users\miker\wake_word_project\data\negative\left\eb0676ec_nohash_1.wav,0.005099
C:\Users\miker\wake_word_project\data\negative\seven\69a1a79f_nohash_0.wav,0.002336
C:\Users\miker\wake_word_project\data\negative\go\15c563d7_nohash_0.wav,0.001539
C:\Users\miker\wake_word_project\data\negative\forward\91b03183_nohash_3.wav,0.039258
C:\Users\miker\wake_word_project\data\negative\seven\3f45a0cf_nohash_1.wav,0.007931
C:\Users\miker\wake_word_project\data\negative\dog\90e72357_nohash_0.wav,0.001267
C:\Users\miker\wake_word_project\data\negative\zero\4c6167ca_nohash_6.wav,0.000878
C:\Users\miker\wake_word_project\data\negative\right\bd76a7fd_nohash_2.wav,0.003538
C:\Users\miker\wake_word_project\data\negative\five\cd3331a6_nohash_1.wav,0.000654
C:\Users\miker\wake_word_project\data\negative\off\afd53389_nohash_1.wav,0.002353
C:\Users\miker\wake_word_project\data\negative\seven\fb7eb481_nohash_4.wav,0.002131
C:\Users\miker\wake_word_project\data\negative\seven\ca4d5368_nohash_2.wav,0.001755
C:\Users\miker\wake_word_project\data\negative\off\3b852f6f_nohash_0.wav,0.000357
C:\Users\miker\wake_word_project\data\negative\down\953fe1ad_nohash_4.wav,0.000459
C:\Users\miker\wake_word_project\data\negative\nine\6c429c7b_nohash_1.wav,0.000263
C:\Users\miker\wake_word_project\data\negative\go\1e9e6bdd_nohash_4.wav,0.000431
C:\Users\miker\wake_word_project\data\negative\four\d9ae8983_nohash_0.wav,0.000664
C:\Users\miker\wake_word_project\data\negative\two\1ed557b9_nohash_0.wav,0.001131
C:\Users\miker\wake_word_project\data\negative\marvin\b959cd0c_nohash_0.wav,0.005381
C:\Users\miker\wake_word_project\data\negative\marvin\ad1429cf_nohash_0.wav,0.003494
C:\Users\miker\wake_word_project\data\negative\nine\ccca5655_nohash_4.wav,0.010141
C:\Users\miker\wake_word_project\data\negative\left\14c7b073_nohash_2.wav,0.000288
C:\Users\miker\wake_word_project\data\negative\go\0717b9f6_nohash_2.wav,0.000675
C:\Users\miker\wake_word_project\data\negative\yes\35c29afe_nohash_0.wav,0.000149
C:\Users\miker\wake_word_project\data\negative\three\03401e93_nohash_1.wav,0.000256
C:\Users\miker\wake_word_project\data\negative\seven\98ea0818_nohash_0.wav,0.003638
C:\Users\miker\wake_word_project\data\negative\one\b5d1e505_nohash_0.wav,0.005818
C:\Users\miker\wake_word_project\data\negative\six\17c94b23_nohash_1.wav,0.000686
C:\Users\miker\wake_word_project\data\negative\yes\31fd5cf5_nohash_0.wav,0.003386
C:\Users\miker\wake_word_project\data\negative\tree\37fc5d97_nohash_0.wav,0.005365
C:\Users\miker\wake_word_project\data\negative\backward\b5cf6ea8_nohash_8.wav,0.004072
C:\Users\miker\wake_word_project\data\negative\eight\54aecbd5_nohash_1.wav,0.000822
C:\Users\miker\wake_word_project\data\negative\two\50a7d406_nohash_0.wav,0.000480
C:\Users\miker\wake_word_project\data\negative\nine\51055bda_nohash_1.wav,0.001704
C:\Users\miker\wake_word_project\data\negative\on\b66f4f93_nohash_0.wav,0.000982
C:\Users\miker\wake_word_project\data\negative\go\c50f55b8_nohash_1.wav,0.026971
C:\Users\miker\wake_word_project\data\negative\three\dbb7723a_nohash_1.wav,0.002519
C:\Users\miker\wake_word_project\data\negative\stop\de3fe344_nohash_2.wav,0.005746
C:\Users\miker\wake_word_project\data\negative\three\1e412fac_nohash_0.wav,0.000662
C:\Users\miker\wake_word_project\data\negative\go\e11fbc6e_nohash_4.wav,0.000406
C:\Users\miker\wake_word_project\data\negative\bird\c245d3d7_nohash_0.wav,0.002717
C:\Users\miker\wake_word_project\data\negative\marvin\06a79a03_nohash_0.wav,0.008228
C:\Users\miker\wake_word_project\data\negative\no\834f03fe_nohash_4.wav,0.000409
C:\Users\miker\wake_word_project\data\negative\zero\a55105d0_nohash_1.wav,0.059487
C:\Users\miker\wake_word_project\data\negative\eight\472b8045_nohash_3.wav,0.000598
C:\Users\miker\wake_word_project\data\negative\no\a9ca1818_nohash_3.wav,0.000536
C:\Users\miker\wake_word_project\data\negative\happy\9b3ea809_nohash_0.wav,0.003083
C:\Users\miker\wake_word_project\data\negative\seven\e4be0cf6_nohash_0.wav,0.000839
C:\Users\miker\wake_word_project\data\negative\visual\85851131_nohash_0.wav,0.012077
C:\Users\miker\wake_word_project\data\negative\learn\435695e3_nohash_2.wav,0.000789
C:\Users\miker\wake_word_project\data\negative\bed\c9e251d2_nohash_0.wav,0.000306
C:\Users\miker\wake_word_project\data\negative\seven\229978fd_nohash_1.wav,0.011225
C:\Users\miker\wake_word_project\data\negative\yes\cb72dfb6_nohash_1.wav,0.001217
C:\Users\miker\wake_word_project\data\negative\no\48bfde8e_nohash_0.wav,0.000392
C:\Users\miker\wake_word_project\data\negative\seven\0d82fd99_nohash_2.wav,0.000605
C:\Users\miker\wake_word_project\data\negative\right\dabf67d9_nohash_1.wav,0.000175
C:\Users\miker\wake_word_project\data\negative\on\b5cf6ea8_nohash_2.wav,0.002072
C:\Users\miker\wake_word_project\data\negative\right\19a1e5c7_nohash_0.wav,0.000010
C:\Users\miker\wake_word_project\data\negative\bird\ffd2ba2f_nohash_0.wav,0.001512
C:\Users\miker\wake_word_project\data\negative\left\2bd2cad5_nohash_0.wav,0.003104
C:\Users\miker\wake_word_project\data\negative\tree\61d3e51e_nohash_1.wav,0.001343
C:\Users\miker\wake_word_project\data\negative\four\1fc04a13_nohash_2.wav,0.001845
C:\Users\miker\wake_word_project\data\negative\left\fd9c7413_nohash_0.wav,0.001624
C:\Users\miker\wake_word_project\data\negative\seven\099d52ad_nohash_0.wav,0.003232
C:\Users\miker\wake_word_project\data\negative\down\39b5fdab_nohash_0.wav,0.013345
C:\Users\miker\wake_word_project\data\negative\down\b575b5fb_nohash_1.wav,0.006669
C:\Users\miker\wake_word_project\data\negative\follow\2aca1e72_nohash_2.wav,0.000239
C:\Users\miker\wake_word_project\data\negative\yes\e14d3db8_nohash_0.wav,0.001024
C:\Users\miker\wake_word_project\data\negative\seven\cf8d91cf_nohash_0.wav,0.002339
C:\Users\miker\wake_word_project\data\negative\seven\af6fbbf5_nohash_0.wav,0.001993
C:\Users\miker\wake_word_project\data\negative\backward\9a76f8c3_nohash_3.wav,0.002811
C:\Users\miker\wake_word_project\data\negative\three\51c5601d_nohash_3.wav,0.017979
C:\Users\miker\wake_word_project\data\negative\dog\656e8bb3_nohash_0.wav,0.002608
C:\Users\miker\wake_word_project\data\negative\four\c2aeb59d_nohash_0.wav,0.000470
C:\Users\miker\wake_word_project\data\negative\two\5eb5fc74_nohash_1.wav,0.002771
C:\Users\miker\wake_word_project\data\negative\three\6a2fb9a5_nohash_0.wav,0.008133
C:\Users\miker\wake_word_project\data\negative\yes\e4b02540_nohash_1.wav,0.000611
C:\Users\miker\wake_word_project\data\negative\four\d8ee4734_nohash_0.wav,0.002374
C:\Users\miker\wake_word_project\data\negative\two\dbaf8fc6_nohash_0.wav,0.002178
C:\Users\miker\wake_word_project\data\negative\off\f798ac78_nohash_0.wav,0.004434
C:\Users\miker\wake_word_project\data\negative\down\f3cee168_nohash_0.wav,0.001835
C:\Users\miker\wake_word_project\data\negative\four\95ba4996_nohash_0.wav,0.000414
C:\Users\miker\wake_word_project\data\negative\seven\cd85758f_nohash_4.wav,0.000770
C:\Users\miker\wake_word_project\data\negative\up\79b37d3a_nohash_0.wav,0.003814
C:\Users\miker\wake_word_project\data\negative\wow\afbec28d_nohash_0.wav,0.000679
C:\Users\miker\wake_word_project\data\negative\yes\f2898d06_nohash_1.wav,0.000837
C:\Users\miker\wake_word_project\data\negative\on\5ab63b0a_nohash_1.wav,0.001991
C:\Users\miker\wake_word_project\data\negative\tree\0362539c_nohash_1.wav,0.001473
C:\Users\miker\wake_word_project\data\negative\dog\cd671b5f_nohash_0.wav,0.000481
C:\Users\miker\wake_word_project\data\negative\yes\06f6c194_nohash_1.wav,0.006527
C:\Users\miker\wake_word_project\data\negative\two\e3e0f145_nohash_2.wav,0.001280
C:\Users\miker\wake_word_project\data\negative\five\a489191a_nohash_2.wav,0.001577
C:\Users\miker\wake_word_project\data\negative\bed\bca56796_nohash_0.wav,0.000703
C:\Users\miker\wake_word_project\data\negative\one\2903efb3_nohash_0.wav,0.017542
C:\Users\miker\wake_word_project\data\negative\up\f736ab63_nohash_1.wav,0.001281
C:\Users\miker\wake_word_project\data\negative\marvin\b69002d4_nohash_0.wav,0.002875
C:\Users\miker\wake_word_project\data\negative\bird\a50a98d2_nohash_1.wav,0.003509
C:\Users\miker\wake_word_project\data\negative\down\692a88e6_nohash_0.wav,0.041183
C:\Users\miker\wake_word_project\data\negative\dog\dce05676_nohash_1.wav,0.001817
C:\Users\miker\wake_word_project\data\negative\forward\113b3fbc_nohash_0.wav,0.000759
C:\Users\miker\wake_word_project\data\negative\zero\95299b6c_nohash_0.wav,0.025983
C:\Users\miker\wake_word_project\data\negative\happy\4e99c1b7_nohash_0.wav,0.043292
C:\Users\miker\wake_word_project\data\negative\dog\b544d4fd_nohash_0.wav,0.001847
C:\Users\miker\wake_word_project\data\negative\six\91b03183_nohash_3.wav,0.006708
C:\Users\miker\wake_word_project\data\negative\go\553f1a79_nohash_0.wav,0.002030
C:\Users\miker\wake_word_project\data\negative\happy\baeac2ba_nohash_0.wav,0.000237
C:\Users\miker\wake_word_project\data\negative\off\61e2f74f_nohash_3.wav,0.008064
C:\Users\miker\wake_word_project\data\negative\no\bab36420_nohash_1.wav,0.000453
C:\Users\miker\wake_word_project\data\negative\on\e2b7d6d6_nohash_0.wav,0.000062
C:\Users\miker\wake_word_project\data\negative\three\71d0ded4_nohash_1.wav,0.000205
C:\Users\miker\wake_word_project\data\negative\off\4422e51d_nohash_1.wav,0.002796
C:\Users\miker\wake_word_project\data\negative\on\44dad20e_nohash_2.wav,0.004039
C:\Users\miker\wake_word_project\data\negative\left\dcc012ec_nohash_1.wav,0.001498
C:\Users\miker\wake_word_project\data\negative\bed\4bb1244f_nohash_1.wav,0.003186
C:\Users\miker\wake_word_project\data\negative\no\c4cfbe43_nohash_1.wav,0.007870
C:\Users\miker\wake_word_project\data\negative\two\77f185d3_nohash_0.wav,0.000366
C:\Users\miker\wake_word_project\data\negative\eight\742d6431_nohash_2.wav,0.000985
C:\Users\miker\wake_word_project\data\negative\seven\b9cccd01_nohash_0.wav,0.005140
C:\Users\miker\wake_word_project\data\negative\backward\7ce8df21_nohash_0.wav,0.004482
C:\Users\miker\wake_word_project\data\negative\three\d278d8ef_nohash_3.wav,0.000886
C:\Users\miker\wake_word_project\data\negative\three\042a8dde_nohash_2.wav,0.001031
C:\Users\miker\wake_word_project\data\negative\dog\3df9a3d4_nohash_0.wav,0.002275
C:\Users\miker\wake_word_project\data\negative\yes\5184ed3e_nohash_1.wav,0.000906
C:\Users\miker\wake_word_project\data\negative\wow\fc2411fe_nohash_0.wav,0.001374
C:\Users\miker\wake_word_project\data\negative\six\eb0676ec_nohash_1.wav,0.009759
C:\Users\miker\wake_word_project\data\negative\up\66774579_nohash_1.wav,0.002863
C:\Users\miker\wake_word_project\data\negative\dog\d3c2470e_nohash_0.wav,0.000233
C:\Users\miker\wake_word_project\data\negative\nine\b665723d_nohash_0.wav,0.031194
C:\Users\miker\wake_word_project\data\negative\right\ac4b3fc3_nohash_0.wav,0.006633
C:\Users\miker\wake_word_project\data\negative\eight\069ab0d5_nohash_2.wav,0.007895
C:\Users\miker\wake_word_project\data\negative\learn\e0c782d5_nohash_3.wav,0.000202
C:\Users\miker\wake_word_project\data\negative\zero\52162b51_nohash_0.wav,0.006887
C:\Users\miker\wake_word_project\data\negative\two\e10e2cbb_nohash_1.wav,0.004803
C:\Users\miker\wake_word_project\data\negative\left\57152045_nohash_2.wav,0.013635
C:\Users\miker\wake_word_project\data\negative\stop\a1533da4_nohash_0.wav,0.001303
C:\Users\miker\wake_word_project\data\negative\down\616420be_nohash_0.wav,0.001185
C:\Users\miker\wake_word_project\data\negative\yes\a489191a_nohash_3.wav,0.001835
C:\Users\miker\wake_word_project\data\negative\on\6ceeb9aa_nohash_0.wav,0.000250
C:\Users\miker\wake_word_project\data\negative\no\837a0f64_nohash_3.wav,0.000156
C:\Users\miker\wake_word_project\data\negative\no\f30285c8_nohash_0.wav,0.000176
C:\Users\miker\wake_word_project\data\negative\two\08ab231c_nohash_1.wav,0.001023
C:\Users\miker\wake_word_project\data\negative\bird\30a09789_nohash_2.wav,0.000717
C:\Users\miker\wake_word_project\data\negative\one\b00dff7e_nohash_0.wav,0.017932
C:\Users\miker\wake_word_project\data\negative\five\b7a6f709_nohash_2.wav,0.000143
C:\Users\miker\wake_word_project\data\negative\seven\b0f5b16d_nohash_2.wav,0.001588
C:\Users\miker\wake_word_project\data\negative\go\1496195a_nohash_2.wav,0.000372
C:\Users\miker\wake_word_project\data\negative\five\1338a799_nohash_1.wav,0.000583
C:\Users\miker\wake_word_project\data\negative\yes\05b2db80_nohash_1.wav,0.000124
C:\Users\miker\wake_word_project\data\negative\no\cce7416f_nohash_8.wav,0.001349
C:\Users\miker\wake_word_project\data\negative\zero\a9ca1818_nohash_3.wav,0.000635
C:\Users\miker\wake_word_project\data\negative\zero\ae5578f4_nohash_2.wav,0.000921
C:\Users\miker\wake_word_project\data\negative\sheila\235b444f_nohash_0.wav,0.000364
C:\Users\miker\wake_word_project\data\negative\left\211ccd2e_nohash_0.wav,0.000960
C:\Users\miker\wake_word_project\data\negative\three\9712cce0_nohash_1.wav,0.000936
C:\Users\miker\wake_word_project\data\negative\five\5195f0ec_nohash_0.wav,0.000126
C:\Users\miker\wake_word_project\data\negative\left\39afb88e_nohash_1.wav,0.002021
C:\Users\miker\wake_word_project\data\negative\two\9b8a7439_nohash_2.wav,0.000667
C:\Users\miker\wake_word_project\data\negative\zero\9acd0254_nohash_1.wav,0.004098
C:\Users\miker\wake_word_project\data\negative\visual\f5626af6_nohash_1.wav,0.042665
C:\Users\miker\wake_word_project\data\negative\tree\1f653d27_nohash_0.wav,0.005540
C:\Users\miker\wake_word_project\data\negative\no\3852fca2_nohash_0.wav,0.006952
C:\Users\miker\wake_word_project\data\negative\backward\e6327279_nohash_3.wav,0.001360
C:\Users\miker\wake_word_project\data\negative\sheila\a4ca3afe_nohash_0.wav,0.001982
C:\Users\miker\wake_word_project\data\negative\sheila\bbb2eb5b_nohash_0.wav,0.016817
C:\Users\miker\wake_word_project\data\negative\five\3a929277_nohash_1.wav,0.005907
C:\Users\miker\wake_word_project\data\negative\eight\a42a88ff_nohash_0.wav,0.000432
C:\Users\miker\wake_word_project\data\negative\bird\dfdabe19_nohash_0.wav,0.016037
C:\Users\miker\wake_word_project\data\negative\backward\64df20d8_nohash_0.wav,0.008398
C:\Users\miker\wake_word_project\data\negative\six\7f17667c_nohash_0.wav,0.002414
C:\Users\miker\wake_word_project\data\negative\stop\471a0925_nohash_2.wav,0.005340
C:\Users\miker\wake_word_project\data\negative\no\eb0676ec_nohash_1.wav,0.005562
C:\Users\miker\wake_word_project\data\negative\seven\caf9fceb_nohash_0.wav,0.003808
C:\Users\miker\wake_word_project\data\negative\sheila\42a99aec_nohash_0.wav,0.003085
C:\Users\miker\wake_word_project\data\negative\down\53578f4e_nohash_0.wav,0.000615
C:\Users\miker\wake_word_project\data\negative\left\74241b28_nohash_3.wav,0.012413
C:\Users\miker\wake_word_project\data\negative\four\bd76a7fd_nohash_1.wav,0.013253
C:\Users\miker\wake_word_project\data\negative\yes\140a0fdc_nohash_1.wav,0.004195
C:\Users\miker\wake_word_project\data\negative\wow\b00c4c53_nohash_1.wav,0.000279
C:\Users\miker\wake_word_project\data\negative\visual\af6fbbf5_nohash_0.wav,0.003343
C:\Users\miker\wake_word_project\data\negative\nine\3bb68054_nohash_0.wav,0.002430
C:\Users\miker\wake_word_project\data\negative\four\cb2929ce_nohash_0.wav,0.002553
C:\Users\miker\wake_word_project\data\negative\off\8fe67225_nohash_1.wav,0.007810
C:\Users\miker\wake_word_project\data\negative\three\fb7c9b3b_nohash_0.wav,0.000838
C:\Users\miker\wake_word_project\data\negative\right\fb7eb481_nohash_3.wav,0.000664
C:\Users\miker\wake_word_project\data\negative\five\42ccb57a_nohash_0.wav,0.001759
C:\Users\miker\wake_word_project\data\negative\five\dc75148d_nohash_0.wav,0.001661
C:\Users\miker\wake_word_project\data\negative\forward\94d370bf_nohash_0.wav,0.001420
C:\Users\miker\wake_word_project\data\negative\go\1b4c9b89_nohash_3.wav,0.014226
C:\Users\miker\wake_word_project\data\negative\stop\f798ac78_nohash_2.wav,0.001147
C:\Users\miker\wake_word_project\data\negative\happy\59c3a7f2_nohash_1.wav,0.004873
C:\Users\miker\wake_word_project\data\negative\four\2f666bb2_nohash_0.wav,0.001407
C:\Users\miker\wake_word_project\data\negative\eight\53578f4e_nohash_0.wav,0.000416
C:\Users\miker\wake_word_project\data\negative\forward\57152045_nohash_1.wav,0.012440
C:\Users\miker\wake_word_project\data\negative\two\61ab8fbc_nohash_3.wav,0.006023
C:\Users\miker\wake_word_project\data\negative\zero\bd76a7fd_nohash_1.wav,0.006973
C:\Users\miker\wake_word_project\data\negative\six\4abb2400_nohash_0.wav,0.001200
C:\Users\miker\wake_word_project\data\negative\cat\b2ae3928_nohash_0.wav,0.001157
C:\Users\miker\wake_word_project\data\negative\yes\29229c21_nohash_4.wav,0.010052
C:\Users\miker\wake_word_project\data\negative\sheila\59c3a7f2_nohash_0.wav,0.005343
C:\Users\miker\wake_word_project\data\negative\one\39a45230_nohash_0.wav,0.000266
C:\Users\miker\wake_word_project\data\negative\three\f1b35ace_nohash_2.wav,0.000643
C:\Users\miker\wake_word_project\data\negative\dog\db7c95b0_nohash_0.wav,0.000135
C:\Users\miker\wake_word_project\data\negative\learn\f0522ff4_nohash_2.wav,0.001580
C:\Users\miker\wake_word_project\data\negative\dog\8442ea62_nohash_0.wav,0.000395
C:\Users\miker\wake_word_project\data\negative\happy\39ec87ac_nohash_0.wav,0.021242
C:\Users\miker\wake_word_project\data\negative\down\c50f55b8_nohash_3.wav,0.000402
C:\Users\miker\wake_word_project\data\negative\four\499be02e_nohash_1.wav,0.000686
C:\Users\miker\wake_word_project\data\negative\visual\a77fbcfd_nohash_3.wav,0.007096
C:\Users\miker\wake_word_project\data\negative\right\1cc80e39_nohash_0.wav,0.000954
C:\Users\miker\wake_word_project\data\negative\marvin\a97017df_nohash_0.wav,0.014561
C:\Users\miker\wake_word_project\data\negative\nine\b29f8b23_nohash_1.wav,0.003011
C:\Users\miker\wake_word_project\data\negative\eight\ca4d5368_nohash_0.wav,0.000850
C:\Users\miker\wake_word_project\data\negative\two\63f7a489_nohash_1.wav,0.003214
C:\Users\miker\wake_word_project\data\negative\tree\af130f12_nohash_1.wav,0.008325
C:\Users\miker\wake_word_project\data\negative\go\96a48d28_nohash_2.wav,0.000091
C:\Users\miker\wake_word_project\data\negative\down\d21fd169_nohash_4.wav,0.002137
C:\Users\miker\wake_word_project\data\negative\learn\7d6b4b10_nohash_1.wav,0.000501
C:\Users\miker\wake_word_project\data\negative\three\113b3fbc_nohash_2.wav,0.001659
C:\Users\miker\wake_word_project\data\negative\dog\aca15398_nohash_0.wav,0.000724
C:\Users\miker\wake_word_project\data\negative\left\ea0cf37f_nohash_1.wav,0.000239
C:\Users\miker\wake_word_project\data\negative\right\106a6183_nohash_3.wav,0.001273
C:\Users\miker\wake_word_project\data\negative\on\de3fe344_nohash_2.wav,0.001389
C:\Users\miker\wake_word_project\data\negative\marvin\81dc4a94_nohash_1.wav,0.000948
C:\Users\miker\wake_word_project\data\negative\stop\f33660af_nohash_0.wav,0.005730
C:\Users\miker\wake_word_project\data\negative\tree\f9318c93_nohash_0.wav,0.205482
C:\Users\miker\wake_word_project\data\negative\left\7fb8d703_nohash_2.wav,0.037669
C:\Users\miker\wake_word_project\data\negative\up\256c0a05_nohash_4.wav,0.002738
C:\Users\miker\wake_word_project\data\negative\six\ddedba85_nohash_7.wav,0.000168
C:\Users\miker\wake_word_project\data\negative\five\997867e7_nohash_0.wav,0.009865
C:\Users\miker\wake_word_project\data\negative\six\3a69f765_nohash_0.wav,0.014275
C:\Users\miker\wake_word_project\data\negative\six\460209ac_nohash_0.wav,0.033239
C:\Users\miker\wake_word_project\data\negative\nine\ef77b778_nohash_0.wav,0.006090
C:\Users\miker\wake_word_project\data\negative\zero\fde2dee7_nohash_0.wav,0.000086
C:\Users\miker\wake_word_project\data\negative\left\dc6e9c04_nohash_2.wav,0.000531
C:\Users\miker\wake_word_project\data\negative\on\1dc86f91_nohash_1.wav,0.000587
C:\Users\miker\wake_word_project\data\negative\backward\61e2f74f_nohash_0.wav,0.004771
C:\Users\miker\wake_word_project\data\negative\left\c1e0e8e3_nohash_2.wav,0.005840
C:\Users\miker\wake_word_project\data\negative\go\f6617a86_nohash_0.wav,0.000135
C:\Users\miker\wake_word_project\data\negative\zero\4634529e_nohash_1.wav,0.001336
C:\Users\miker\wake_word_project\data\negative\go\226537ab_nohash_1.wav,0.000532
C:\Users\miker\wake_word_project\data\negative\up\cc8b3228_nohash_2.wav,0.003414
C:\Users\miker\wake_word_project\data\negative\wow\9aa21fa9_nohash_0.wav,0.001010
C:\Users\miker\wake_word_project\data\negative\three\cd997d46_nohash_0.wav,0.007103
C:\Users\miker\wake_word_project\data\negative\on\616420be_nohash_1.wav,0.001458
C:\Users\miker\wake_word_project\data\negative\house\cd68e997_nohash_0.wav,0.004812
C:\Users\miker\wake_word_project\data\negative\nine\c2aeb59d_nohash_0.wav,0.003516
C:\Users\miker\wake_word_project\data\negative\eight\ff4ed4f3_nohash_0.wav,0.018398
C:\Users\miker\wake_word_project\data\negative\two\af790082_nohash_0.wav,0.000681
C:\Users\miker\wake_word_project\data\negative\wow\30f31e42_nohash_0.wav,0.001360
C:\Users\miker\wake_word_project\data\negative\marvin\b4ea0d9a_nohash_1.wav,0.003005
C:\Users\miker\wake_word_project\data\negative\one\dbaf8fc6_nohash_0.wav,0.001234
C:\Users\miker\wake_word_project\data\negative\one\46a153d8_nohash_0.wav,0.000621
C:\Users\miker\wake_word_project\data\negative\on\b4ea0d9a_nohash_2.wav,0.000373
C:\Users\miker\wake_word_project\data\negative\nine\bdee441c_nohash_1.wav,0.001077
C:\Users\miker\wake_word_project\data\negative\yes\ef2578c0_nohash_0.wav,0.008628
C:\Users\miker\wake_word_project\data\negative\left\7e556a2c_nohash_1.wav,0.000547
C:\Users\miker\wake_word_project\data\negative\right\1aed7c6d_nohash_1.wav,0.000514
C:\Users\miker\wake_word_project\data\negative\sheila\8625475c_nohash_0.wav,0.026323
C:\Users\miker\wake_word_project\data\negative\eight\20d779bf_nohash_0.wav,0.000115
C:\Users\miker\wake_word_project\data\negative\follow\e4be0cf6_nohash_1.wav,0.000537
C:\Users\miker\wake_word_project\data\negative\three\f8ba7c0e_nohash_0.wav,0.000961
C:\Users\miker\wake_word_project\data\negative\stop\a19452d5_nohash_0.wav,0.000289
C:\Users\miker\wake_word_project\data\negative\down\365908bd_nohash_1.wav,0.000623
C:\Users\miker\wake_word_project\data\negative\learn\195c120a_nohash_2.wav,0.002502
C:\Users\miker\wake_word_project\data\negative\five\300384f0_nohash_0.wav,0.000520
C:\Users\miker\wake_word_project\data\negative\seven\d57febf0_nohash_2.wav,0.003738
C:\Users\miker\wake_word_project\data\negative\four\3f45a0cf_nohash_1.wav,0.001780
C:\Users\miker\wake_word_project\data\negative\Hey__Magis_wrong_ways_to_say\Recording (48).wav,0.906818
C:\Users\miker\wake_word_project\data\negative\wow\3903b558_nohash_1.wav,0.000897
C:\Users\miker\wake_word_project\data\negative\three\4f8ef132_nohash_0.wav,0.000234
C:\Users\miker\wake_word_project\data\negative\down\0a196374_nohash_2.wav,0.000804
C:\Users\miker\wake_word_project\data\negative\visual\ccca5655_nohash_3.wav,0.003701
C:\Users\miker\wake_word_project\data\negative\dog\fcb25a78_nohash_1.wav,0.001517
C:\Users\miker\wake_word_project\data\negative\bed\651d108f_nohash_0.wav,0.002259
C:\Users\miker\wake_word_project\data\negative\right\ccb1266b_nohash_0.wav,0.000541
C:\Users\miker\wake_word_project\data\negative\three\80b8eab4_nohash_0.wav,0.000222
C:\Users\miker\wake_word_project\data\negative\bird\364f979f_nohash_0.wav,0.000055
C:\Users\miker\wake_word_project\data\negative\six\ca48dc76_nohash_0.wav,0.002134
C:\Users\miker\wake_word_project\data\negative\six\b46e8153_nohash_0.wav,0.000180
C:\Users\miker\wake_word_project\data\negative\off\4c3cddb8_nohash_0.wav,0.001071
C:\Users\miker\wake_word_project\data\negative\yes\c22d3f18_nohash_3.wav,0.051658
C:\Users\miker\wake_word_project\data\negative\stop\106a6183_nohash_0.wav,0.001123
C:\Users\miker\wake_word_project\data\negative\four\d264f7b6_nohash_1.wav,0.000502
C:\Users\miker\wake_word_project\data\negative\bird\8dd788d8_nohash_0.wav,0.000504
C:\Users\miker\wake_word_project\data\negative\sheila\85834399_nohash_0.wav,0.004558
C:\Users\miker\wake_word_project\data\negative\happy\db9cfc88_nohash_0.wav,0.006192
C:\Users\miker\wake_word_project\data\negative\seven\ffb86d3c_nohash_0.wav,0.004412
C:\Users\miker\wake_word_project\data\negative\seven\df1d5024_nohash_1.wav,0.001768
C:\Users\miker\wake_word_project\data\negative\one\9e92ef0c_nohash_2.wav,0.000036
C:\Users\miker\wake_word_project\data\negative\tree\8d9cc260_nohash_2.wav,0.000770
C:\Users\miker\wake_word_project\data\negative\yes\f2898d06_nohash_0.wav,0.001203
C:\Users\miker\wake_word_project\data\negative\nine\fa446c16_nohash_0.wav,0.002093
C:\Users\miker\wake_word_project\data\negative\no\db8a3397_nohash_0.wav,0.000404
C:\Users\miker\wake_word_project\data\negative\go\30802c5d_nohash_0.wav,0.001091
C:\Users\miker\wake_word_project\data\negative\stop\0cd323ec_nohash_1.wav,0.001291
C:\Users\miker\wake_word_project\data\negative\wow\3411cf4b_nohash_0.wav,0.005636
C:\Users\miker\wake_word_project\data\negative\learn\f68160c0_nohash_2.wav,0.001145
C:\Users\miker\wake_word_project\data\negative\eight\fb727898_nohash_0.wav,0.003056
C:\Users\miker\wake_word_project\data\negative\one\5af0ca83_nohash_0.wav,0.002857
C:\Users\miker\wake_word_project\data\negative\right\9d32f10a_nohash_0.wav,0.009590
C:\Users\miker\wake_word_project\data\negative\right\eb0676ec_nohash_3.wav,0.001238
C:\Users\miker\wake_word_project\data\negative\down\879a2b38_nohash_1.wav,0.000298
C:\Users\miker\wake_word_project\data\negative\off\017c4098_nohash_3.wav,0.001714
C:\Users\miker\wake_word_project\data\negative\nine\ea356919_nohash_0.wav,0.003654
C:\Users\miker\wake_word_project\data\negative\right\a6f2fd71_nohash_1.wav,0.002252
C:\Users\miker\wake_word_project\data\negative\backward\d3d8fcd0_nohash_1.wav,0.000064
C:\Users\miker\wake_word_project\data\negative\two\19e98e89_nohash_1.wav,0.000426
C:\Users\miker\wake_word_project\data\negative\go\bb05582b_nohash_1.wav,0.002922
C:\Users\miker\wake_word_project\data\negative\zero\f5626af6_nohash_4.wav,0.062002
C:\Users\miker\wake_word_project\data\negative\stop\e0ff1e9c_nohash_2.wav,0.000759
C:\Users\miker\wake_word_project\data\negative\two\d070ea86_nohash_2.wav,0.000090
C:\Users\miker\wake_word_project\data\negative\follow\0d82fd99_nohash_2.wav,0.000338
C:\Users\miker\wake_word_project\data\negative\yes\5e3dde6b_nohash_2.wav,0.002531
C:\Users\miker\wake_word_project\data\negative\seven\0bde966a_nohash_1.wav,0.001777
C:\Users\miker\wake_word_project\data\negative\five\321aba74_nohash_1.wav,0.006012
C:\Users\miker\wake_word_project\data\negative\on\b9f46737_nohash_2.wav,0.000861
C:\Users\miker\wake_word_project\data\negative\five\cc8b3228_nohash_3.wav,0.003697
C:\Users\miker\wake_word_project\data\negative\forward\29229c21_nohash_1.wav,0.011062
C:\Users\miker\wake_word_project\data\negative\six\40738a2d_nohash_0.wav,0.001800
C:\Users\miker\wake_word_project\data\negative\six\3bc21161_nohash_1.wav,0.001290
C:\Users\miker\wake_word_project\data\negative\tree\f8ba7c0e_nohash_0.wav,0.001058
C:\Users\miker\wake_word_project\data\negative\five\62ef962d_nohash_0.wav,0.011357
C:\Users\miker\wake_word_project\data\negative\wow\5fe4a278_nohash_0.wav,0.003821
C:\Users\miker\wake_word_project\data\negative\wow\20fd451f_nohash_0.wav,0.001681
C:\Users\miker\wake_word_project\data\negative\one\fa44fcf5_nohash_0.wav,0.020779
C:\Users\miker\wake_word_project\data\negative\nine\be7a5b2d_nohash_3.wav,0.002856
C:\Users\miker\wake_word_project\data\negative\bird\c9b653a0_nohash_0.wav,0.002953
C:\Users\miker\wake_word_project\data\negative\go\0b7ee1a0_nohash_2.wav,0.001338
C:\Users\miker\wake_word_project\data\negative\right\2144be19_nohash_1.wav,0.001493
C:\Users\miker\wake_word_project\data\negative\go\794cdfc5_nohash_1.wav,0.006076
C:\Users\miker\wake_word_project\data\negative\dog\39543cfd_nohash_0.wav,0.000127
C:\Users\miker\wake_word_project\data\negative\house\105e72bb_nohash_0.wav,0.006320
C:\Users\miker\wake_word_project\data\negative\no\19f9c115_nohash_1.wav,0.001987
C:\Users\miker\wake_word_project\data\negative\go\9151f184_nohash_4.wav,0.000119
C:\Users\miker\wake_word_project\data\negative\bird\f035e2ea_nohash_0.wav,0.001973
C:\Users\miker\wake_word_project\data\negative\two\4c6944d6_nohash_7.wav,0.034128
C:\Users\miker\wake_word_project\data\negative\four\a0a8d759_nohash_1.wav,0.001805
C:\Users\miker\wake_word_project\data\negative\seven\2aca1e72_nohash_6.wav,0.028849
C:\Users\miker\wake_word_project\data\negative\zero\7c1d8533_nohash_4.wav,0.004546
C:\Users\miker\wake_word_project\data\negative\nine\d069e6ff_nohash_0.wav,0.000621
C:\Users\miker\wake_word_project\data\negative\one\87d5e978_nohash_0.wav,0.001305
C:\Users\miker\wake_word_project\data\negative\one\016e2c6d_nohash_0.wav,0.000990
C:\Users\miker\wake_word_project\data\negative\cat\2da58b32_nohash_0.wav,0.004984
C:\Users\miker\wake_word_project\data\negative\bird\c2657ba5_nohash_1.wav,0.000337
C:\Users\miker\wake_word_project\data\negative\tree\28e47b1a_nohash_0.wav,0.003801
C:\Users\miker\wake_word_project\data\negative\marvin\3a70ab7f_nohash_2.wav,0.021344
C:\Users\miker\wake_word_project\data\negative\down\eeaf97c3_nohash_3.wav,0.000494
C:\Users\miker\wake_word_project\data\negative\up\83f9c4ab_nohash_0.wav,0.000793
C:\Users\miker\wake_word_project\data\negative\seven\471a0925_nohash_0.wav,0.005760
C:\Users\miker\wake_word_project\data\negative\three\936de313_nohash_0.wav,0.002940
C:\Users\miker\wake_word_project\data\negative\house\a04817c2_nohash_0.wav,0.000729
C:\Users\miker\wake_word_project\data\negative\wow\b6573c88_nohash_0.wav,0.003257
C:\Users\miker\wake_word_project\data\negative\Hey__Magis_wrong_ways_to_say\Recording (58).wav,0.990274
C:\Users\miker\wake_word_project\data\negative\six\b19f7f5f_nohash_0.wav,0.001578
C:\Users\miker\wake_word_project\data\negative\sheila\0f7205ef_nohash_0.wav,0.003243
C:\Users\miker\wake_word_project\data\negative\six\6366f61a_nohash_0.wav,0.001792
C:\Users\miker\wake_word_project\data\negative\follow\b91b718c_nohash_1.wav,0.000545
C:\Users\miker\wake_word_project\data\negative\no\5769c5ab_nohash_0.wav,0.000453
C:\Users\miker\wake_word_project\data\negative\no\676f8138_nohash_2.wav,0.000037
C:\Users\miker\wake_word_project\data\negative\nine\f568162b_nohash_3.wav,0.000475
C:\Users\miker\wake_word_project\data\negative\six\fa57ab3b_nohash_3.wav,0.004876
C:\Users\miker\wake_word_project\data\negative\tree\84bf12ff_nohash_0.wav,0.000591
C:\Users\miker\wake_word_project\data\negative\down\171edea9_nohash_0.wav,0.002684
C:\Users\miker\wake_word_project\data\negative\seven\214ccb20_nohash_0.wav,0.005906
C:\Users\miker\wake_word_project\data\negative\happy\472b8045_nohash_0.wav,0.002704
C:\Users\miker\wake_word_project\data\negative\no\559bc36a_nohash_0.wav,0.006056
C:\Users\miker\wake_word_project\data\negative\go\2c727642_nohash_0.wav,0.000480
C:\Users\miker\wake_word_project\data\negative\seven\1e9e6bdd_nohash_2.wav,0.003424
C:\Users\miker\wake_word_project\data\negative\off\51f7a034_nohash_3.wav,0.001215
C:\Users\miker\wake_word_project\data\negative\nine\8dc18a75_nohash_4.wav,0.008600
C:\Users\miker\wake_word_project\data\negative\nine\46a153d8_nohash_3.wav,0.000496
C:\Users\miker\wake_word_project\data\negative\right\19f9c115_nohash_0.wav,0.003636
C:\Users\miker\wake_word_project\data\negative\zero\85851131_nohash_1.wav,0.003333
C:\Users\miker\wake_word_project\data\negative\one\ef3367d9_nohash_5.wav,0.001631
C:\Users\miker\wake_word_project\data\negative\stop\8a194ee6_nohash_0.wav,0.002471
C:\Users\miker\wake_word_project\data\negative\backward\890cc926_nohash_2.wav,0.012301
C:\Users\miker\wake_word_project\data\negative\right\a40c62f1_nohash_1.wav,0.017335
C:\Users\miker\wake_word_project\data\negative\five\27c24504_nohash_2.wav,0.000550
C:\Users\miker\wake_word_project\data\negative\on\834f03fe_nohash_0.wav,0.000790
C:\Users\miker\wake_word_project\data\negative\follow\0a2b400e_nohash_0.wav,0.006787
C:\Users\miker\wake_word_project\data\negative\go\686d030b_nohash_1.wav,0.001632
C:\Users\miker\wake_word_project\data\negative\down\0f7266cf_nohash_2.wav,0.000585
C:\Users\miker\wake_word_project\data\negative\seven\0f7266cf_nohash_4.wav,0.003324
C:\Users\miker\wake_word_project\data\negative\three\e8e960fd_nohash_0.wav,0.005303
C:\Users\miker\wake_word_project\data\negative\learn\1b627376_nohash_0.wav,0.006470
C:\Users\miker\wake_word_project\data\negative\four\c9b5ff26_nohash_1.wav,0.005019
C:\Users\miker\wake_word_project\data\negative\five\86fa2dcd_nohash_0.wav,0.002716
C:\Users\miker\wake_word_project\data\negative\forward\d1dd03ed_nohash_2.wav,0.001904
C:\Users\miker\wake_word_project\data\negative\five\bfd26d6b_nohash_3.wav,0.002785
C:\Users\miker\wake_word_project\data\negative\nine\da5dadb9_nohash_1.wav,0.003373
C:\Users\miker\wake_word_project\data\negative\stop\773e26f7_nohash_2.wav,0.005991
C:\Users\miker\wake_word_project\data\negative\up\fb24c826_nohash_0.wav,0.000051
C:\Users\miker\wake_word_project\data\negative\eight\743edf9d_nohash_1.wav,0.002775
C:\Users\miker\wake_word_project\data\negative\two\0cb74144_nohash_3.wav,0.001735
C:\Users\miker\wake_word_project\data\negative\go\6adb8ad9_nohash_0.wav,0.000158
C:\Users\miker\wake_word_project\data\negative\off\a2cc5444_nohash_3.wav,0.001870
C:\Users\miker\wake_word_project\data\negative\marvin\a045368c_nohash_0.wav,0.004297
C:\Users\miker\wake_word_project\data\negative\visual\312d6d81_nohash_0.wav,0.000506
C:\Users\miker\wake_word_project\data\negative\eight\471a0925_nohash_3.wav,0.002871
C:\Users\miker\wake_word_project\data\negative\one\ea0cf37f_nohash_2.wav,0.000054
C:\Users\miker\wake_word_project\data\negative\two\88f8a99c_nohash_0.wav,0.001467
C:\Users\miker\wake_word_project\data\negative\one\d1a17cbe_nohash_3.wav,0.013218
C:\Users\miker\wake_word_project\data\negative\one\d37e4bf1_nohash_1.wav,0.001351
C:\Users\miker\wake_word_project\data\negative\four\c22ebf46_nohash_0.wav,0.000558
C:\Users\miker\wake_word_project\data\negative\stop\1816b768_nohash_1.wav,0.000926
C:\Users\miker\wake_word_project\data\negative\five\de89e2ca_nohash_4.wav,0.013805
C:\Users\miker\wake_word_project\data\negative\tree\152491bc_nohash_0.wav,0.007506
C:\Users\miker\wake_word_project\data\negative\off\8012c69d_nohash_3.wav,0.002089
C:\Users\miker\wake_word_project\data\negative\bed\a7216980_nohash_0.wav,0.000659
C:\Users\miker\wake_word_project\data\negative\go\e0315cf6_nohash_2.wav,0.000171
C:\Users\miker\wake_word_project\data\negative\bird\f5496439_nohash_0.wav,0.000571
C:\Users\miker\wake_word_project\data\negative\eight\c7b4049e_nohash_0.wav,0.000390
C:\Users\miker\wake_word_project\data\negative\six\8536c82d_nohash_0.wav,0.000278
C:\Users\miker\wake_word_project\data\negative\stop\23da904f_nohash_3.wav,0.001948
C:\Users\miker\wake_word_project\data\negative\five\de040337_nohash_1.wav,0.001805
C:\Users\miker\wake_word_project\data\negative\five\037c445a_nohash_0.wav,0.001377
C:\Users\miker\wake_word_project\data\negative\three\6aa8def4_nohash_0.wav,0.000843
C:\Users\miker\wake_word_project\data\negative\right\fbb56351_nohash_2.wav,0.000251
C:\Users\miker\wake_word_project\data\negative\bird\b72e58c9_nohash_0.wav,0.000219
C:\Users\miker\wake_word_project\data\negative\six\78884794_nohash_0.wav,0.000493
C:\Users\miker\wake_word_project\data\negative\five\682e1687_nohash_1.wav,0.000431
C:\Users\miker\wake_word_project\data\negative\happy\b4ea0d9a_nohash_1.wav,0.001976
C:\Users\miker\wake_word_project\data\negative\forward\39833acb_nohash_2.wav,0.021572
C:\Users\miker\wake_word_project\data\negative\seven\211b928a_nohash_4.wav,0.003720
C:\Users\miker\wake_word_project\data\negative\off\4fd1443e_nohash_0.wav,0.005351
C:\Users\miker\wake_word_project\data\negative\stop\6124b431_nohash_2.wav,0.818377
C:\Users\miker\wake_word_project\data\negative\six\2927c601_nohash_2.wav,0.003645
C:\Users\miker\wake_word_project\data\negative\three\b5eb4f9b_nohash_0.wav,0.000129
C:\Users\miker\wake_word_project\data\negative\bed\650daf8e_nohash_2.wav,0.000194
C:\Users\miker\wake_word_project\data\negative\visual\24a3e589_nohash_1.wav,0.000793
C:\Users\miker\wake_word_project\data\negative\visual\da040491_nohash_1.wav,0.001515
C:\Users\miker\wake_word_project\data\negative\two\122c5aa7_nohash_0.wav,0.004347
C:\Users\miker\wake_word_project\data\negative\learn\51c5601d_nohash_3.wav,0.015274
C:\Users\miker\wake_word_project\data\negative\down\5a3fc246_nohash_0.wav,0.000019
C:\Users\miker\wake_word_project\data\negative\four\f568162b_nohash_3.wav,0.000062
C:\Users\miker\wake_word_project\data\negative\on\d070ea86_nohash_3.wav,0.000229
C:\Users\miker\wake_word_project\data\negative\stop\a05a90c1_nohash_0.wav,0.007194
C:\Users\miker\wake_word_project\data\negative\one\9886d8bf_nohash_1.wav,0.001606
C:\Users\miker\wake_word_project\data\negative\one\eb0857c0_nohash_0.wav,0.004298
C:\Users\miker\wake_word_project\data\negative\follow\72242187_nohash_1.wav,0.004017
C:\Users\miker\wake_word_project\data\negative\go\0fa1e7a9_nohash_0.wav,0.000409
C:\Users\miker\wake_word_project\data\negative\off\7f9eb952_nohash_3.wav,0.006681
C:\Users\miker\wake_word_project\data\negative\stop\6c0f6493_nohash_1.wav,0.008543
C:\Users\miker\wake_word_project\data\negative\five\44e9d8d2_nohash_0.wav,0.000060
C:\Users\miker\wake_word_project\data\negative\zero\97f4c236_nohash_4.wav,0.015103
C:\Users\miker\wake_word_project\data\negative\six\cd85758f_nohash_3.wav,0.001080
C:\Users\miker\wake_word_project\data\negative\yes\b66f4f93_nohash_8.wav,0.002294
C:\Users\miker\wake_word_project\data\negative\forward\61ab8fbc_nohash_4.wav,0.006023
C:\Users\miker\wake_word_project\data\negative\three\3006c271_nohash_0.wav,0.001563
C:\Users\miker\wake_word_project\data\negative\tree\fc94edb0_nohash_0.wav,0.001523
C:\Users\miker\wake_word_project\data\negative\follow\31601aad_nohash_1.wav,0.007425
C:\Users\miker\wake_word_project\data\negative\visual\890cc926_nohash_1.wav,0.024744
C:\Users\miker\wake_word_project\data\negative\two\ddedba85_nohash_4.wav,0.000272
C:\Users\miker\wake_word_project\data\negative\on\f68160c0_nohash_0.wav,0.000526
C:\Users\miker\wake_word_project\data\negative\stop\462dca36_nohash_0.wav,0.001227
C:\Users\miker\wake_word_project\data\negative\stop\15dd287d_nohash_1.wav,0.000393
C:\Users\miker\wake_word_project\data\negative\dog\9c24bc76_nohash_0.wav,0.001737
C:\Users\miker\wake_word_project\data\negative\go\6727b579_nohash_3.wav,0.001374
C:\Users\miker\wake_word_project\data\negative\no\64e48f55_nohash_1.wav,0.001842
C:\Users\miker\wake_word_project\data\negative\no\a7200079_nohash_0.wav,0.000531
C:\Users\miker\wake_word_project\data\negative\eight\eee5e541_nohash_0.wav,0.001924
C:\Users\miker\wake_word_project\data\negative\eight\1e02ffc5_nohash_0.wav,0.000567
C:\Users\miker\wake_word_project\data\negative\bed\44bc77f7_nohash_0.wav,0.000184
C:\Users\miker\wake_word_project\data\negative\four\772db621_nohash_0.wav,0.000916
C:\Users\miker\wake_word_project\data\negative\seven\530306f5_nohash_1.wav,0.000304
C:\Users\miker\wake_word_project\data\negative\right\b7016c27_nohash_0.wav,0.001750
C:\Users\miker\wake_word_project\data\negative\two\d21fd169_nohash_1.wav,0.000627
C:\Users\miker\wake_word_project\data\negative\off\cce7416f_nohash_6.wav,0.003707
C:\Users\miker\wake_word_project\data\negative\five\81332c92_nohash_2.wav,0.038804
C:\Users\miker\wake_word_project\data\negative\stop\97f493b9_nohash_0.wav,0.001045
C:\Users\miker\wake_word_project\data\negative\down\b7016c27_nohash_0.wav,0.000262
C:\Users\miker\wake_word_project\data\negative\one\bd8412df_nohash_0.wav,0.003114
C:\Users\miker\wake_word_project\data\negative\stop\e7bcee8a_nohash_1.wav,0.011465
C:\Users\miker\wake_word_project\data\negative\stop\637c702a_nohash_0.wav,0.001497
C:\Users\miker\wake_word_project\data\negative\bird\b59fa113_nohash_0.wav,0.001099
C:\Users\miker\wake_word_project\data\negative\zero\37a3cd33_nohash_1.wav,0.007068
C:\Users\miker\wake_word_project\data\negative\seven\9ff2d2f4_nohash_2.wav,0.001981
C:\Users\miker\wake_word_project\data\negative\right\b0ae6326_nohash_2.wav,0.009634
C:\Users\miker\wake_word_project\data\negative\yes\32ad5b65_nohash_4.wav,0.005110
C:\Users\miker\wake_word_project\data\negative\eight\6c429c7b_nohash_4.wav,0.005368
C:\Users\miker\wake_word_project\data\negative\down\a04817c2_nohash_1.wav,0.000074
C:\Users\miker\wake_word_project\data\negative\one\f035e2ea_nohash_1.wav,0.000464
C:\Users\miker\wake_word_project\data\negative\tree\f875f965_nohash_0.wav,0.011489
C:\Users\miker\wake_word_project\data\negative\eight\dc75148d_nohash_0.wav,0.004052
C:\Users\miker\wake_word_project\data\negative\stop\856eb138_nohash_4.wav,0.000292
C:\Users\miker\wake_word_project\data\negative\seven\db9d52d2_nohash_0.wav,0.003048
C:\Users\miker\wake_word_project\data\negative\backward\195c120a_nohash_1.wav,0.319520
C:\Users\miker\wake_word_project\data\negative\yes\f01a0d63_nohash_0.wav,0.003379
C:\Users\miker\wake_word_project\data\negative\two\a74f3917_nohash_1.wav,0.000923
C:\Users\miker\wake_word_project\data\negative\tree\377e916b_nohash_0.wav,0.000633
C:\Users\miker\wake_word_project\data\negative\on\38d78313_nohash_3.wav,0.000356
C:\Users\miker\wake_word_project\data\negative\seven\4cee0c60_nohash_1.wav,0.000591
C:\Users\miker\wake_word_project\data\negative\off\d6360b32_nohash_0.wav,0.005614
C:\Users\miker\wake_word_project\data\negative\no\22296dbe_nohash_1.wav,0.000189
C:\Users\miker\wake_word_project\data\negative\bird\f953e1af_nohash_0.wav,0.001545
C:\Users\miker\wake_word_project\data\negative\up\4a1e736b_nohash_0.wav,0.000820
C:\Users\miker\wake_word_project\data\negative\seven\9331d34b_nohash_0.wav,0.001189
C:\Users\miker\wake_word_project\data\negative\on\234d6a48_nohash_4.wav,0.000694
C:\Users\miker\wake_word_project\data\negative\go\64220627_nohash_0.wav,0.000599
C:\Users\miker\wake_word_project\data\negative\zero\ceef6d96_nohash_0.wav,0.009682
C:\Users\miker\wake_word_project\data\negative\one\ef3367d9_nohash_6.wav,0.004875
C:\Users\miker\wake_word_project\data\negative\zero\6823565f_nohash_0.wav,0.004900
C:\Users\miker\wake_word_project\data\negative\yes\beb458a4_nohash_1.wav,0.010699
C:\Users\miker\wake_word_project\data\negative\no\8281a2a8_nohash_3.wav,0.005703
C:\Users\miker\wake_word_project\data\negative\nine\763188c4_nohash_3.wav,0.003164
C:\Users\miker\wake_word_project\data\negative\stop\06f6c194_nohash_3.wav,0.005054
C:\Users\miker\wake_word_project\data\negative\zero\e53139ad_nohash_1.wav,0.000303
C:\Users\miker\wake_word_project\data\negative\wow\afd53389_nohash_1.wav,0.001831
C:\Users\miker\wake_word_project\data\negative\yes\833d9f56_nohash_4.wav,0.007441
C:\Users\miker\wake_word_project\data\negative\up\3f45a0cf_nohash_2.wav,0.000408
C:\Users\miker\wake_word_project\data\negative\six\9be15e93_nohash_0.wav,0.002220
C:\Users\miker\wake_word_project\data\negative\down\c1e0e8e3_nohash_1.wav,0.003423
C:\Users\miker\wake_word_project\data\negative\on\02e85b60_nohash_1.wav,0.001086
C:\Users\miker\wake_word_project\data\negative\happy\763188c4_nohash_0.wav,0.015254
C:\Users\miker\wake_word_project\data\negative\one\c5a1e46c_nohash_4.wav,0.000927
C:\Users\miker\wake_word_project\data\negative\yes\a95dbfd4_nohash_0.wav,0.000336
C:\Users\miker\wake_word_project\data\negative\go\821b64cc_nohash_1.wav,0.000056
C:\Users\miker\wake_word_project\data\negative\down\4649256f_nohash_0.wav,0.000067
C:\Users\miker\wake_word_project\data\negative\learn\4e99c1b7_nohash_3.wav,0.022598
C:\Users\miker\wake_word_project\data\negative\stop\57152045_nohash_0.wav,0.001037
C:\Users\miker\wake_word_project\data\negative\sheila\0227998e_nohash_2.wav,0.005000
C:\Users\miker\wake_word_project\data\negative\off\6a014b29_nohash_0.wav,0.000893
C:\Users\miker\wake_word_project\data\negative\happy\afb9e62e_nohash_1.wav,0.005190
C:\Users\miker\wake_word_project\data\negative\forward\fbb2f6cc_nohash_3.wav,0.004346
C:\Users\miker\wake_word_project\data\negative\backward\6fb3d5a7_nohash_4.wav,0.001127
C:\Users\miker\wake_word_project\data\negative\up\b66f4f93_nohash_0.wav,0.003205
C:\Users\miker\wake_word_project\data\negative\wow\d37e4bf1_nohash_0.wav,0.000151
C:\Users\miker\wake_word_project\data\negative\zero\676f8138_nohash_0.wav,0.003979
C:\Users\miker\wake_word_project\data\negative\backward\95fd5a0f_nohash_0.wav,0.013529
C:\Users\miker\wake_word_project\data\negative\six\abbfc3b4_nohash_0.wav,0.000842
C:\Users\miker\wake_word_project\data\negative\seven\51f7a034_nohash_0.wav,0.003040
C:\Users\miker\wake_word_project\data\negative\eight\70a00e98_nohash_1.wav,0.001295
C:\Users\miker\wake_word_project\data\negative\seven\3a3ee7ed_nohash_1.wav,0.025582
C:\Users\miker\wake_word_project\data\negative\no\499be02e_nohash_1.wav,0.000340
C:\Users\miker\wake_word_project\data\negative\tree\9a8d8d34_nohash_0.wav,0.001323
C:\Users\miker\wake_word_project\data\negative\four\948867e7_nohash_0.wav,0.002680
C:\Users\miker\wake_word_project\data\negative\two\f216055e_nohash_0.wav,0.076220
C:\Users\miker\wake_word_project\data\negative\zero\e11fbc6e_nohash_1.wav,0.002015
C:\Users\miker\wake_word_project\data\negative\left\d94eb94f_nohash_0.wav,0.001068
C:\Users\miker\wake_word_project\data\negative\off\6bf5baf3_nohash_1.wav,0.002035
C:\Users\miker\wake_word_project\data\negative\nine\dae01802_nohash_0.wav,0.001962
C:\Users\miker\wake_word_project\data\negative\five\ace072ba_nohash_3.wav,0.000829
C:\Users\miker\wake_word_project\data\negative\on\09ddc105_nohash_1.wav,0.000290
C:\Users\miker\wake_word_project\data\negative\tree\626e323f_nohash_0.wav,0.000274
C:\Users\miker\wake_word_project\data\negative\six\e9901cf0_nohash_1.wav,0.002947
C:\Users\miker\wake_word_project\data\negative\happy\686d030b_nohash_0.wav,0.000662
C:\Users\miker\wake_word_project\data\negative\happy\e9287461_nohash_0.wav,0.000412
C:\Users\miker\wake_word_project\data\negative\seven\c2aeb59d_nohash_1.wav,0.002548
C:\Users\miker\wake_word_project\data\negative\off\f292725f_nohash_0.wav,0.003224
C:\Users\miker\wake_word_project\data\negative\six\324210dd_nohash_2.wav,0.010608
C:\Users\miker\wake_word_project\data\negative\nine\f864cd4a_nohash_1.wav,0.000795
C:\Users\miker\wake_word_project\data\negative\stop\cc8b3228_nohash_0.wav,0.001317
C:\Users\miker\wake_word_project\data\negative\house\bd76a7fd_nohash_0.wav,0.015095
C:\Users\miker\wake_word_project\data\negative\two\b665723d_nohash_0.wav,0.002784
C:\Users\miker\wake_word_project\data\negative\off\0a196374_nohash_1.wav,0.002176
C:\Users\miker\wake_word_project\data\negative\yes\493392c6_nohash_0.wav,0.002269
C:\Users\miker\wake_word_project\data\negative\four\840c366d_nohash_0.wav,0.000433
C:\Users\miker\wake_word_project\data\negative\off\967ad5ef_nohash_0.wav,0.001087
C:\Users\miker\wake_word_project\data\negative\sheila\8b775397_nohash_0.wav,0.008604
C:\Users\miker\wake_word_project\data\negative\zero\36050ef3_nohash_3.wav,0.016282
C:\Users\miker\wake_word_project\data\negative\sheila\e8d562ca_nohash_1.wav,0.009238
C:\Users\miker\wake_word_project\data\negative\one\f19d1738_nohash_2.wav,0.001274
C:\Users\miker\wake_word_project\data\negative\forward\2005ca25_nohash_0.wav,0.000330
C:\Users\miker\wake_word_project\data\negative\no\20d779bf_nohash_0.wav,0.000980
C:\Users\miker\wake_word_project\data\negative\six\017c4098_nohash_2.wav,0.002787
C:\Users\miker\wake_word_project\data\negative\one\fb8c31a9_nohash_4.wav,0.032243
C:\Users\miker\wake_word_project\data\negative\happy\6aa8def4_nohash_0.wav,0.001732
C:\Users\miker\wake_word_project\data\negative\left\87d5e978_nohash_4.wav,0.005236
C:\Users\miker\wake_word_project\data\negative\six\a929f9b9_nohash_2.wav,0.018466
C:\Users\miker\wake_word_project\data\negative\nine\3e3fa7fd_nohash_0.wav,0.000489
C:\Users\miker\wake_word_project\data\negative\yes\e9bc5cc2_nohash_0.wav,0.006515
C:\Users\miker\wake_word_project\data\negative\up\94de6a6a_nohash_2.wav,0.007785
C:\Users\miker\wake_word_project\data\negative\off\0ff728b5_nohash_0.wav,0.001583
C:\Users\miker\wake_word_project\data\negative\wow\5e3b7a84_nohash_2.wav,0.000206
C:\Users\miker\wake_word_project\data\negative\five\211b928a_nohash_3.wav,0.008626
C:\Users\miker\wake_word_project\data\negative\eight\7e7ca854_nohash_3.wav,0.006084
C:\Users\miker\wake_word_project\data\negative\yes\0f7266cf_nohash_4.wav,0.000712
C:\Users\miker\wake_word_project\data\negative\go\66aa0f29_nohash_0.wav,0.012840
C:\Users\miker\wake_word_project\data\negative\on\bd76a7fd_nohash_2.wav,0.004860
C:\Users\miker\wake_word_project\data\negative\zero\31583d30_nohash_1.wav,0.002308
C:\Users\miker\wake_word_project\data\negative\up\57cb3575_nohash_0.wav,0.000155
C:\Users\miker\wake_word_project\data\negative\five\e3e0f145_nohash_4.wav,0.000470
C:\Users\miker\wake_word_project\data\negative\down\d3aa45ff_nohash_0.wav,0.001044
C:\Users\miker\wake_word_project\data\negative\four\e3e0f145_nohash_0.wav,0.000304
C:\Users\miker\wake_word_project\data\negative\right\d8a5ace5_nohash_0.wav,0.000982
C:\Users\miker\wake_word_project\data\negative\off\24a3e589_nohash_4.wav,0.001847
C:\Users\miker\wake_word_project\data\negative\zero\4b25f620_nohash_0.wav,0.006197
C:\Users\miker\wake_word_project\data\negative\nine\11a022ba_nohash_1.wav,0.016225
C:\Users\miker\wake_word_project\data\negative\zero\c5c60d8d_nohash_0.wav,0.004031
C:\Users\miker\wake_word_project\data\negative\sheila\72be9202_nohash_0.wav,0.002280
C:\Users\miker\wake_word_project\data\negative\stop\e0ff1e9c_nohash_1.wav,0.000932
C:\Users\miker\wake_word_project\data\negative\up\439c84f4_nohash_0.wav,0.001075
C:\Users\miker\wake_word_project\data\negative\two\d394ef8e_nohash_1.wav,0.001199
C:\Users\miker\wake_word_project\data\negative\up\a045368c_nohash_0.wav,0.000390
C:\Users\miker\wake_word_project\data\negative\cat\8ca3b1db_nohash_1.wav,0.000375
C:\Users\miker\wake_word_project\data\negative\five\dabd70c2_nohash_0.wav,0.000603
C:\Users\miker\wake_word_project\data\negative\no\c1d39ce8_nohash_7.wav,0.003832
C:\Users\miker\wake_word_project\data\negative\three\a84dee7b_nohash_1.wav,0.001634
C:\Users\miker\wake_word_project\data\negative\backward\69a1a79f_nohash_2.wav,0.003257
C:\Users\miker\wake_word_project\data\negative\zero\e1acea44_nohash_0.wav,0.000098
C:\Users\miker\wake_word_project\data\negative\down\8b25410a_nohash_4.wav,0.001319
C:\Users\miker\wake_word_project\data\negative\one\9a76f8c3_nohash_3.wav,0.000476
C:\Users\miker\wake_word_project\data\negative\stop\676f8138_nohash_2.wav,0.000313
C:\Users\miker\wake_word_project\data\negative\on\5c39594f_nohash_1.wav,0.000189
C:\Users\miker\wake_word_project\data\negative\down\6ef76186_nohash_2.wav,0.001329
C:\Users\miker\wake_word_project\data\negative\dog\4cb874bb_nohash_0.wav,0.000669
C:\Users\miker\wake_word_project\data\negative\Hey__Magis_wrong_ways_to_say\Recording (30).wav,0.784963
C:\Users\miker\wake_word_project\data\negative\go\23abe1c9_nohash_0.wav,0.000772
C:\Users\miker\wake_word_project\data\negative\no\25132942_nohash_0.wav,0.000271
C:\Users\miker\wake_word_project\data\negative\down\2748cce7_nohash_1.wav,0.013682
C:\Users\miker\wake_word_project\data\negative\stop\b66f4f93_nohash_8.wav,0.002930
C:\Users\miker\wake_word_project\data\negative\bird\a2b16113_nohash_0.wav,0.001342
C:\Users\miker\wake_word_project\data\negative\visual\90e72357_nohash_1.wav,0.002772
C:\Users\miker\wake_word_project\data\negative\no\9be15e93_nohash_3.wav,0.000237
C:\Users\miker\wake_word_project\data\negative\off\25040e85_nohash_0.wav,0.001449
C:\Users\miker\wake_word_project\data\negative\stop\e0611c84_nohash_0.wav,0.003332
C:\Users\miker\wake_word_project\data\negative\tree\bcdaa7a9_nohash_1.wav,0.007016
C:\Users\miker\wake_word_project\data\negative\seven\439c84f4_nohash_1.wav,0.000419
C:\Users\miker\wake_word_project\data\negative\learn\9c24bc76_nohash_0.wav,0.000394
C:\Users\miker\wake_word_project\data\negative\up\c948d727_nohash_3.wav,0.002662
C:\Users\miker\wake_word_project\data\negative\stop\4fd1443e_nohash_1.wav,0.002555
C:\Users\miker\wake_word_project\data\negative\cat\e32ff49d_nohash_1.wav,0.000487
C:\Users\miker\wake_word_project\data\negative\yes\e4be0cf6_nohash_3.wav,0.002598
C:\Users\miker\wake_word_project\data\negative\follow\d9aa8c90_nohash_0.wav,0.000246
C:\Users\miker\wake_word_project\data\negative\three\cb2929ce_nohash_1.wav,0.005745
C:\Users\miker\wake_word_project\data\negative\right\5f9cd2eb_nohash_2.wav,0.000414
C:\Users\miker\wake_word_project\data\negative\on\7c83c5f6_nohash_0.wav,0.000857
C:\Users\miker\wake_word_project\data\negative\backward\d9aa8c90_nohash_0.wav,0.000179
C:\Users\miker\wake_word_project\data\negative\four\7096522d_nohash_0.wav,0.000300
C:\Users\miker\wake_word_project\data\negative\tree\cb802c63_nohash_0.wav,0.001598
C:\Users\miker\wake_word_project\data\negative\zero\ddedba85_nohash_9.wav,0.000806
C:\Users\miker\wake_word_project\data\negative\seven\2dc4f05d_nohash_0.wav,0.000027
C:\Users\miker\wake_word_project\data\negative\learn\90e72357_nohash_4.wav,0.000397
C:\Users\miker\wake_word_project\data\negative\four\324210dd_nohash_3.wav,0.013161
C:\Users\miker\wake_word_project\data\negative\bird\5efb758c_nohash_1.wav,0.000651
C:\Users\miker\wake_word_project\data\negative\zero\38c30a4a_nohash_0.wav,0.000637
C:\Users\miker\wake_word_project\data\negative\stop\617de221_nohash_4.wav,0.003492
C:\Users\miker\wake_word_project\data\negative\right\ec545975_nohash_1.wav,0.003108
C:\Users\miker\wake_word_project\data\negative\seven\1a892463_nohash_1.wav,0.000624
C:\Users\miker\wake_word_project\data\negative\up\513aeddf_nohash_3.wav,0.000182
C:\Users\miker\wake_word_project\data\negative\go\7846fd85_nohash_0.wav,0.001146
C:\Users\miker\wake_word_project\data\negative\stop\eb0857c0_nohash_0.wav,0.005210
C:\Users\miker\wake_word_project\data\negative\follow\57152045_nohash_0.wav,0.010028
C:\Users\miker\wake_word_project\data\negative\two\7fd25f7c_nohash_1.wav,0.000042
C:\Users\miker\wake_word_project\data\negative\bird\8523766b_nohash_0.wav,0.002964
C:\Users\miker\wake_word_project\data\negative\nine\c4e00ee9_nohash_4.wav,0.000484
C:\Users\miker\wake_word_project\data\negative\go\bdd22e4d_nohash_4.wav,0.000302
C:\Users\miker\wake_word_project\data\negative\tree\a56859ea_nohash_1.wav,0.001639
C:\Users\miker\wake_word_project\data\negative\backward\067f61e2_nohash_4.wav,0.002908
C:\Users\miker\wake_word_project\data\negative\five\c0e3ff37_nohash_0.wav,0.003327
C:\Users\miker\wake_word_project\data\negative\down\62f05757_nohash_3.wav,0.001089
C:\Users\miker\wake_word_project\data\negative\house\c24d96eb_nohash_0.wav,0.004662
C:\Users\miker\wake_word_project\data\negative\zero\18a8f03f_nohash_0.wav,0.011582
C:\Users\miker\wake_word_project\data\negative\off\1aed7c6d_nohash_1.wav,0.000173
C:\Users\miker\wake_word_project\data\negative\nine\8fce59ff_nohash_1.wav,0.001078
C:\Users\miker\wake_word_project\data\negative\two\5705a0f9_nohash_0.wav,0.000798
C:\Users\miker\wake_word_project\data\negative\no\f35eedd7_nohash_0.wav,0.004281
C:\Users\miker\wake_word_project\data\negative\six\eee5e541_nohash_2.wav,0.017502
C:\Users\miker\wake_word_project\data\negative\four\6414258b_nohash_0.wav,0.000761
C:\Users\miker\wake_word_project\data\negative\bed\300384f0_nohash_0.wav,0.000470
C:\Users\miker\wake_word_project\data\negative\wow\6c429c7b_nohash_0.wav,0.000205
C:\Users\miker\wake_word_project\data\negative\up\833d9f56_nohash_2.wav,0.025674
C:\Users\miker\wake_word_project\data\negative\down\840eab5a_nohash_2.wav,0.002754
C:\Users\miker\wake_word_project\data\negative\sheila\63ae15e4_nohash_0.wav,0.001558
C:\Users\miker\wake_word_project\data\negative\learn\6565a81d_nohash_4.wav,0.001180
C:\Users\miker\wake_word_project\data\negative\visual\b4ea0d9a_nohash_0.wav,0.002960
C:\Users\miker\wake_word_project\data\negative\six\019fa366_nohash_0.wav,0.002554
C:\Users\miker\wake_word_project\data\negative\six\d0faf7e4_nohash_3.wav,0.010566
C:\Users\miker\wake_word_project\data\negative\nine\61e2f74f_nohash_1.wav,0.004394
C:\Users\miker\wake_word_project\data\negative\nine\5f5eef60_nohash_2.wav,0.001368
C:\Users\miker\wake_word_project\data\negative\house\cb62dbf1_nohash_0.wav,0.011537
C:\Users\miker\wake_word_project\data\negative\go\475b61f1_nohash_0.wav,0.015970
C:\Users\miker\wake_word_project\data\negative\stop\9f92fb7c_nohash_1.wav,0.001859
C:\Users\miker\wake_word_project\data\negative\four\3102f006_nohash_2.wav,0.000379
C:\Users\miker\wake_word_project\data\negative\one\02583d36_nohash_0.wav,0.000006
C:\Users\miker\wake_word_project\data\negative\off\3eb8764c_nohash_0.wav,0.071556
C:\Users\miker\wake_word_project\data\negative\six\9151f184_nohash_4.wav,0.014279
C:\Users\miker\wake_word_project\data\negative\backward\5f9cd2eb_nohash_3.wav,0.000840
C:\Users\miker\wake_word_project\data\negative\happy\e63b69c5_nohash_0.wav,0.009956
C:\Users\miker\wake_word_project\data\negative\follow\d21fd169_nohash_0.wav,0.003982
C:\Users\miker\wake_word_project\data\negative\off\5f8097e1_nohash_2.wav,0.000641
C:\Users\miker\wake_word_project\data\negative\right\c5c60d8d_nohash_0.wav,0.003291
C:\Users\miker\wake_word_project\data\negative\eight\0a2b400e_nohash_0.wav,0.004248
C:\Users\miker\wake_word_project\data\negative\sheila\fb24c826_nohash_0.wav,0.011228
C:\Users\miker\wake_word_project\data\negative\dog\d103dd6e_nohash_0.wav,0.000859
C:\Users\miker\wake_word_project\data\negative\right\af6fbbf5_nohash_2.wav,0.004626
C:\Users\miker\wake_word_project\data\negative\left\1a994c9f_nohash_1.wav,0.011612
C:\Users\miker\wake_word_project\data\negative\nine\1dce06e8_nohash_0.wav,0.000488
C:\Users\miker\wake_word_project\data\negative\eight\686d030b_nohash_3.wav,0.001046
C:\Users\miker\wake_word_project\data\negative\zero\d53e25ba_nohash_0.wav,0.000209
C:\Users\miker\wake_word_project\data\negative\seven\022cd682_nohash_0.wav,0.000460
C:\Users\miker\wake_word_project\data\negative\happy\adebe223_nohash_1.wav,0.000803
C:\Users\miker\wake_word_project\data\negative\seven\ceaadb24_nohash_0.wav,0.004159
C:\Users\miker\wake_word_project\data\negative\zero\8c4854bc_nohash_0.wav,0.011345
C:\Users\miker\wake_word_project\data\negative\six\9151f184_nohash_2.wav,0.008689
C:\Users\miker\wake_word_project\data\negative\happy\3209ec42_nohash_0.wav,0.002517
C:\Users\miker\wake_word_project\data\negative\up\2bd2cad5_nohash_0.wav,0.007137
C:\Users\miker\wake_word_project\data\negative\on\9d7036f9_nohash_0.wav,0.004579
C:\Users\miker\wake_word_project\data\negative\no\5c8af87a_nohash_3.wav,0.000141
C:\Users\miker\wake_word_project\data\negative\six\25e95412_nohash_0.wav,0.004424
C:\Users\miker\wake_word_project\data\negative\one\fb7008b0_nohash_0.wav,0.012413
C:\Users\miker\wake_word_project\data\negative\yes\c842b5e4_nohash_0.wav,0.000609
C:\Users\miker\wake_word_project\data\negative\go\dc269564_nohash_0.wav,0.000267
C:\Users\miker\wake_word_project\data\negative\yes\5fadb538_nohash_4.wav,0.000675
C:\Users\miker\wake_word_project\data\negative\nine\1aeef15e_nohash_0.wav,0.000675
C:\Users\miker\wake_word_project\data\negative\yes\f5626af6_nohash_4.wav,0.000916
C:\Users\miker\wake_word_project\data\negative\two\bdee441c_nohash_0.wav,0.000539
C:\Users\miker\wake_word_project\data\negative\one\3402e488_nohash_2.wav,0.010005
C:\Users\miker\wake_word_project\data\negative\six\f4386675_nohash_1.wav,0.000666
C:\Users\miker\wake_word_project\data\negative\bed\f3cee168_nohash_1.wav,0.001698
C:\Users\miker\wake_word_project\data\negative\one\ee1d8d49_nohash_1.wav,0.000568
C:\Users\miker\wake_word_project\data\negative\eight\62ef962d_nohash_0.wav,0.002414
C:\Users\miker\wake_word_project\data\negative\happy\afb9e62e_nohash_2.wav,0.003374
C:\Users\miker\wake_word_project\data\negative\dog\86f12ac0_nohash_0.wav,0.005736
C:\Users\miker\wake_word_project\data\negative\no\8dc18a75_nohash_2.wav,0.001076
C:\Users\miker\wake_word_project\data\negative\zero\61abbf52_nohash_1.wav,0.006226
C:\Users\miker\wake_word_project\data\negative\go\18f8afd5_nohash_1.wav,0.002738
C:\Users\miker\wake_word_project\data\negative\two\98ea0818_nohash_0.wav,0.000873
C:\Users\miker\wake_word_project\data\negative\up\69086eb0_nohash_1.wav,0.001232
C:\Users\miker\wake_word_project\data\negative\go\67bdbf56_nohash_2.wav,0.001277
C:\Users\miker\wake_word_project\data\negative\zero\c120e80e_nohash_4.wav,0.007715
C:\Users\miker\wake_word_project\data\negative\left\d5dd88da_nohash_0.wav,0.000677
C:\Users\miker\wake_word_project\data\negative\off\8dd788d8_nohash_0.wav,0.000821
C:\Users\miker\wake_word_project\data\negative\nine\8f4c551f_nohash_1.wav,0.002265
C:\Users\miker\wake_word_project\data\negative\seven\1f653d27_nohash_2.wav,0.004589
C:\Users\miker\wake_word_project\data\negative\seven\bfd26d6b_nohash_0.wav,0.002999
C:\Users\miker\wake_word_project\data\negative\backward\c50f55b8_nohash_9.wav,0.138696
C:\Users\miker\wake_word_project\data\negative\up\659b7fae_nohash_0.wav,0.001252
C:\Users\miker\wake_word_project\data\negative\Hey__Magis_wrong_ways_to_say\Recording (61).wav,0.740997
C:\Users\miker\wake_word_project\data\negative\happy\146d97db_nohash_0.wav,0.001602
C:\Users\miker\wake_word_project\data\negative\learn\ab9b93e4_nohash_0.wav,0.006128
C:\Users\miker\wake_word_project\data\negative\down\9f7079fe_nohash_0.wav,0.000402
C:\Users\miker\wake_word_project\data\negative\off\179a61b7_nohash_3.wav,0.005108
C:\Users\miker\wake_word_project\data\negative\two\7d6b4b10_nohash_3.wav,0.002071
C:\Users\miker\wake_word_project\data\negative\yes\1851e33b_nohash_0.wav,0.001046
C:\Users\miker\wake_word_project\data\negative\nine\2c393fd2_nohash_0.wav,0.002178
C:\Users\miker\wake_word_project\data\negative\down\050170cb_nohash_3.wav,0.000091
C:\Users\miker\wake_word_project\data\negative\sheila\b1df80c0_nohash_0.wav,0.004447
C:\Users\miker\wake_word_project\data\negative\forward\1c84a139_nohash_0.wav,0.002130
C:\Users\miker\wake_word_project\data\negative\one\c1d39ce8_nohash_7.wav,0.001278
C:\Users\miker\wake_word_project\data\negative\left\c7b4049e_nohash_0.wav,0.000225
C:\Users\miker\wake_word_project\data\negative\nine\94de6a6a_nohash_2.wav,0.001887
C:\Users\miker\wake_word_project\data\negative\go\08ab231c_nohash_2.wav,0.000681
C:\Users\miker\wake_word_project\data\negative\six\86f3558f_nohash_0.wav,0.000184
C:\Users\miker\wake_word_project\data\negative\house\5d9bb361_nohash_0.wav,0.001581
C:\Users\miker\wake_word_project\data\negative\forward\79b37d3a_nohash_0.wav,0.001372
C:\Users\miker\wake_word_project\data\negative\yes\004ae714_nohash_0.wav,0.000854
C:\Users\miker\wake_word_project\data\negative\two\c9b5ff26_nohash_0.wav,0.001395
C:\Users\miker\wake_word_project\data\negative\four\0ab3b47d_nohash_1.wav,0.000270
C:\Users\miker\wake_word_project\data\negative\right\890cc926_nohash_3.wav,0.004427
C:\Users\miker\wake_word_project\data\negative\wow\6f689791_nohash_0.wav,0.001703
C:\Users\miker\wake_word_project\data\negative\four\5fe4a278_nohash_0.wav,0.002173
C:\Users\miker\wake_word_project\data\negative\go\98ea0818_nohash_2.wav,0.003484
C:\Users\miker\wake_word_project\data\negative\wow\5744b6a7_nohash_0.wav,0.000194
C:\Users\miker\wake_word_project\data\negative\go\d1453a87_nohash_0.wav,0.009770
C:\Users\miker\wake_word_project\data\negative\house\20fd451f_nohash_0.wav,0.003572
C:\Users\miker\wake_word_project\data\negative\go\61e2f74f_nohash_0.wav,0.001591
C:\Users\miker\wake_word_project\data\negative\four\7ca023e2_nohash_0.wav,0.001320
C:\Users\miker\wake_word_project\data\negative\happy\2a89ad5c_nohash_1.wav,0.002268
C:\Users\miker\wake_word_project\data\negative\three\07089da9_nohash_4.wav,0.002714
C:\Users\miker\wake_word_project\data\negative\nine\a929f9b9_nohash_0.wav,0.001896
C:\Users\miker\wake_word_project\data\negative\five\b5cf6ea8_nohash_9.wav,0.054775
C:\Users\miker\wake_word_project\data\negative\eight\0c09f202_nohash_1.wav,0.000247
C:\Users\miker\wake_word_project\data\negative\eight\840eab5a_nohash_0.wav,0.001120
C:\Users\miker\wake_word_project\data\negative\down\1b18600d_nohash_0.wav,0.000383
C:\Users\miker\wake_word_project\data\negative\two\8e884ec4_nohash_0.wav,0.000836
C:\Users\miker\wake_word_project\data\negative\two\2039b9c1_nohash_0.wav,0.001223
C:\Users\miker\wake_word_project\data\negative\right\4e6902d0_nohash_0.wav,0.000175
C:\Users\miker\wake_word_project\data\negative\stop\df1d5024_nohash_0.wav,0.055132
C:\Users\miker\wake_word_project\data\negative\backward\893705bb_nohash_1.wav,0.001472
C:\Users\miker\wake_word_project\data\negative\yes\9aa21fa9_nohash_3.wav,0.003421
C:\Users\miker\wake_word_project\data\negative\seven\ef77b778_nohash_3.wav,0.001630
C:\Users\miker\wake_word_project\data\negative\bird\e7ea8b76_nohash_0.wav,0.000821
C:\Users\miker\wake_word_project\data\negative\one\f0522ff4_nohash_2.wav,0.000680
C:\Users\miker\wake_word_project\data\negative\no\27c24504_nohash_4.wav,0.001690
C:\Users\miker\wake_word_project\data\negative\three\1afd49bf_nohash_0.wav,0.003468
C:\Users\miker\wake_word_project\data\negative\left\d278d8ef_nohash_0.wav,0.005780
C:\Users\miker\wake_word_project\data\negative\right\4a1e736b_nohash_2.wav,0.188754
C:\Users\miker\wake_word_project\data\negative\six\8dc18a75_nohash_2.wav,0.005306
C:\Users\miker\wake_word_project\data\negative\house\b0f24c9b_nohash_1.wav,0.000866
C:\Users\miker\wake_word_project\data\negative\right\3b3d2f59_nohash_1.wav,0.001550
C:\Users\miker\wake_word_project\data\negative\yes\9b027ecf_nohash_0.wav,0.002337
C:\Users\miker\wake_word_project\data\negative\right\f0ac2522_nohash_0.wav,0.002091
C:\Users\miker\wake_word_project\data\negative\learn\12623a81_nohash_0.wav,0.000231
C:\Users\miker\wake_word_project\data\negative\off\0d82fd99_nohash_1.wav,0.000233
C:\Users\miker\wake_word_project\data\negative\go\25c14394_nohash_0.wav,0.000581
C:\Users\miker\wake_word_project\data\negative\yes\22aa3665_nohash_0.wav,0.001977
C:\Users\miker\wake_word_project\data\negative\six\a04817c2_nohash_3.wav,0.000938
C:\Users\miker\wake_word_project\data\negative\eight\ca4d5368_nohash_4.wav,0.001016
C:\Users\miker\wake_word_project\data\negative\cat\b00c4c53_nohash_2.wav,0.000066
C:\Users\miker\wake_word_project\data\negative\seven\6c429c7b_nohash_2.wav,0.000700
C:\Users\miker\wake_word_project\data\negative\zero\b9f46737_nohash_4.wav,0.001877
C:\Users\miker\wake_word_project\data\negative\off\ef3367d9_nohash_5.wav,0.001756
C:\Users\miker\wake_word_project\data\negative\one\cd7f8c1b_nohash_2.wav,0.002029
C:\Users\miker\wake_word_project\data\negative\seven\e8d562ca_nohash_1.wav,0.003785
C:\Users\miker\wake_word_project\data\negative\bird\4cb874bb_nohash_0.wav,0.002064
C:\Users\miker\wake_word_project\data\negative\right\a97017df_nohash_0.wav,0.000806
C:\Users\miker\wake_word_project\data\negative\nine\5e033479_nohash_0.wav,0.005055
C:\Users\miker\wake_word_project\data\negative\no\e7ea8b76_nohash_0.wav,0.004418
C:\Users\miker\wake_word_project\data\negative\two\e652590d_nohash_0.wav,0.000079
C:\Users\miker\wake_word_project\data\negative\yes\f7879738_nohash_0.wav,0.002466
C:\Users\miker\wake_word_project\data\negative\follow\ccca5655_nohash_3.wav,0.001994
C:\Users\miker\wake_word_project\data\negative\one\1993db46_nohash_0.wav,0.002738
C:\Users\miker\wake_word_project\data\negative\eight\88053e92_nohash_0.wav,0.001485
C:\Users\miker\wake_word_project\data\negative\up\4fd1443e_nohash_2.wav,0.005216
C:\Users\miker\wake_word_project\data\negative\seven\2e30f9a5_nohash_1.wav,0.008320
C:\Users\miker\wake_word_project\data\negative\one\30276d03_nohash_0.wav,0.050814
C:\Users\miker\wake_word_project\data\negative\left\d5356b9a_nohash_1.wav,0.003350
C:\Users\miker\wake_word_project\data\negative\two\fce65496_nohash_0.wav,0.009218
C:\Users\miker\wake_word_project\data\negative\backward\ae32324a_nohash_0.wav,0.004319
C:\Users\miker\wake_word_project\data\negative\backward\f1eaff75_nohash_0.wav,0.005123
C:\Users\miker\wake_word_project\data\negative\two\8012c69d_nohash_2.wav,0.000917
C:\Users\miker\wake_word_project\data\negative\four\c245d3d7_nohash_1.wav,0.001547
C:\Users\miker\wake_word_project\data\negative\no\6f1ffef6_nohash_2.wav,0.009553
C:\Users\miker\wake_word_project\data\negative\six\c2aeb59d_nohash_0.wav,0.002742
C:\Users\miker\wake_word_project\data\negative\down\d98dd124_nohash_2.wav,0.001237
C:\Users\miker\wake_word_project\data\negative\marvin\51eefcc6_nohash_1.wav,0.002029
C:\Users\miker\wake_word_project\data\negative\nine\d33df435_nohash_0.wav,0.006443
C:\Users\miker\wake_word_project\data\negative\stop\d37e4bf1_nohash_0.wav,0.000384
C:\Users\miker\wake_word_project\data\negative\happy\cc6ee39b_nohash_0.wav,0.007752
C:\Users\miker\wake_word_project\data\negative\sheila\538e1856_nohash_1.wav,0.000866
C:\Users\miker\wake_word_project\data\negative\happy\ff21fb59_nohash_1.wav,0.001116
C:\Users\miker\wake_word_project\data\negative\go\ad63d93c_nohash_4.wav,0.000430
C:\Users\miker\wake_word_project\data\negative\house\61e50f62_nohash_1.wav,0.000395
C:\Users\miker\wake_word_project\data\negative\one\97e0c576_nohash_0.wav,0.000699
C:\Users\miker\wake_word_project\data\negative\stop\d91a159e_nohash_0.wav,0.001791
C:\Users\miker\wake_word_project\data\negative\nine\35c8fa78_nohash_0.wav,0.018068
C:\Users\miker\wake_word_project\data\negative\nine\fac7deca_nohash_0.wav,0.007842
C:\Users\miker\wake_word_project\data\negative\forward\92521ccc_nohash_1.wav,0.001167
C:\Users\miker\wake_word_project\data\negative\right\8769c34c_nohash_1.wav,0.001508
C:\Users\miker\wake_word_project\data\negative\off\f550b7dc_nohash_1.wav,0.000138
C:\Users\miker\wake_word_project\data\negative\four\c18d8d00_nohash_0.wav,0.001711
C:\Users\miker\wake_word_project\data\negative\off\c948d727_nohash_0.wav,0.005225
C:\Users\miker\wake_word_project\data\negative\up\64e48f55_nohash_1.wav,0.002439
C:\Users\miker\wake_word_project\data\negative\yes\321aba74_nohash_4.wav,0.011135
C:\Users\miker\wake_word_project\data\negative\no\3102f006_nohash_3.wav,0.000731
C:\Users\miker\wake_word_project\data\negative\nine\f30285c8_nohash_4.wav,0.000781
C:\Users\miker\wake_word_project\data\negative\off\24befdb3_nohash_2.wav,0.004920
C:\Users\miker\wake_word_project\data\negative\learn\050170cb_nohash_3.wav,0.000572
C:\Users\miker\wake_word_project\data\negative\on\de89e2ca_nohash_2.wav,0.000394
C:\Users\miker\wake_word_project\data\negative\forward\332d33b1_nohash_3.wav,0.003520
C:\Users\miker\wake_word_project\data\negative\six\6fb3d5a7_nohash_1.wav,0.013514
C:\Users\miker\wake_word_project\data\negative\eight\e4be0cf6_nohash_0.wav,0.001294
C:\Users\miker\wake_word_project\data\negative\six\9a69672b_nohash_4.wav,0.000836
C:\Users\miker\wake_word_project\data\negative\two\e2b7d6d6_nohash_3.wav,0.000095
C:\Users\miker\wake_word_project\data\negative\go\5eb5fc74_nohash_0.wav,0.010003
C:\Users\miker\wake_word_project\data\negative\down\d0858dce_nohash_0.wav,0.001759
C:\Users\miker\wake_word_project\data\negative\visual\3b4f8f24_nohash_3.wav,0.038513
C:\Users\miker\wake_word_project\data\negative\zero\dedc7fab_nohash_0.wav,0.019407
C:\Users\miker\wake_word_project\data\negative\go\a1cf7fd8_nohash_0.wav,0.000573
C:\Users\miker\wake_word_project\data\negative\sheila\c0e3ff37_nohash_1.wav,0.001760
C:\Users\miker\wake_word_project\data\negative\on\3cc595de_nohash_1.wav,0.000603
C:\Users\miker\wake_word_project\data\negative\no\7f74626f_nohash_2.wav,0.000264
C:\Users\miker\wake_word_project\data\negative\four\3c8dc702_nohash_0.wav,0.010672
C:\Users\miker\wake_word_project\data\negative\five\616420be_nohash_2.wav,0.000645
C:\Users\miker\wake_word_project\data\negative\zero\c0445658_nohash_0.wav,0.000042
C:\Users\miker\wake_word_project\data\negative\wow\86402da1_nohash_1.wav,0.001584
C:\Users\miker\wake_word_project\data\negative\five\81332c92_nohash_0.wav,0.000594
C:\Users\miker\wake_word_project\data\negative\one\a73be046_nohash_0.wav,0.005361
C:\Users\miker\wake_word_project\data\negative\zero\eeaf97c3_nohash_3.wav,0.002729
C:\Users\miker\wake_word_project\data\negative\backward\c5a1e46c_nohash_0.wav,0.001918
C:\Users\miker\wake_word_project\data\negative\follow\f30285c8_nohash_0.wav,0.001527
C:\Users\miker\wake_word_project\data\negative\off\de89e2ca_nohash_1.wav,0.017694
C:\Users\miker\wake_word_project\data\negative\right\8eb4a1bf_nohash_2.wav,0.014004
C:\Users\miker\wake_word_project\data\negative\five\0137b3f4_nohash_2.wav,0.000236
C:\Users\miker\wake_word_project\data\negative\three\763188c4_nohash_0.wav,0.033872
C:\Users\miker\wake_word_project\data\negative\seven\23ad12d8_nohash_0.wav,0.001703
C:\Users\miker\wake_word_project\data\negative\seven\b4ea0d9a_nohash_1.wav,0.001148
C:\Users\miker\wake_word_project\data\negative\visual\365908bd_nohash_4.wav,0.019770
C:\Users\miker\wake_word_project\data\negative\zero\42a99aec_nohash_2.wav,0.004482
C:\Users\miker\wake_word_project\data\negative\right\18e910f4_nohash_2.wav,0.000866
C:\Users\miker\wake_word_project\data\negative\left\4abefdf5_nohash_0.wav,0.000898
C:\Users\miker\wake_word_project\data\negative\happy\3d6bee47_nohash_0.wav,0.037313
C:\Users\miker\wake_word_project\data\negative\six\1d1fe0a0_nohash_1.wav,0.003550
C:\Users\miker\wake_word_project\data\negative\six\4fd1443e_nohash_1.wav,0.010205
C:\Users\miker\wake_word_project\data\negative\cat\3f6ba067_nohash_0.wav,0.000643
C:\Users\miker\wake_word_project\data\negative\off\126a31d2_nohash_1.wav,0.004204
C:\Users\miker\wake_word_project\data\negative\down\cab100c9_nohash_0.wav,0.027338
C:\Users\miker\wake_word_project\data\negative\up\0d2bcf9d_nohash_1.wav,0.000164
C:\Users\miker\wake_word_project\data\negative\five\f174517e_nohash_1.wav,0.001099
C:\Users\miker\wake_word_project\data\negative\dog\0d393936_nohash_0.wav,0.001312
C:\Users\miker\wake_word_project\data\negative\four\ec7d1151_nohash_0.wav,0.000909
C:\Users\miker\wake_word_project\data\negative\one\c1d39ce8_nohash_4.wav,0.000895
C:\Users\miker\wake_word_project\data\negative\three\6ceeb9aa_nohash_0.wav,0.003905
C:\Users\miker\wake_word_project\data\negative\on\d8ed3745_nohash_1.wav,0.000040
C:\Users\miker\wake_word_project\data\negative\wow\e57abea3_nohash_0.wav,0.001827
C:\Users\miker\wake_word_project\data\negative\marvin\e3b64217_nohash_0.wav,0.001270
C:\Users\miker\wake_word_project\data\negative\happy\cd68e997_nohash_0.wav,0.009378
C:\Users\miker\wake_word_project\data\negative\nine\cd7f8c1b_nohash_3.wav,0.001064
C:\Users\miker\wake_word_project\data\negative\nine\c9b653a0_nohash_4.wav,0.003613
C:\Users\miker\wake_word_project\data\negative\six\0d82fd99_nohash_3.wav,0.007997
C:\Users\miker\wake_word_project\data\negative\sheila\e7334395_nohash_1.wav,0.000557
C:\Users\miker\wake_word_project\data\negative\happy\ae92fa32_nohash_0.wav,0.001414
C:\Users\miker\wake_word_project\data\negative\nine\3d3ddaf8_nohash_0.wav,0.000801
C:\Users\miker\wake_word_project\data\negative\bed\7c1d8533_nohash_0.wav,0.000095
C:\Users\miker\wake_word_project\data\negative\off\879a2b38_nohash_3.wav,0.001473
C:\Users\miker\wake_word_project\data\negative\eight\90804775_nohash_0.wav,0.015900
C:\Users\miker\wake_word_project\data\negative\nine\7e7ca854_nohash_1.wav,0.001651
C:\Users\miker\wake_word_project\data\negative\two\af790082_nohash_1.wav,0.001372
C:\Users\miker\wake_word_project\data\negative\stop\982babaf_nohash_2.wav,0.008006
C:\Users\miker\wake_word_project\data\negative\four\590750e8_nohash_1.wav,0.000147
C:\Users\miker\wake_word_project\data\negative\six\a1cf7fd8_nohash_3.wav,0.004692
C:\Users\miker\wake_word_project\data\negative\tree\421ed23f_nohash_1.wav,0.001131
C:\Users\miker\wake_word_project\data\negative\tree\353b4d33_nohash_1.wav,0.001398
C:\Users\miker\wake_word_project\data\negative\seven\d3831f6a_nohash_1.wav,0.000423
C:\Users\miker\wake_word_project\data\negative\follow\c9b5ff26_nohash_2.wav,0.003590
C:\Users\miker\wake_word_project\data\negative\zero\1bb574f9_nohash_0.wav,0.000107
C:\Users\miker\wake_word_project\data\negative\learn\679463fc_nohash_3.wav,0.004959
C:\Users\miker\wake_word_project\data\negative\nine\a1cff772_nohash_1.wav,0.029964
C:\Users\miker\wake_word_project\data\negative\marvin\4beff0c5_nohash_0.wav,0.000149
C:\Users\miker\wake_word_project\data\negative\two\773e26f7_nohash_0.wav,0.003771
C:\Users\miker\wake_word_project\data\negative\right\eb3f7d82_nohash_1.wav,0.000166
C:\Users\miker\wake_word_project\data\negative\right\1fc04a13_nohash_2.wav,0.000952
C:\Users\miker\wake_word_project\data\negative\yes\eee5e541_nohash_0.wav,0.002994
C:\Users\miker\wake_word_project\data\negative\wow\66cff190_nohash_0.wav,0.000444
C:\Users\miker\wake_word_project\data\negative\on\c0cb43d6_nohash_0.wav,0.001421
C:\Users\miker\wake_word_project\data\negative\down\1a994c9f_nohash_1.wav,0.000775
C:\Users\miker\wake_word_project\data\negative\no\80fe1dc7_nohash_0.wav,0.001527
C:\Users\miker\wake_word_project\data\negative\stop\ddedba85_nohash_4.wav,0.001460
C:\Users\miker\wake_word_project\data\negative\learn\9f93e408_nohash_1.wav,0.042334
C:\Users\miker\wake_word_project\data\negative\one\51055bda_nohash_2.wav,0.000783
C:\Users\miker\wake_word_project\data\negative\three\8134f43f_nohash_1.wav,0.030126
C:\Users\miker\wake_word_project\data\negative\five\57cb3575_nohash_1.wav,0.001375
C:\Users\miker\wake_word_project\data\negative\follow\2fee065a_nohash_3.wav,0.000195
C:\Users\miker\wake_word_project\data\negative\three\ccca5655_nohash_3.wav,0.000265
C:\Users\miker\wake_word_project\data\negative\zero\fe291fa9_nohash_0.wav,0.000819
C:\Users\miker\wake_word_project\data\negative\nine\08ab8082_nohash_0.wav,0.001152
C:\Users\miker\wake_word_project\data\negative\off\e1469561_nohash_4.wav,0.015606
C:\Users\miker\wake_word_project\data\negative\three\7e4fa1d8_nohash_1.wav,0.000294
C:\Users\miker\wake_word_project\data\negative\stop\ceaadb24_nohash_2.wav,0.000345
C:\Users\miker\wake_word_project\data\negative\six\7211390b_nohash_1.wav,0.003828
C:\Users\miker\wake_word_project\data\negative\off\47d01978_nohash_0.wav,0.000923
C:\Users\miker\wake_word_project\data\negative\dog\c2d15ea5_nohash_0.wav,0.001404
C:\Users\miker\wake_word_project\data\negative\down\1fe4c891_nohash_2.wav,0.000721
C:\Users\miker\wake_word_project\data\negative\five\e54a0f16_nohash_4.wav,0.002215
C:\Users\miker\wake_word_project\data\negative\nine\3a69f765_nohash_1.wav,0.002193
C:\Users\miker\wake_word_project\data\negative\go\5a5721f8_nohash_4.wav,0.000739
C:\Users\miker\wake_word_project\data\negative\left\c37a72d3_nohash_2.wav,0.001343
C:\Users\miker\wake_word_project\data\negative\left\e0c782d5_nohash_1.wav,0.000571
C:\Users\miker\wake_word_project\data\negative\tree\7e6bd776_nohash_0.wav,0.000953
C:\Users\miker\wake_word_project\data\negative\learn\fbb56351_nohash_0.wav,0.000378
C:\Users\miker\wake_word_project\data\negative\up\c099668c_nohash_1.wav,0.000147
C:\Users\miker\wake_word_project\data\negative\stop\96d8bb6f_nohash_3.wav,0.001772
C:\Users\miker\wake_word_project\data\negative\three\f19c1390_nohash_2.wav,0.002761
C:\Users\miker\wake_word_project\data\negative\no\f5e5e8b0_nohash_1.wav,0.000836
C:\Users\miker\wake_word_project\data\negative\house\7e1054e7_nohash_0.wav,0.002952
C:\Users\miker\wake_word_project\data\negative\on\b0f5b16d_nohash_4.wav,0.000338
C:\Users\miker\wake_word_project\data\negative\zero\211b928a_nohash_3.wav,0.002865
C:\Users\miker\wake_word_project\data\negative\nine\e3e49931_nohash_0.wav,0.001477
C:\Users\miker\wake_word_project\data\negative\six\f5341341_nohash_3.wav,0.029445
C:\Users\miker\wake_word_project\data\negative\seven\42f81601_nohash_1.wav,0.007664
C:\Users\miker\wake_word_project\data\negative\on\db24628d_nohash_0.wav,0.000768
C:\Users\miker\wake_word_project\data\negative\follow\29dce108_nohash_1.wav,0.001404
C:\Users\miker\wake_word_project\data\negative\forward\91ffb786_nohash_1.wav,0.000804
C:\Users\miker\wake_word_project\data\negative\bed\b1f8326d_nohash_0.wav,0.000161
C:\Users\miker\wake_word_project\data\negative\eight\b2fbe484_nohash_1.wav,0.001477
C:\Users\miker\wake_word_project\data\negative\visual\d264f7b6_nohash_3.wav,0.005536
C:\Users\miker\wake_word_project\data\negative\go\978240e1_nohash_0.wav,0.001794
C:\Users\miker\wake_word_project\data\negative\happy\4874a7e9_nohash_0.wav,0.000165
C:\Users\miker\wake_word_project\data\negative\wow\d8c314c0_nohash_1.wav,0.000308
C:\Users\miker\wake_word_project\data\negative\up\64df20d8_nohash_4.wav,0.000115
C:\Users\miker\wake_word_project\data\negative\yes\1ed0b13d_nohash_0.wav,0.005686
C:\Users\miker\wake_word_project\data\negative\four\c1d39ce8_nohash_3.wav,0.006051
C:\Users\miker\wake_word_project\data\negative\follow\234d6a48_nohash_2.wav,0.000215
C:\Users\miker\wake_word_project\data\negative\off\0474c92a_nohash_0.wav,0.001543
C:\Users\miker\wake_word_project\data\negative\down\ece1a95a_nohash_1.wav,0.000343
C:\Users\miker\wake_word_project\data\negative\down\b2c1ad13_nohash_0.wav,0.002451
C:\Users\miker\wake_word_project\data\negative\dog\46a153d8_nohash_0.wav,0.001583
C:\Users\miker\wake_word_project\data\negative\sheila\520b2c17_nohash_0.wav,0.001545
C:\Users\miker\wake_word_project\data\negative\cat\ab353673_nohash_0.wav,0.001413
C:\Users\miker\wake_word_project\data\negative\bed\e5d2e09d_nohash_0.wav,0.000951
C:\Users\miker\wake_word_project\data\negative\yes\cd85758f_nohash_0.wav,0.001081
C:\Users\miker\wake_word_project\data\negative\off\042a8dde_nohash_1.wav,0.001821
C:\Users\miker\wake_word_project\data\negative\seven\5f8097e1_nohash_1.wav,0.000856
C:\Users\miker\wake_word_project\data\negative\yes\a16013b7_nohash_1.wav,0.001633
C:\Users\miker\wake_word_project\data\negative\down\3efa7ec4_nohash_0.wav,0.001047
C:\Users\miker\wake_word_project\data\negative\down\f3cee168_nohash_1.wav,0.001056
C:\Users\miker\wake_word_project\data\negative\happy\f864cd4a_nohash_2.wav,0.000845
C:\Users\miker\wake_word_project\data\negative\three\017c4098_nohash_2.wav,0.000628
C:\Users\miker\wake_word_project\data\negative\five\b0f5b16d_nohash_2.wav,0.000117
C:\Users\miker\wake_word_project\data\negative\down\4c6167ca_nohash_1.wav,0.000354
C:\Users\miker\wake_word_project\data\negative\tree\a1c63f25_nohash_0.wav,0.000172
C:\Users\miker\wake_word_project\data\negative\no\c6389ab0_nohash_1.wav,0.000532
C:\Users\miker\wake_word_project\data\negative\left\a16013b7_nohash_0.wav,0.002526
C:\Users\miker\wake_word_project\data\negative\go\62f05757_nohash_1.wav,0.001172
C:\Users\miker\wake_word_project\data\negative\happy\023a61ad_nohash_0.wav,0.002664
C:\Users\miker\wake_word_project\data\negative\wow\7799c9cd_nohash_3.wav,0.000521
C:\Users\miker\wake_word_project\data\negative\learn\61ab8fbc_nohash_2.wav,0.014368
C:\Users\miker\wake_word_project\data\negative\on\a16013b7_nohash_0.wav,0.000285
C:\Users\miker\wake_word_project\data\negative\three\4cee0c60_nohash_3.wav,0.000780
C:\Users\miker\wake_word_project\data\negative\eight\bbc30633_nohash_3.wav,0.011499
C:\Users\miker\wake_word_project\data\negative\eight\e5e54cee_nohash_0.wav,0.001356
C:\Users\miker\wake_word_project\data\negative\seven\7622d95b_nohash_0.wav,0.004555
C:\Users\miker\wake_word_project\data\negative\follow\72e382bd_nohash_0.wav,0.000513
C:\Users\miker\wake_word_project\data\negative\bird\0b56bcfe_nohash_0.wav,0.002820
C:\Users\miker\wake_word_project\data\negative\bird\7303215d_nohash_0.wav,0.000810
C:\Users\miker\wake_word_project\data\negative\two\211ccd2e_nohash_0.wav,0.000031
C:\Users\miker\wake_word_project\data\negative\nine\afabfa0e_nohash_0.wav,0.001585
C:\Users\miker\wake_word_project\data\negative\marvin\4d463b96_nohash_0.wav,0.000243
C:\Users\miker\wake_word_project\data\negative\one\bf90a57a_nohash_0.wav,0.006556
C:\Users\miker\wake_word_project\data\negative\one\6fb3d5a7_nohash_0.wav,0.000915
C:\Users\miker\wake_word_project\data\negative\house\8dd24423_nohash_0.wav,0.003145
C:\Users\miker\wake_word_project\data\negative\sheila\53578f4e_nohash_2.wav,0.000821
C:\Users\miker\wake_word_project\data\negative\on\b0bad4a9_nohash_1.wav,0.014145
C:\Users\miker\wake_word_project\data\negative\five\0717b9f6_nohash_4.wav,0.016157
C:\Users\miker\wake_word_project\data\negative\up\499be02e_nohash_3.wav,0.002906
C:\Users\miker\wake_word_project\data\negative\follow\fa57ab3b_nohash_2.wav,0.004009
C:\Users\miker\wake_word_project\data\negative\stop\1887fe04_nohash_0.wav,0.000989
C:\Users\miker\wake_word_project\data\negative\stop\51055bda_nohash_3.wav,0.000965
C:\Users\miker\wake_word_project\data\negative\one\144d27ff_nohash_0.wav,0.000662
C:\Users\miker\wake_word_project\data\negative\three\7c1d8533_nohash_2.wav,0.005277
C:\Users\miker\wake_word_project\data\negative\yes\18f8afd5_nohash_2.wav,0.020830
C:\Users\miker\wake_word_project\data\negative\three\a80f9f53_nohash_1.wav,0.000761
C:\Users\miker\wake_word_project\data\negative\six\2c727642_nohash_0.wav,0.001154
C:\Users\miker\wake_word_project\data\negative\on\578d3efb_nohash_3.wav,0.000349
C:\Users\miker\wake_word_project\data\negative\seven\5aac2efa_nohash_0.wav,0.084621
C:\Users\miker\wake_word_project\data\negative\three\c692524d_nohash_0.wav,0.000277
C:\Users\miker\wake_word_project\data\negative\three\c39703ec_nohash_3.wav,0.001771
C:\Users\miker\wake_word_project\data\negative\seven\b3849d6e_nohash_0.wav,0.008716
C:\Users\miker\wake_word_project\data\negative\left\a489191a_nohash_1.wav,0.002067
C:\Users\miker\wake_word_project\data\negative\nine\5c8af87a_nohash_1.wav,0.000458
C:\Users\miker\wake_word_project\data\negative\one\eb0676ec_nohash_3.wav,0.000419
C:\Users\miker\wake_word_project\data\negative\seven\df1d5024_nohash_0.wav,0.020816
C:\Users\miker\wake_word_project\data\negative\go\50d1c8e3_nohash_1.wav,0.001276
C:\Users\miker\wake_word_project\data\negative\zero\e5dadd24_nohash_0.wav,0.000144
C:\Users\miker\wake_word_project\data\negative\down\7f74626f_nohash_2.wav,0.000324
C:\Users\miker\wake_word_project\data\negative\on\964e8cfd_nohash_2.wav,0.003696
C:\Users\miker\wake_word_project\data\negative\left\94de6a6a_nohash_3.wav,0.003649
C:\Users\miker\wake_word_project\data\negative\off\8a90cf67_nohash_2.wav,0.000232
C:\Users\miker\wake_word_project\data\negative\happy\cdfbbe75_nohash_0.wav,0.005180
C:\Users\miker\wake_word_project\data\negative\five\b4ea0d9a_nohash_0.wav,0.001113
C:\Users\miker\wake_word_project\data\negative\left\692a88e6_nohash_3.wav,0.014298
C:\Users\miker\wake_word_project\data\negative\backward\d394ef8e_nohash_1.wav,0.001880
C:\Users\miker\wake_word_project\data\negative\backward\02ade946_nohash_0.wav,0.000772
C:\Users\miker\wake_word_project\data\negative\seven\59c3a7f2_nohash_0.wav,0.008264
C:\Users\miker\wake_word_project\data\negative\yes\64df20d8_nohash_0.wav,0.003208
C:\Users\miker\wake_word_project\data\negative\five\12529547_nohash_1.wav,0.001004
C:\Users\miker\wake_word_project\data\negative\nine\3bc21161_nohash_0.wav,0.000128
C:\Users\miker\wake_word_project\data\negative\learn\a1e71565_nohash_0.wav,0.002422
C:\Users\miker\wake_word_project\data\negative\one\837a0f64_nohash_2.wav,0.001137
C:\Users\miker\wake_word_project\data\negative\seven\bbd0bbd0_nohash_3.wav,0.008864
C:\Users\miker\wake_word_project\data\negative\backward\ace072ba_nohash_0.wav,0.001288
C:\Users\miker\wake_word_project\data\negative\two\f21893dc_nohash_0.wav,0.001921
C:\Users\miker\wake_word_project\data\negative\right\44c201dd_nohash_0.wav,0.004110
C:\Users\miker\wake_word_project\data\negative\yes\4d0d9906_nohash_0.wav,0.001372
C:\Users\miker\wake_word_project\data\negative\one\c50f55b8_nohash_9.wav,0.001579
C:\Users\miker\wake_word_project\data\negative\left\460f2bad_nohash_2.wav,0.002807
C:\Users\miker\wake_word_project\data\negative\backward\bbf38549_nohash_2.wav,0.001387
C:\Users\miker\wake_word_project\data\negative\yes\a996cf66_nohash_0.wav,0.000365
C:\Users\miker\wake_word_project\data\negative\on\30060aba_nohash_1.wav,0.000646
C:\Users\miker\wake_word_project\data\negative\zero\b29f8b23_nohash_3.wav,0.005329
C:\Users\miker\wake_word_project\data\negative\left\0e6e36c9_nohash_2.wav,0.014703
C:\Users\miker\wake_word_project\data\negative\stop\4b25f620_nohash_0.wav,0.001290
C:\Users\miker\wake_word_project\data\negative\go\72e382bd_nohash_1.wav,0.000223
C:\Users\miker\wake_word_project\data\negative\zero\a9ca1818_nohash_2.wav,0.001195
C:\Users\miker\wake_word_project\data\negative\backward\978240e1_nohash_2.wav,0.020595
C:\Users\miker\wake_word_project\data\negative\sheila\4e8c5516_nohash_0.wav,0.002312
C:\Users\miker\wake_word_project\data\negative\no\3bb68054_nohash_0.wav,0.000534
C:\Users\miker\wake_word_project\data\negative\forward\f5341341_nohash_3.wav,0.001702
C:\Users\miker\wake_word_project\data\negative\off\879a2b38_nohash_0.wav,0.002796
C:\Users\miker\wake_word_project\data\negative\six\0f7dc557_nohash_0.wav,0.005151
C:\Users\miker\wake_word_project\data\negative\on\686d030b_nohash_1.wav,0.002262
C:\Users\miker\wake_word_project\data\negative\no\f0659908_nohash_1.wav,0.000595
C:\Users\miker\wake_word_project\data\negative\happy\2dce72b3_nohash_1.wav,0.000311
C:\Users\miker\wake_word_project\data\negative\five\f0659908_nohash_0.wav,0.000668
C:\Users\miker\wake_word_project\data\negative\up\e7d0eb3f_nohash_2.wav,0.000708
C:\Users\miker\wake_word_project\data\negative\wow\6f7724f5_nohash_0.wav,0.000216
C:\Users\miker\wake_word_project\data\negative\three\fb8c31a9_nohash_2.wav,0.015220
C:\Users\miker\wake_word_project\data\negative\no\c5570933_nohash_0.wav,0.001587
C:\Users\miker\wake_word_project\data\negative\no\66041c69_nohash_0.wav,0.000950
C:\Users\miker\wake_word_project\data\negative\go\19e246ad_nohash_0.wav,0.000597
C:\Users\miker\wake_word_project\data\negative\Hey__Magis_wrong_ways_to_say\Recording (18).wav,0.968760
C:\Users\miker\wake_word_project\data\negative\down\210f3aa9_nohash_0.wav,0.001004
C:\Users\miker\wake_word_project\data\negative\off\e6327279_nohash_2.wav,0.001246
C:\Users\miker\wake_word_project\data\negative\three\402e2977_nohash_1.wav,0.014073
C:\Users\miker\wake_word_project\data\negative\go\c0445658_nohash_2.wav,0.000057
C:\Users\miker\wake_word_project\data\negative\seven\211b928a_nohash_0.wav,0.001317
C:\Users\miker\wake_word_project\data\negative\yes\9d050657_nohash_0.wav,0.001428
C:\Users\miker\wake_word_project\data\negative\zero\bed06fac_nohash_1.wav,0.012575
C:\Users\miker\wake_word_project\data\negative\stop\d9aa8c90_nohash_4.wav,0.004314
C:\Users\miker\wake_word_project\data\negative\zero\fc28c8d8_nohash_2.wav,0.003543
C:\Users\miker\wake_word_project\data\negative\up\29dce108_nohash_2.wav,0.001083
C:\Users\miker\wake_word_project\data\negative\two\d486fb84_nohash_1.wav,0.000652
C:\Users\miker\wake_word_project\data\negative\house\86478fab_nohash_0.wav,0.008478
C:\Users\miker\wake_word_project\data\negative\learn\69a1a79f_nohash_1.wav,0.003823
C:\Users\miker\wake_word_project\data\negative\tree\2796ac50_nohash_0.wav,0.001096
C:\Users\miker\wake_word_project\data\negative\wow\c6389ab0_nohash_0.wav,0.000799
C:\Users\miker\wake_word_project\data\negative\seven\a42a88ff_nohash_0.wav,0.018401
C:\Users\miker\wake_word_project\data\negative\house\5705a0f9_nohash_0.wav,0.000463
C:\Users\miker\wake_word_project\data\negative\off\92a9c5e6_nohash_2.wav,0.001609
C:\Users\miker\wake_word_project\data\negative\forward\ec9b830b_nohash_0.wav,0.000653
C:\Users\miker\wake_word_project\data\negative\dog\96c66ab7_nohash_0.wav,0.001128
C:\Users\miker\wake_word_project\data\negative\forward\6d7af359_nohash_0.wav,0.000845
C:\Users\miker\wake_word_project\data\negative\five\15c9605c_nohash_1.wav,0.000190
C:\Users\miker\wake_word_project\data\negative\learn\dae01802_nohash_2.wav,0.003467
C:\Users\miker\wake_word_project\data\negative\eight\2da58b32_nohash_0.wav,0.003650
C:\Users\miker\wake_word_project\data\negative\three\b0f5b16d_nohash_0.wav,0.000361
C:\Users\miker\wake_word_project\data\negative\stop\fdb5155e_nohash_0.wav,0.000006
C:\Users\miker\wake_word_project\data\negative\on\f192e6b4_nohash_0.wav,0.000805
C:\Users\miker\wake_word_project\data\negative\house\89e59d18_nohash_1.wav,0.000206
C:\Users\miker\wake_word_project\data\negative\up\62f05757_nohash_0.wav,0.002783
C:\Users\miker\wake_word_project\data\negative\three\2b3f509b_nohash_0.wav,0.000155
C:\Users\miker\wake_word_project\data\negative\right\460209ac_nohash_2.wav,0.000592
C:\Users\miker\wake_word_project\data\negative\forward\e7bcee8a_nohash_0.wav,0.004046
C:\Users\miker\wake_word_project\data\negative\marvin\01b4757a_nohash_1.wav,0.000818
C:\Users\miker\wake_word_project\data\negative\bed\71d0ded4_nohash_0.wav,0.001951
C:\Users\miker\wake_word_project\data\negative\five\978240e1_nohash_0.wav,0.000227
C:\Users\miker\wake_word_project\data\negative\seven\bb05582b_nohash_2.wav,0.005890
C:\Users\miker\wake_word_project\data\negative\bed\a1dd919f_nohash_0.wav,0.001689
C:\Users\miker\wake_word_project\data\negative\forward\bd76a7fd_nohash_0.wav,0.017675
C:\Users\miker\wake_word_project\data\negative\down\e63b69c5_nohash_1.wav,0.000793
C:\Users\miker\wake_word_project\data\negative\learn\352ffbe3_nohash_0.wav,0.000726
C:\Users\miker\wake_word_project\data\negative\house\5f47fdf9_nohash_0.wav,0.003332
C:\Users\miker\wake_word_project\data\negative\up\ea0cf37f_nohash_2.wav,0.001110
C:\Users\miker\wake_word_project\data\negative\on\73f20b00_nohash_2.wav,0.002491
C:\Users\miker\wake_word_project\data\negative\visual\c9b5ff26_nohash_0.wav,0.004110
C:\Users\miker\wake_word_project\data\negative\backward\ab46af55_nohash_0.wav,0.001023
C:\Users\miker\wake_word_project\data\negative\go\856eb138_nohash_0.wav,0.000683
C:\Users\miker\wake_word_project\data\negative\down\845f8553_nohash_1.wav,0.000846
C:\Users\miker\wake_word_project\data\negative\five\893705bb_nohash_4.wav,0.002856
C:\Users\miker\wake_word_project\data\negative\bed\235b444f_nohash_0.wav,0.002136
C:\Users\miker\wake_word_project\data\negative\right\56f8a100_nohash_0.wav,0.001938
C:\Users\miker\wake_word_project\data\negative\four\fb727898_nohash_0.wav,0.000949
C:\Users\miker\wake_word_project\data\negative\nine\2bd2cad5_nohash_0.wav,0.001152
C:\Users\miker\wake_word_project\data\negative\off\d0faf7e4_nohash_3.wav,0.001023
C:\Users\miker\wake_word_project\data\negative\left\b5552931_nohash_3.wav,0.002519
C:\Users\miker\wake_word_project\data\negative\zero\471a0925_nohash_1.wav,0.004534
C:\Users\miker\wake_word_project\data\negative\zero\bbc30633_nohash_2.wav,0.012475
C:\Users\miker\wake_word_project\data\negative\right\837a0f64_nohash_3.wav,0.009325
C:\Users\miker\wake_word_project\data\negative\no\28ed6bc9_nohash_3.wav,0.000733
C:\Users\miker\wake_word_project\data\negative\one\508e30ee_nohash_3.wav,0.000189
C:\Users\miker\wake_word_project\data\negative\up\42beb5eb_nohash_1.wav,0.000470
C:\Users\miker\wake_word_project\data\negative\zero\7be9f58a_nohash_0.wav,0.056475
C:\Users\miker\wake_word_project\data\negative\marvin\a0a8d759_nohash_0.wav,0.020818
C:\Users\miker\wake_word_project\data\negative\down\28e47b1a_nohash_2.wav,0.007279
C:\Users\miker\wake_word_project\data\negative\yes\256c0a05_nohash_2.wav,0.007805
C:\Users\miker\wake_word_project\data\negative\five\61e50f62_nohash_0.wav,0.000034
C:\Users\miker\wake_word_project\data\negative\cat\cc554de3_nohash_1.wav,0.000926
C:\Users\miker\wake_word_project\data\negative\house\3291330e_nohash_0.wav,0.005559
C:\Users\miker\wake_word_project\data\negative\yes\f5733968_nohash_2.wav,0.000777
C:\Users\miker\wake_word_project\data\negative\no\dae01802_nohash_2.wav,0.001498
C:\Users\miker\wake_word_project\data\negative\dog\c38720cb_nohash_1.wav,0.000920
C:\Users\miker\wake_word_project\data\negative\one\8b25410a_nohash_1.wav,0.000881
C:\Users\miker\wake_word_project\data\negative\forward\5ebc1cda_nohash_2.wav,0.007037
C:\Users\miker\wake_word_project\data\negative\four\1dc86f91_nohash_2.wav,0.000384
C:\Users\miker\wake_word_project\data\negative\happy\31601aad_nohash_1.wav,0.000170
C:\Users\miker\wake_word_project\data\negative\backward\fd5ccd39_nohash_2.wav,0.026690
C:\Users\miker\wake_word_project\data\negative\eight\97ae8b25_nohash_1.wav,0.001304
C:\Users\miker\wake_word_project\data\negative\yes\bb05582b_nohash_1.wav,0.000805
C:\Users\miker\wake_word_project\data\negative\up\e5afa9b0_nohash_1.wav,0.001247
C:\Users\miker\wake_word_project\data\negative\happy\1df483c0_nohash_0.wav,0.005987
C:\Users\miker\wake_word_project\data\negative\no\a16013b7_nohash_2.wav,0.000079
C:\Users\miker\wake_word_project\data\negative\yes\d070ea86_nohash_1.wav,0.004637
C:\Users\miker\wake_word_project\data\negative\on\9fac5701_nohash_0.wav,0.004338
C:\Users\miker\wake_word_project\data\negative\go\ff2b842e_nohash_2.wav,0.000135
C:\Users\miker\wake_word_project\data\negative\wow\78030270_nohash_0.wav,0.000825
C:\Users\miker\wake_word_project\data\negative\bird\5d0ab165_nohash_0.wav,0.001209
C:\Users\miker\wake_word_project\data\negative\four\5c237956_nohash_0.wav,0.004294
C:\Users\miker\wake_word_project\data\negative\one\3589bc72_nohash_2.wav,0.002674
C:\Users\miker\wake_word_project\data\negative\wow\5628d7b7_nohash_4.wav,0.000452
C:\Users\miker\wake_word_project\data\negative\yes\cdee383b_nohash_2.wav,0.006771
C:\Users\miker\wake_word_project\data\negative\down\a5d1becc_nohash_2.wav,0.002154
C:\Users\miker\wake_word_project\data\negative\seven\44c201dd_nohash_3.wav,0.003660
C:\Users\miker\wake_word_project\data\negative\two\340c8b10_nohash_1.wav,0.000272
C:\Users\miker\wake_word_project\data\negative\four\b1426003_nohash_0.wav,0.000706
C:\Users\miker\wake_word_project\data\negative\one\a62f807b_nohash_0.wav,0.058514
C:\Users\miker\wake_word_project\data\negative\no\c1e0e8e3_nohash_0.wav,0.000862
C:\Users\miker\wake_word_project\data\negative\two\bd76a7fd_nohash_1.wav,0.002938
C:\Users\miker\wake_word_project\data\negative\left\b91b718c_nohash_1.wav,0.003448
C:\Users\miker\wake_word_project\data\negative\marvin\2b42e7a2_nohash_1.wav,0.001920
C:\Users\miker\wake_word_project\data\negative\five\c93d5e22_nohash_3.wav,0.000061
C:\Users\miker\wake_word_project\data\negative\three\676f8138_nohash_2.wav,0.001475
C:\Users\miker\wake_word_project\data\negative\visual\e2b7d6d6_nohash_0.wav,0.000069
C:\Users\miker\wake_word_project\data\negative\bird\e652590d_nohash_1.wav,0.000162
C:\Users\miker\wake_word_project\data\negative\wow\e7117d00_nohash_1.wav,0.000980
C:\Users\miker\wake_word_project\data\negative\sheila\638548d5_nohash_1.wav,0.004191
C:\Users\miker\wake_word_project\data\negative\seven\42e3f068_nohash_0.wav,0.003469
C:\Users\miker\wake_word_project\data\negative\eight\98ea0818_nohash_4.wav,0.003952
C:\Users\miker\wake_word_project\data\negative\one\e77d88fc_nohash_0.wav,0.000149
C:\Users\miker\wake_word_project\data\negative\three\bcf614a2_nohash_0.wav,0.007859
C:\Users\miker\wake_word_project\data\negative\left\3df9a3d4_nohash_0.wav,0.008994
C:\Users\miker\wake_word_project\data\negative\four\5705a0f9_nohash_0.wav,0.000379
C:\Users\miker\wake_word_project\data\negative\nine\cab100c9_nohash_0.wav,0.015454
C:\Users\miker\wake_word_project\data\negative\cat\8d5d076d_nohash_0.wav,0.001443
C:\Users\miker\wake_word_project\data\negative\two\3a69f765_nohash_2.wav,0.003277
C:\Users\miker\wake_word_project\data\negative\go\0137b3f4_nohash_2.wav,0.000308
C:\Users\miker\wake_word_project\data\negative\eight\42f81601_nohash_2.wav,0.001206
C:\Users\miker\wake_word_project\data\negative\go\a2cc5444_nohash_1.wav,0.001511
C:\Users\miker\wake_word_project\data\negative\three\8c888bbb_nohash_1.wav,0.000884
C:\Users\miker\wake_word_project\data\negative\on\513aeddf_nohash_1.wav,0.000131
C:\Users\miker\wake_word_project\data\negative\marvin\41474817_nohash_0.wav,0.002239
C:\Users\miker\wake_word_project\data\negative\bed\28ef2a01_nohash_0.wav,0.004402
C:\Users\miker\wake_word_project\data\negative\follow\2a1f4853_nohash_2.wav,0.000489
C:\Users\miker\wake_word_project\data\negative\zero\96a48d28_nohash_4.wav,0.001252
C:\Users\miker\wake_word_project\data\negative\house\c4e1f6e0_nohash_0.wav,0.000420
C:\Users\miker\wake_word_project\data\negative\six\e3e49931_nohash_0.wav,0.000329
C:\Users\miker\wake_word_project\data\negative\eight\8281a2a8_nohash_1.wav,0.005212
C:\Users\miker\wake_word_project\data\negative\zero\65079685_nohash_0.wav,0.002436
C:\Users\miker\wake_word_project\data\negative\go\dabf67d9_nohash_0.wav,0.000241
C:\Users\miker\wake_word_project\data\negative\backward\b76f6088_nohash_2.wav,0.001717
C:\Users\miker\wake_word_project\data\negative\bird\e32ff49d_nohash_0.wav,0.000241
C:\Users\miker\wake_word_project\data\negative\six\c351e611_nohash_1.wav,0.010429
C:\Users\miker\wake_word_project\data\negative\zero\332d33b1_nohash_2.wav,0.005892
C:\Users\miker\wake_word_project\data\negative\up\0f3f64d5_nohash_1.wav,0.000568
C:\Users\miker\wake_word_project\data\negative\one\b8897f1c_nohash_0.wav,0.000375
C:\Users\miker\wake_word_project\data\negative\two\f68160c0_nohash_2.wav,0.001824
C:\Users\miker\wake_word_project\data\negative\stop\42f81601_nohash_0.wav,0.000343
C:\Users\miker\wake_word_project\data\negative\five\aef8dcf5_nohash_1.wav,0.000513
C:\Users\miker\wake_word_project\data\negative\yes\cce7416f_nohash_3.wav,0.011864
C:\Users\miker\wake_word_project\data\negative\down\7ea032f3_nohash_1.wav,0.000525
C:\Users\miker\wake_word_project\data\negative\happy\1a4259c3_nohash_0.wav,0.003853
C:\Users\miker\wake_word_project\data\negative\five\c22ebf46_nohash_2.wav,0.002441
C:\Users\miker\wake_word_project\data\negative\right\924c1a04_nohash_0.wav,0.002458
C:\Users\miker\wake_word_project\data\negative\down\8eb4a1bf_nohash_3.wav,0.003796
C:\Users\miker\wake_word_project\data\negative\two\e1469561_nohash_4.wav,0.014040
C:\Users\miker\wake_word_project\data\negative\three\07363607_nohash_0.wav,0.000996
C:\Users\miker\wake_word_project\data\negative\nine\113b3fbc_nohash_4.wav,0.001314
C:\Users\miker\wake_word_project\data\negative\yes\6fb3d5a7_nohash_0.wav,0.001851
C:\Users\miker\wake_word_project\data\negative\three\3da7f617_nohash_0.wav,0.003383
C:\Users\miker\wake_word_project\data\negative\dog\0d53e045_nohash_1.wav,0.000311
C:\Users\miker\wake_word_project\data\negative\dog\070b49af_nohash_1.wav,0.011882
C:\Users\miker\wake_word_project\data\negative\nine\a591c2ea_nohash_1.wav,0.002218
C:\Users\miker\wake_word_project\data\negative\three\f0ebef1b_nohash_1.wav,0.000401
C:\Users\miker\wake_word_project\data\negative\five\a5d485dc_nohash_1.wav,0.001190
C:\Users\miker\wake_word_project\data\negative\seven\c50f55b8_nohash_1.wav,0.001915
C:\Users\miker\wake_word_project\data\negative\zero\7c1d8533_nohash_5.wav,0.002862
C:\Users\miker\wake_word_project\data\negative\eight\131e738d_nohash_1.wav,0.003504
C:\Users\miker\wake_word_project\data\negative\eight\b76f6088_nohash_2.wav,0.065878
C:\Users\miker\wake_word_project\data\negative\right\229978fd_nohash_0.wav,0.003368
C:\Users\miker\wake_word_project\data\negative\go\834f03fe_nohash_3.wav,0.000222
C:\Users\miker\wake_word_project\data\negative\left\df1d5024_nohash_1.wav,0.017625
C:\Users\miker\wake_word_project\data\negative\sheila\f5d09ebd_nohash_0.wav,0.002977
C:\Users\miker\wake_word_project\data\negative\zero\617de221_nohash_2.wav,0.014155
C:\Users\miker\wake_word_project\data\negative\three\f19c1390_nohash_3.wav,0.000968
C:\Users\miker\wake_word_project\data\negative\yes\573cdb8a_nohash_0.wav,0.002460
C:\Users\miker\wake_word_project\data\negative\nine\5e3dde6b_nohash_1.wav,0.008505
C:\Users\miker\wake_word_project\data\negative\zero\edc53350_nohash_0.wav,0.001235
C:\Users\miker\wake_word_project\data\negative\on\77655bdf_nohash_1.wav,0.000246
C:\Users\miker\wake_word_project\data\negative\wow\3367cff6_nohash_0.wav,0.002258
C:\Users\miker\wake_word_project\data\negative\four\22cb56b3_nohash_0.wav,0.001246
C:\Users\miker\wake_word_project\data\negative\bed\951cac20_nohash_1.wav,0.000704
C:\Users\miker\wake_word_project\data\negative\two\fd5ccd39_nohash_2.wav,0.000444
C:\Users\miker\wake_word_project\data\negative\no\617de221_nohash_4.wav,0.002278
C:\Users\miker\wake_word_project\data\negative\nine\b9515bf3_nohash_1.wav,0.000373
C:\Users\miker\wake_word_project\data\negative\visual\8e523821_nohash_0.wav,0.004181
C:\Users\miker\wake_word_project\data\negative\five\0397ecda_nohash_0.wav,0.000651
C:\Users\miker\wake_word_project\data\negative\happy\39ec87ac_nohash_1.wav,0.000917
C:\Users\miker\wake_word_project\data\negative\bird\bcdaa7a9_nohash_0.wav,0.001655
C:\Users\miker\wake_word_project\data\negative\right\0ba018fc_nohash_2.wav,0.007057
C:\Users\miker\wake_word_project\data\negative\up\9e92ef0c_nohash_3.wav,0.000192
C:\Users\miker\wake_word_project\data\negative\on\6ace4fe1_nohash_2.wav,0.000631
C:\Users\miker\wake_word_project\data\negative\six\0132a06d_nohash_4.wav,0.004748
C:\Users\miker\wake_word_project\data\negative\left\1e412fac_nohash_0.wav,0.001281
C:\Users\miker\wake_word_project\data\negative\seven\f953e1af_nohash_2.wav,0.001683
C:\Users\miker\wake_word_project\data\negative\up\43691f67_nohash_0.wav,0.000874
C:\Users\miker\wake_word_project\data\negative\right\353b4d33_nohash_0.wav,0.000613
C:\Users\miker\wake_word_project\data\negative\four\06f6c194_nohash_0.wav,0.115088
C:\Users\miker\wake_word_project\data\negative\six\437455be_nohash_0.wav,0.009461
C:\Users\miker\wake_word_project\data\negative\forward\cc4f9250_nohash_0.wav,0.001060
C:\Users\miker\wake_word_project\data\negative\sheila\0135f3f2_nohash_1.wav,0.001035
C:\Users\miker\wake_word_project\data\negative\nine\5fb88f4c_nohash_1.wav,0.001049
C:\Users\miker\wake_word_project\data\negative\marvin\338dacf5_nohash_2.wav,0.006557
C:\Users\miker\wake_word_project\data\negative\wow\257e17e0_nohash_1.wav,0.000758
C:\Users\miker\wake_word_project\data\negative\one\7d149b38_nohash_1.wav,0.000347
C:\Users\miker\wake_word_project\data\negative\house\b9515bf3_nohash_0.wav,0.000448
C:\Users\miker\wake_word_project\data\negative\stop\5b09db89_nohash_1.wav,0.002449
C:\Users\miker\wake_word_project\data\negative\sheila\b15fc37d_nohash_1.wav,0.003388
C:\Users\miker\wake_word_project\data\negative\five\d7d733d2_nohash_0.wav,0.001832
C:\Users\miker\wake_word_project\data\negative\dog\9d050657_nohash_0.wav,0.000672
C:\Users\miker\wake_word_project\data\negative\seven\9dc1889e_nohash_1.wav,0.001855
C:\Users\miker\wake_word_project\data\negative\five\af6fbbf5_nohash_1.wav,0.010284
C:\Users\miker\wake_word_project\data\negative\on\d21fd169_nohash_0.wav,0.000355
C:\Users\miker\wake_word_project\data\negative\left\25e95412_nohash_4.wav,0.008609
C:\Users\miker\wake_word_project\data\negative\seven\f0522ff4_nohash_0.wav,0.037054
C:\Users\miker\wake_word_project\data\negative\no\06a79a03_nohash_2.wav,0.000583
C:\Users\miker\wake_word_project\data\negative\on\fb8c31a9_nohash_0.wav,0.058169
C:\Users\miker\wake_word_project\data\negative\backward\0f46028a_nohash_0.wav,0.000528
C:\Users\miker\wake_word_project\data\negative\yes\f798ac78_nohash_0.wav,0.008284
C:\Users\miker\wake_word_project\data\negative\three\b87bdb22_nohash_3.wav,0.000624
C:\Users\miker\wake_word_project\data\negative\right\c39703ec_nohash_1.wav,0.000092
C:\Users\miker\wake_word_project\data\negative\no\6ace4fe1_nohash_2.wav,0.001858
C:\Users\miker\wake_word_project\data\negative\wow\3a53b856_nohash_1.wav,0.001495
C:\Users\miker\wake_word_project\data\negative\forward\b5cf6ea8_nohash_3.wav,0.033693
C:\Users\miker\wake_word_project\data\negative\bed\65f2531f_nohash_0.wav,0.003764
C:\Users\miker\wake_word_project\data\negative\three\146d97db_nohash_0.wav,0.000641
C:\Users\miker\wake_word_project\data\negative\nine\ebdd0f59_nohash_2.wav,0.008140
C:\Users\miker\wake_word_project\data\negative\yes\f839238a_nohash_1.wav,0.001255
C:\Users\miker\wake_word_project\data\negative\three\1890e5c3_nohash_0.wav,0.000910
C:\Users\miker\wake_word_project\data\negative\go\b9f46737_nohash_3.wav,0.000562
C:\Users\miker\wake_word_project\data\negative\marvin\023a61ad_nohash_0.wav,0.033789
C:\Users\miker\wake_word_project\data\negative\visual\3d86b69a_nohash_3.wav,0.004481
C:\Users\miker\wake_word_project\data\negative\dog\3fdafe25_nohash_0.wav,0.001082
C:\Users\miker\wake_word_project\data\negative\tree\e4b02540_nohash_1.wav,0.003875
C:\Users\miker\wake_word_project\data\negative\seven\d9aa8c90_nohash_4.wav,0.000527
C:\Users\miker\wake_word_project\data\negative\no\b66f4f93_nohash_1.wav,0.003268
C:\Users\miker\wake_word_project\data\negative\four\0717b9f6_nohash_2.wav,0.006688
C:\Users\miker\wake_word_project\data\negative\two\ca4912b6_nohash_3.wav,0.001625
C:\Users\miker\wake_word_project\data\negative\right\7bf801d1_nohash_0.wav,0.000962
C:\Users\miker\wake_word_project\data\negative\yes\a80f9f53_nohash_0.wav,0.000101
C:\Users\miker\wake_word_project\data\negative\sheila\834f03fe_nohash_0.wav,0.008203
C:\Users\miker\wake_word_project\data\negative\five\a77fbcfd_nohash_1.wav,0.004692
C:\Users\miker\wake_word_project\data\negative\stop\d78858d9_nohash_0.wav,0.009234
C:\Users\miker\wake_word_project\data\negative\learn\4c6944d6_nohash_2.wav,0.009163
C:\Users\miker\wake_word_project\data\negative\marvin\2250f5f2_nohash_1.wav,0.001192
C:\Users\miker\wake_word_project\data\negative\off\74241b28_nohash_1.wav,0.003569
C:\Users\miker\wake_word_project\data\negative\three\ce0cb033_nohash_2.wav,0.005870
C:\Users\miker\wake_word_project\data\negative\marvin\1b4c9b89_nohash_0.wav,0.014367
C:\Users\miker\wake_word_project\data\negative\eight\2e75d37a_nohash_3.wav,0.000782
C:\Users\miker\wake_word_project\data\negative\down\b69fe0e2_nohash_3.wav,0.004193
C:\Users\miker\wake_word_project\data\negative\seven\578d3efb_nohash_0.wav,0.001587
C:\Users\miker\wake_word_project\data\negative\tree\f174517e_nohash_0.wav,0.017955
C:\Users\miker\wake_word_project\data\negative\dog\79903546_nohash_0.wav,0.000171
C:\Users\miker\wake_word_project\data\negative\bird\fe5c4a7a_nohash_1.wav,0.002619
C:\Users\miker\wake_word_project\data\negative\forward\1ed0b13d_nohash_2.wav,0.003639
C:\Users\miker\wake_word_project\data\negative\bird\37bd115d_nohash_0.wav,0.001806
C:\Users\miker\wake_word_project\data\negative\four\72d75d96_nohash_0.wav,0.002417
C:\Users\miker\wake_word_project\data\negative\eight\0f7266cf_nohash_3.wav,0.000651
C:\Users\miker\wake_word_project\data\negative\right\0c5027de_nohash_0.wav,0.000444
C:\Users\miker\wake_word_project\data\negative\four\18f8afd5_nohash_3.wav,0.002452
C:\Users\miker\wake_word_project\data\negative\down\c9b5ff26_nohash_0.wav,0.000723
C:\Users\miker\wake_word_project\data\negative\bird\402e2977_nohash_1.wav,0.026984
C:\Users\miker\wake_word_project\data\negative\six\6bf5baf3_nohash_1.wav,0.000119
C:\Users\miker\wake_word_project\data\negative\three\d8a5ace5_nohash_1.wav,0.000262
C:\Users\miker\wake_word_project\data\negative\no\be7a5b2d_nohash_4.wav,0.001295
C:\Users\miker\wake_word_project\data\negative\tree\de41f895_nohash_1.wav,0.002359
C:\Users\miker\wake_word_project\data\negative\right\333d7ddb_nohash_1.wav,0.002232
C:\Users\miker\wake_word_project\data\negative\seven\6c9a1ac2_nohash_0.wav,0.000167
C:\Users\miker\wake_word_project\data\negative\three\35d1b6ee_nohash_3.wav,0.001137
C:\Users\miker\wake_word_project\data\negative\up\6a2fb9a5_nohash_0.wav,0.004472
C:\Users\miker\wake_word_project\data\negative\stop\12623a81_nohash_1.wav,0.035436
C:\Users\miker\wake_word_project\data\negative\happy\8e69dc2f_nohash_0.wav,0.000327
C:\Users\miker\wake_word_project\data\negative\cat\5d0ab165_nohash_0.wav,0.001004
C:\Users\miker\wake_word_project\data\negative\nine\feb1d305_nohash_1.wav,0.004259
C:\Users\miker\wake_word_project\data\negative\go\1b18600d_nohash_0.wav,0.000324
C:\Users\miker\wake_word_project\data\negative\stop\9acd0254_nohash_2.wav,0.000144
C:\Users\miker\wake_word_project\data\negative\visual\017c4098_nohash_2.wav,0.005458
C:\Users\miker\wake_word_project\data\negative\dog\bcdaa7a9_nohash_0.wav,0.001531
C:\Users\miker\wake_word_project\data\negative\bed\067f61e2_nohash_0.wav,0.002455
C:\Users\miker\wake_word_project\data\negative\four\b4877f8e_nohash_0.wav,0.011551
C:\Users\miker\wake_word_project\data\negative\tree\b41a92a3_nohash_0.wav,0.003332
C:\Users\miker\wake_word_project\data\negative\right\3e3b65eb_nohash_0.wav,0.001272
C:\Users\miker\wake_word_project\data\negative\down\264f471d_nohash_1.wav,0.001386
C:\Users\miker\wake_word_project\data\negative\one\779de043_nohash_0.wav,0.000637
C:\Users\miker\wake_word_project\data\negative\zero\c79159aa_nohash_0.wav,0.003032
C:\Users\miker\wake_word_project\data\negative\three\bfd26d6b_nohash_2.wav,0.000191
C:\Users\miker\wake_word_project\data\negative\dog\16d41d07_nohash_1.wav,0.001687
C:\Users\miker\wake_word_project\data\negative\nine\cd68e997_nohash_1.wav,0.006730
C:\Users\miker\wake_word_project\data\negative\sheila\f0ae7203_nohash_1.wav,0.160248
C:\Users\miker\wake_word_project\data\negative\wow\d0745d72_nohash_0.wav,0.000276
C:\Users\miker\wake_word_project\data\negative\off\aff582a1_nohash_2.wav,0.001796
C:\Users\miker\wake_word_project\data\negative\zero\953fe1ad_nohash_3.wav,0.009915
C:\Users\miker\wake_word_project\data\negative\up\b00dff7e_nohash_0.wav,0.001053
C:\Users\miker\wake_word_project\data\negative\cat\f0ae7203_nohash_1.wav,0.000466
C:\Users\miker\wake_word_project\data\negative\stop\f804cbb3_nohash_3.wav,0.000440
C:\Users\miker\wake_word_project\data\negative\house\2579e514_nohash_0.wav,0.001047
C:\Users\miker\wake_word_project\data\negative\seven\8a1c449e_nohash_3.wav,0.000684
C:\Users\miker\wake_word_project\data\negative\bird\cce7416f_nohash_0.wav,0.005274
C:\Users\miker\wake_word_project\data\negative\wow\4407ba92_nohash_1.wav,0.000041
C:\Users\miker\wake_word_project\data\negative\dog\b4604db4_nohash_0.wav,0.000240
C:\Users\miker\wake_word_project\data\negative\left\6c0f6493_nohash_2.wav,0.005617
C:\Users\miker\wake_word_project\data\negative\four\f035e2ea_nohash_1.wav,0.000182
C:\Users\miker\wake_word_project\data\negative\seven\380abbad_nohash_1.wav,0.002631
C:\Users\miker\wake_word_project\data\negative\down\bdd22e4d_nohash_3.wav,0.000672
C:\Users\miker\wake_word_project\data\negative\down\db9d52d2_nohash_0.wav,0.001418
C:\Users\miker\wake_word_project\data\negative\visual\a04817c2_nohash_0.wav,0.004825
C:\Users\miker\wake_word_project\data\negative\go\7211390b_nohash_1.wav,0.001196
C:\Users\miker\wake_word_project\data\negative\seven\a19452d5_nohash_0.wav,0.001298
C:\Users\miker\wake_word_project\data\negative\no\a5d1becc_nohash_1.wav,0.000117
C:\Users\miker\wake_word_project\data\negative\four\02ade946_nohash_3.wav,0.000433
C:\Users\miker\wake_word_project\data\negative\four\23ad12d8_nohash_0.wav,0.000695
C:\Users\miker\wake_word_project\data\negative\seven\712e4d58_nohash_1.wav,0.005732
C:\Users\miker\wake_word_project\data\negative\tree\cb5d2c6e_nohash_0.wav,0.006755
C:\Users\miker\wake_word_project\data\negative\happy\1a994c9f_nohash_0.wav,0.000321
C:\Users\miker\wake_word_project\data\negative\six\6205088b_nohash_0.wav,0.000391
C:\Users\miker\wake_word_project\data\negative\forward\23da904f_nohash_1.wav,0.001080
C:\Users\miker\wake_word_project\data\negative\sheila\f6af2457_nohash_0.wav,0.001960
C:\Users\miker\wake_word_project\data\negative\yes\1acc97de_nohash_4.wav,0.001462
C:\Users\miker\wake_word_project\data\negative\sheila\f297e878_nohash_1.wav,0.003169
C:\Users\miker\wake_word_project\data\negative\off\a8cb6dda_nohash_0.wav,0.000178
C:\Users\miker\wake_word_project\data\negative\wow\ff63ab0b_nohash_0.wav,0.001014
C:\Users\miker\wake_word_project\data\negative\eight\012c8314_nohash_1.wav,0.002078
C:\Users\miker\wake_word_project\data\negative\yes\ace072ba_nohash_0.wav,0.000983
C:\Users\miker\wake_word_project\data\negative\three\bdd22e4d_nohash_0.wav,0.000817
C:\Users\miker\wake_word_project\data\negative\six\9fac5701_nohash_4.wav,0.010749
C:\Users\miker\wake_word_project\data\negative\nine\b83c1acf_nohash_0.wav,0.002854
C:\Users\miker\wake_word_project\data\negative\two\8353fea1_nohash_0.wav,0.023818
C:\Users\miker\wake_word_project\data\negative\one\24c9f572_nohash_0.wav,0.000689
C:\Users\miker\wake_word_project\data\negative\up\779de043_nohash_0.wav,0.001354
C:\Users\miker\wake_word_project\data\negative\two\2fcb6397_nohash_4.wav,0.006081
C:\Users\miker\wake_word_project\data\negative\on\1473be6a_nohash_0.wav,0.000212
C:\Users\miker\wake_word_project\data\negative\down\f5626af6_nohash_4.wav,0.003259
C:\Users\miker\wake_word_project\data\negative\follow\211b928a_nohash_2.wav,0.002658
C:\Users\miker\wake_word_project\data\negative\zero\837a0f64_nohash_2.wav,0.000848
C:\Users\miker\wake_word_project\data\negative\forward\3d794813_nohash_1.wav,0.002220
C:\Users\miker\wake_word_project\data\negative\sheila\6982fc2a_nohash_0.wav,0.004020
C:\Users\miker\wake_word_project\data\negative\off\2da58b32_nohash_3.wav,0.002177
C:\Users\miker\wake_word_project\data\negative\right\b97c9f77_nohash_2.wav,0.001182
C:\Users\miker\wake_word_project\data\negative\nine\0a196374_nohash_3.wav,0.000960
C:\Users\miker\wake_word_project\data\negative\tree\d952a17e_nohash_0.wav,0.000270
C:\Users\miker\wake_word_project\data\negative\five\c50f55b8_nohash_9.wav,0.000047
C:\Users\miker\wake_word_project\data\negative\stop\645ed69d_nohash_1.wav,0.000499
C:\Users\miker\wake_word_project\data\negative\on\9ff2d2f4_nohash_2.wav,0.000298
C:\Users\miker\wake_word_project\data\negative\left\d070ea86_nohash_1.wav,0.004025
C:\Users\miker\wake_word_project\data\negative\sheila\6adb8ad9_nohash_0.wav,0.003254
C:\Users\miker\wake_word_project\data\negative\marvin\434a267c_nohash_0.wav,0.001059
C:\Users\miker\wake_word_project\data\negative\no\2aca1e72_nohash_9.wav,0.000271
C:\Users\miker\wake_word_project\data\negative\yes\9a7c1f83_nohash_1.wav,0.007396
C:\Users\miker\wake_word_project\data\negative\on\3108acca_nohash_2.wav,0.000464
C:\Users\miker\wake_word_project\data\negative\visual\ace072ba_nohash_3.wav,0.001762
C:\Users\miker\wake_word_project\data\negative\marvin\31267b59_nohash_0.wav,0.004859
C:\Users\miker\wake_word_project\data\negative\stop\b2e2773a_nohash_0.wav,0.001292
C:\Users\miker\wake_word_project\data\negative\go\c7dc7278_nohash_1.wav,0.002020
C:\Users\miker\wake_word_project\data\negative\six\257251e0_nohash_0.wav,0.002532
C:\Users\miker\wake_word_project\data\negative\four\de89e2ca_nohash_2.wav,0.000803
C:\Users\miker\wake_word_project\data\negative\no\4a1e736b_nohash_0.wav,0.067310
C:\Users\miker\wake_word_project\data\negative\yes\a7acbbeb_nohash_1.wav,0.000708
C:\Users\miker\wake_word_project\data\negative\sheila\6e74c582_nohash_2.wav,0.007069
C:\Users\miker\wake_word_project\data\negative\wow\e4be0cf6_nohash_0.wav,0.000432
C:\Users\miker\wake_word_project\data\negative\happy\6f2c6f7e_nohash_1.wav,0.004001
C:\Users\miker\wake_word_project\data\negative\nine\c79159aa_nohash_2.wav,0.012057
C:\Users\miker\wake_word_project\data\negative\on\eeaf97c3_nohash_3.wav,0.000551
C:\Users\miker\wake_word_project\data\negative\on\c39703ec_nohash_1.wav,0.000081
C:\Users\miker\wake_word_project\data\negative\off\0585b66d_nohash_1.wav,0.002039
C:\Users\miker\wake_word_project\data\negative\backward\050170cb_nohash_2.wav,0.005206
C:\Users\miker\wake_word_project\data\negative\visual\b69002d4_nohash_2.wav,0.006734
C:\Users\miker\wake_word_project\data\negative\bird\6b889021_nohash_0.wav,0.000914
C:\Users\miker\wake_word_project\data\negative\learn\6565a81d_nohash_2.wav,0.002534
C:\Users\miker\wake_word_project\data\negative\stop\3ce4910e_nohash_2.wav,0.001497
C:\Users\miker\wake_word_project\data\negative\bed\3fdafe25_nohash_0.wav,0.001918
C:\Users\miker\wake_word_project\data\negative\seven\28ef2a01_nohash_0.wav,0.005120
C:\Users\miker\wake_word_project\data\negative\five\0717b9f6_nohash_0.wav,0.008956
C:\Users\miker\wake_word_project\data\negative\left\5c39594f_nohash_2.wav,0.001444
C:\Users\miker\wake_word_project\data\negative\backward\88e730cd_nohash_0.wav,0.003980
C:\Users\miker\wake_word_project\data\negative\left\4e02d62d_nohash_0.wav,0.000006
C:\Users\miker\wake_word_project\data\negative\go\24b82192_nohash_0.wav,0.000760
C:\Users\miker\wake_word_project\data\negative\four\e6e29c47_nohash_0.wav,0.000342
C:\Users\miker\wake_word_project\data\negative\left\ce0cb033_nohash_0.wav,0.009783
C:\Users\miker\wake_word_project\data\negative\bed\9a4d12fd_nohash_0.wav,0.000629
C:\Users\miker\wake_word_project\data\negative\yes\d278d8ef_nohash_4.wav,0.005717
C:\Users\miker\wake_word_project\data\negative\up\02e85b60_nohash_1.wav,0.000236
C:\Users\miker\wake_word_project\data\negative\sheila\a7dd45cf_nohash_0.wav,0.001914
C:\Users\miker\wake_word_project\data\negative\right\f1d8a638_nohash_1.wav,0.011864
C:\Users\miker\wake_word_project\data\negative\sheila\d278d8ef_nohash_0.wav,0.012692
C:\Users\miker\wake_word_project\data\negative\six\71f9bba8_nohash_0.wav,0.000194
C:\Users\miker\wake_word_project\data\negative\five\ac9dee0e_nohash_3.wav,0.004644
C:\Users\miker\wake_word_project\data\negative\down\a879a2c3_nohash_0.wav,0.000216
C:\Users\miker\wake_word_project\data\negative\bird\a24cf51c_nohash_0.wav,0.000435
C:\Users\miker\wake_word_project\data\negative\one\321aba74_nohash_3.wav,0.001773
C:\Users\miker\wake_word_project\data\negative\nine\a6d586b7_nohash_4.wav,0.001754
C:\Users\miker\wake_word_project\data\negative\five\b66f4f93_nohash_7.wav,0.001809
C:\Users\miker\wake_word_project\data\negative\five\236b6113_nohash_0.wav,0.000365
C:\Users\miker\wake_word_project\data\negative\house\1b755c65_nohash_0.wav,0.000760
C:\Users\miker\wake_word_project\data\negative\no\067f61e2_nohash_3.wav,0.002538
C:\Users\miker\wake_word_project\data\negative\six\cb72dfb6_nohash_2.wav,0.002400
C:\Users\miker\wake_word_project\data\negative\happy\2d82a556_nohash_0.wav,0.002084
C:\Users\miker\wake_word_project\data\negative\left\4d763ca4_nohash_0.wav,0.008133
C:\Users\miker\wake_word_project\data\negative\down\95299b6c_nohash_0.wav,0.005858
C:\Users\miker\wake_word_project\data\negative\six\6640fdc0_nohash_0.wav,0.000219
C:\Users\miker\wake_word_project\data\negative\off\1df99a8a_nohash_0.wav,0.000593
C:\Users\miker\wake_word_project\data\negative\six\5b09db89_nohash_2.wav,0.039038
C:\Users\miker\wake_word_project\data\negative\four\fd5ccd39_nohash_1.wav,0.000842
C:\Users\miker\wake_word_project\data\negative\wow\43f57297_nohash_0.wav,0.001022
C:\Users\miker\wake_word_project\data\negative\down\106a6183_nohash_0.wav,0.000654
C:\Users\miker\wake_word_project\data\negative\visual\7c83c5f6_nohash_2.wav,0.009858
C:\Users\miker\wake_word_project\data\negative\marvin\435f9f9e_nohash_1.wav,0.006044
C:\Users\miker\wake_word_project\data\negative\zero\87d5e978_nohash_0.wav,0.001286
C:\Users\miker\wake_word_project\data\negative\one\f2898d06_nohash_1.wav,0.000887
C:\Users\miker\wake_word_project\data\negative\follow\a95dbfd4_nohash_0.wav,0.000277
C:\Users\miker\wake_word_project\data\negative\right\25132942_nohash_3.wav,0.004861
C:\Users\miker\wake_word_project\data\negative\up\017c4098_nohash_4.wav,0.001912
C:\Users\miker\wake_word_project\data\negative\six\9c24bc76_nohash_0.wav,0.001368
C:\Users\miker\wake_word_project\data\negative\stop\3a3ee7ed_nohash_1.wav,0.002980
C:\Users\miker\wake_word_project\data\negative\three\dbb7723a_nohash_0.wav,0.001522
C:\Users\miker\wake_word_project\data\negative\left\4e99c1b7_nohash_2.wav,0.027891
C:\Users\miker\wake_word_project\data\negative\bird\9c24bc76_nohash_0.wav,0.000858
C:\Users\miker\wake_word_project\data\negative\wow\0f7205ef_nohash_2.wav,0.001087
C:\Users\miker\wake_word_project\data\negative\no\84d1e469_nohash_0.wav,0.001951
C:\Users\miker\wake_word_project\data\negative\down\1aeef15e_nohash_0.wav,0.000212
C:\Users\miker\wake_word_project\data\negative\zero\1b18600d_nohash_1.wav,0.000249
C:\Users\miker\wake_word_project\data\negative\cat\cb2929ce_nohash_1.wav,0.000553
C:\Users\miker\wake_word_project\data\negative\yes\cd7f8c1b_nohash_1.wav,0.005941
C:\Users\miker\wake_word_project\data\negative\marvin\dedc7fab_nohash_1.wav,0.001075
C:\Users\miker\wake_word_project\data\negative\on\51f4d5b0_nohash_0.wav,0.000496
C:\Users\miker\wake_word_project\data\negative\off\b4aa9fef_nohash_2.wav,0.003515
C:\Users\miker\wake_word_project\data\negative\eight\8931f494_nohash_2.wav,0.001755
C:\Users\miker\wake_word_project\data\negative\yes\cb164eea_nohash_0.wav,0.000798
C:\Users\miker\wake_word_project\data\negative\go\4c6167ca_nohash_1.wav,0.000268
C:\Users\miker\wake_word_project\data\negative\yes\0ea9c8ce_nohash_0.wav,0.000654
C:\Users\miker\wake_word_project\data\negative\tree\7ab5b8f7_nohash_0.wav,0.004084
C:\Users\miker\wake_word_project\data\negative\stop\7c2a3fa4_nohash_1.wav,0.000346
C:\Users\miker\wake_word_project\data\negative\three\96a48d28_nohash_0.wav,0.002469
C:\Users\miker\wake_word_project\data\negative\zero\042186b8_nohash_0.wav,0.005247
C:\Users\miker\wake_word_project\data\negative\three\85851131_nohash_2.wav,0.004600
C:\Users\miker\wake_word_project\data\negative\no\8a744054_nohash_0.wav,0.007942
C:\Users\miker\wake_word_project\data\negative\cat\aff582a1_nohash_0.wav,0.002246
C:\Users\miker\wake_word_project\data\negative\left\745a8e32_nohash_1.wav,0.001740
C:\Users\miker\wake_word_project\data\negative\seven\617de221_nohash_3.wav,0.002615
C:\Users\miker\wake_word_project\data\negative\bird\d6360b32_nohash_0.wav,0.035547
C:\Users\miker\wake_word_project\data\negative\seven\e14d3db8_nohash_0.wav,0.001816
C:\Users\miker\wake_word_project\data\negative\six\33903159_nohash_0.wav,0.006798
C:\Users\miker\wake_word_project\data\negative\five\8134f43f_nohash_0.wav,0.014569
C:\Users\miker\wake_word_project\data\negative\marvin\66cbe2b3_nohash_1.wav,0.004183
C:\Users\miker\wake_word_project\data\negative\right\a8e25ebb_nohash_0.wav,0.000610
C:\Users\miker\wake_word_project\data\negative\up\4bb1244f_nohash_0.wav,0.000300
C:\Users\miker\wake_word_project\data\negative\go\1b4c9b89_nohash_4.wav,0.026978
C:\Users\miker\wake_word_project\data\negative\five\9fac5701_nohash_2.wav,0.001247
C:\Users\miker\wake_word_project\data\negative\cat\72aa7259_nohash_1.wav,0.000417
C:\Users\miker\wake_word_project\data\negative\two\7cf14c54_nohash_3.wav,0.000697
C:\Users\miker\wake_word_project\data\negative\wow\1a73dcd1_nohash_0.wav,0.001672
C:\Users\miker\wake_word_project\data\negative\no\dec73123_nohash_0.wav,0.000071
C:\Users\miker\wake_word_project\data\negative\on\b5eb4f9b_nohash_1.wav,0.024745
C:\Users\miker\wake_word_project\data\negative\yes\368bedd4_nohash_0.wav,0.001164
C:\Users\miker\wake_word_project\data\negative\stop\39a12648_nohash_2.wav,0.001967
C:\Users\miker\wake_word_project\data\negative\six\953fe1ad_nohash_1.wav,0.005599
C:\Users\miker\wake_word_project\data\negative\right\b9f46737_nohash_0.wav,0.002686
C:\Users\miker\wake_word_project\data\negative\go\258f4559_nohash_0.wav,0.001334
C:\Users\miker\wake_word_project\data\negative\on\3b3d2f59_nohash_4.wav,0.001113
C:\Users\miker\wake_word_project\data\negative\learn\de89e2ca_nohash_4.wav,0.001571
C:\Users\miker\wake_word_project\data\negative\zero\4cee0c60_nohash_2.wav,0.001507
C:\Users\miker\wake_word_project\data\negative\no\ed032775_nohash_1.wav,0.005012
C:\Users\miker\wake_word_project\data\negative\five\71e6ab20_nohash_0.wav,0.001600
C:\Users\miker\wake_word_project\data\negative\eight\eeaf97c3_nohash_1.wav,0.001778
C:\Users\miker\wake_word_project\data\negative\marvin\fa7895de_nohash_0.wav,0.003564
C:\Users\miker\wake_word_project\data\negative\down\3b195250_nohash_1.wav,0.000883
C:\Users\miker\wake_word_project\data\negative\one\bd76a7fd_nohash_3.wav,0.001970
C:\Users\miker\wake_word_project\data\negative\six\6fca237d_nohash_0.wav,0.005022
C:\Users\miker\wake_word_project\data\negative\wow\f2e9b610_nohash_0.wav,0.002112
C:\Users\miker\wake_word_project\data\negative\cat\61482e52_nohash_0.wav,0.000902
C:\Users\miker\wake_word_project\data\negative\sheila\4d4e17f5_nohash_1.wav,0.007521
C:\Users\miker\wake_word_project\data\negative\off\195c120a_nohash_2.wav,0.000289
C:\Users\miker\wake_word_project\data\negative\happy\f9af823e_nohash_1.wav,0.000617
C:\Users\miker\wake_word_project\data\negative\down\528f9242_nohash_2.wav,0.000592
C:\Users\miker\wake_word_project\data\negative\off\144d27ff_nohash_1.wav,0.001000
C:\Users\miker\wake_word_project\data\negative\on\538e1856_nohash_0.wav,0.000565
C:\Users\miker\wake_word_project\data\negative\yes\e71a9381_nohash_4.wav,0.012845
C:\Users\miker\wake_word_project\data\negative\up\4c6167ca_nohash_2.wav,0.000581
C:\Users\miker\wake_word_project\data\negative\eight\dcbfe008_nohash_0.wav,0.000162
C:\Users\miker\wake_word_project\data\negative\yes\8769c34c_nohash_1.wav,0.004890
C:\Users\miker\wake_word_project\data\negative\five\05739450_nohash_1.wav,0.000317
C:\Users\miker\wake_word_project\data\negative\one\e4be0cf6_nohash_2.wav,0.000665
C:\Users\miker\wake_word_project\data\negative\six\02e85b60_nohash_1.wav,0.004676
C:\Users\miker\wake_word_project\data\negative\four\513aeddf_nohash_3.wav,0.000559
C:\Users\miker\wake_word_project\data\negative\no\f5626af6_nohash_2.wav,0.004546
C:\Users\miker\wake_word_project\data\negative\tree\6cf5459b_nohash_0.wav,0.002241
C:\Users\miker\wake_word_project\data\negative\six\6ef76186_nohash_0.wav,0.000294
C:\Users\miker\wake_word_project\data\negative\four\3cc595de_nohash_1.wav,0.007456
C:\Users\miker\wake_word_project\data\negative\six\15dd287d_nohash_4.wav,0.002924
C:\Users\miker\wake_word_project\data\negative\stop\f0659908_nohash_4.wav,0.000681
C:\Users\miker\wake_word_project\data\negative\wow\5c237956_nohash_0.wav,0.002886
C:\Users\miker\wake_word_project\data\negative\seven\6124b431_nohash_3.wav,0.249097
C:\Users\miker\wake_word_project\data\negative\go\f798ac78_nohash_0.wav,0.000182
C:\Users\miker\wake_word_project\data\negative\go\d3831f6a_nohash_1.wav,0.001201
C:\Users\miker\wake_word_project\data\negative\dog\c741d0df_nohash_0.wav,0.000636
C:\Users\miker\wake_word_project\data\negative\house\2f813234_nohash_2.wav,0.000679
C:\Users\miker\wake_word_project\data\negative\yes\fd5ccd39_nohash_4.wav,0.003499
C:\Users\miker\wake_word_project\data\negative\on\2c6446f7_nohash_0.wav,0.000538
C:\Users\miker\wake_word_project\data\negative\marvin\30a09789_nohash_0.wav,0.005082
C:\Users\miker\wake_word_project\data\negative\two\d5c41d6a_nohash_0.wav,0.000730
C:\Users\miker\wake_word_project\data\negative\six\9aa21fa9_nohash_3.wav,0.141050
C:\Users\miker\wake_word_project\data\negative\down\7f9eb952_nohash_2.wav,0.000265
C:\Users\miker\wake_word_project\data\negative\eight\3e549219_nohash_0.wav,0.003964
C:\Users\miker\wake_word_project\data\negative\two\679463fc_nohash_4.wav,0.001633
C:\Users\miker\wake_word_project\data\negative\off\98ea0818_nohash_5.wav,0.001677
C:\Users\miker\wake_word_project\data\negative\off\f2898d06_nohash_2.wav,0.000342
C:\Users\miker\wake_word_project\data\negative\nine\f5626af6_nohash_3.wav,0.003945
C:\Users\miker\wake_word_project\data\negative\nine\63ae15e4_nohash_0.wav,0.013982
C:\Users\miker\wake_word_project\data\negative\four\0d90d8e1_nohash_1.wav,0.001074
C:\Users\miker\wake_word_project\data\negative\marvin\02e85b60_nohash_0.wav,0.047120
C:\Users\miker\wake_word_project\data\negative\nine\40b60ae9_nohash_1.wav,0.004896
C:\Users\miker\wake_word_project\data\negative\stop\305776dd_nohash_0.wav,0.000365
C:\Users\miker\wake_word_project\data\negative\tree\ad5aeec2_nohash_0.wav,0.001766
C:\Users\miker\wake_word_project\data\negative\bed\c25a032b_nohash_0.wav,0.001423
C:\Users\miker\wake_word_project\data\negative\yes\c50f55b8_nohash_6.wav,0.003503
C:\Users\miker\wake_word_project\data\negative\left\74fc51e5_nohash_0.wav,0.000951
C:\Users\miker\wake_word_project\data\negative\follow\51c5601d_nohash_0.wav,0.001168
C:\Users\miker\wake_word_project\data\negative\nine\6f689791_nohash_0.wav,0.003406
C:\Users\miker\wake_word_project\data\negative\stop\f2e59fea_nohash_1.wav,0.001656
C:\Users\miker\wake_word_project\data\negative\zero\d3831f6a_nohash_3.wav,0.001102
C:\Users\miker\wake_word_project\data\negative\three\30060aba_nohash_1.wav,0.002736
C:\Users\miker\wake_word_project\data\negative\five\61482e52_nohash_3.wav,0.002080
C:\Users\miker\wake_word_project\data\negative\on\87d5e978_nohash_0.wav,0.000581
C:\Users\miker\wake_word_project\data\negative\cat\1496195a_nohash_0.wav,0.001433
C:\Users\miker\wake_word_project\data\negative\go\8a0457c9_nohash_0.wav,0.001595
C:\Users\miker\wake_word_project\data\negative\four\6021f08b_nohash_2.wav,0.001332
C:\Users\miker\wake_word_project\data\negative\two\db8a3397_nohash_0.wav,0.000867
C:\Users\miker\wake_word_project\data\negative\no\3c8dc702_nohash_0.wav,0.000373
C:\Users\miker\wake_word_project\data\negative\yes\617aeb6c_nohash_4.wav,0.004898
C:\Users\miker\wake_word_project\data\negative\visual\e9abfe31_nohash_0.wav,0.004189
C:\Users\miker\wake_word_project\data\negative\down\5a98d407_nohash_2.wav,0.000850
C:\Users\miker\wake_word_project\data\negative\eight\3d6bee47_nohash_0.wav,0.003670
C:\Users\miker\wake_word_project\data\negative\wow\97f493b9_nohash_0.wav,0.000302
C:\Users\miker\wake_word_project\data\negative\cat\b44007bc_nohash_0.wav,0.000032
C:\Users\miker\wake_word_project\data\negative\go\da8fa823_nohash_0.wav,0.000165
C:\Users\miker\wake_word_project\data\negative\three\1dc86f91_nohash_2.wav,0.004001
C:\Users\miker\wake_word_project\data\negative\five\6ef407da_nohash_2.wav,0.003930
C:\Users\miker\wake_word_project\data\negative\learn\b4ea0d9a_nohash_0.wav,0.001494
C:\Users\miker\wake_word_project\data\negative\bed\15b0c947_nohash_0.wav,0.005089
C:\Users\miker\wake_word_project\data\negative\nine\37bd115d_nohash_0.wav,0.018192
C:\Users\miker\wake_word_project\data\negative\up\28ed6bc9_nohash_0.wav,0.045145
C:\Users\miker\wake_word_project\data\negative\zero\e11fbc6e_nohash_0.wav,0.001882
C:\Users\miker\wake_word_project\data\negative\eight\34805883_nohash_0.wav,0.000243
C:\Users\miker\wake_word_project\data\negative\left\79b37d3a_nohash_0.wav,0.007513
C:\Users\miker\wake_word_project\data\negative\on\d9e9f554_nohash_3.wav,0.000756
C:\Users\miker\wake_word_project\data\negative\one\96c66ab7_nohash_0.wav,0.002066
C:\Users\miker\wake_word_project\data\negative\bed\ace072ba_nohash_0.wav,0.000502
C:\Users\miker\wake_word_project\data\negative\marvin\b93528e3_nohash_1.wav,0.004972
C:\Users\miker\wake_word_project\data\negative\four\b5cf6ea8_nohash_4.wav,0.004311
C:\Users\miker\wake_word_project\data\negative\wow\9d7036f9_nohash_1.wav,0.001542
C:\Users\miker\wake_word_project\data\negative\seven\cfbedff9_nohash_2.wav,0.001514
C:\Users\miker\wake_word_project\data\negative\four\cc3b5b62_nohash_1.wav,0.002701
C:\Users\miker\wake_word_project\data\negative\four\8523766b_nohash_0.wav,0.003743
C:\Users\miker\wake_word_project\data\negative\sheila\31d68957_nohash_0.wav,0.004786
C:\Users\miker\wake_word_project\data\negative\seven\587f3271_nohash_0.wav,0.008635
C:\Users\miker\wake_word_project\data\negative\yes\24632875_nohash_0.wav,0.001022
C:\Users\miker\wake_word_project\data\negative\one\f575faf3_nohash_1.wav,0.000202
C:\Users\miker\wake_word_project\data\negative\three\2e75d37a_nohash_2.wav,0.003944
C:\Users\miker\wake_word_project\data\negative\visual\ff2b842e_nohash_2.wav,0.000942
C:\Users\miker\wake_word_project\data\negative\five\3a69f765_nohash_3.wav,0.051487
C:\Users\miker\wake_word_project\data\negative\up\32ad5b65_nohash_3.wav,0.001127
C:\Users\miker\wake_word_project\data\negative\up\531a5b8a_nohash_1.wav,0.000169
C:\Users\miker\wake_word_project\data\negative\two\4a1e736b_nohash_0.wav,0.000981
C:\Users\miker\wake_word_project\data\negative\bed\62f05757_nohash_0.wav,0.000642
C:\Users\miker\wake_word_project\data\negative\no\571c044e_nohash_1.wav,0.009224
C:\Users\miker\wake_word_project\data\negative\six\d1d3e64d_nohash_1.wav,0.002563
C:\Users\miker\wake_word_project\data\negative\two\211b928a_nohash_2.wav,0.004765
C:\Users\miker\wake_word_project\data\negative\seven\765ffccb_nohash_0.wav,0.004176
C:\Users\miker\wake_word_project\data\negative\bird\f9f9751d_nohash_1.wav,0.000843
C:\Users\miker\wake_word_project\data\negative\happy\87070229_nohash_0.wav,0.000660
C:\Users\miker\wake_word_project\data\negative\follow\6969e51a_nohash_1.wav,0.000475
C:\Users\miker\wake_word_project\data\negative\dog\0e5193e6_nohash_1.wav,0.007192
C:\Users\miker\wake_word_project\data\negative\learn\5f9cd2eb_nohash_5.wav,0.007382
C:\Users\miker\wake_word_project\data\negative\four\676f8138_nohash_1.wav,0.000143
C:\Users\miker\wake_word_project\data\negative\zero\6565a81d_nohash_4.wav,0.003485
C:\Users\miker\wake_word_project\data\negative\up\3d9bbe2d_nohash_4.wav,0.000191
C:\Users\miker\wake_word_project\data\negative\three\00b01445_nohash_0.wav,0.029658
C:\Users\miker\wake_word_project\data\negative\house\7e4fa1d8_nohash_1.wav,0.004008
C:\Users\miker\wake_word_project\data\negative\cat\9f869f70_nohash_1.wav,0.000118
C:\Users\miker\wake_word_project\data\negative\one\5e033479_nohash_0.wav,0.001698
C:\Users\miker\wake_word_project\data\negative\tree\9f92fb7c_nohash_0.wav,0.000381
C:\Users\miker\wake_word_project\data\negative\backward\ace072ba_nohash_2.wav,0.001223
C:\Users\miker\wake_word_project\data\negative\dog\7846fd85_nohash_0.wav,0.003091
C:\Users\miker\wake_word_project\data\negative\two\050170cb_nohash_4.wav,0.000118
C:\Users\miker\wake_word_project\data\negative\house\7e843da8_nohash_0.wav,0.000455
C:\Users\miker\wake_word_project\data\negative\two\1bb574f9_nohash_0.wav,0.000173
C:\Users\miker\wake_word_project\data\negative\two\02ade946_nohash_1.wav,0.004822
C:\Users\miker\wake_word_project\data\negative\eight\1890e5c3_nohash_0.wav,0.002350
C:\Users\miker\wake_word_project\data\negative\bed\6c429c7b_nohash_0.wav,0.001058
C:\Users\miker\wake_word_project\data\negative\left\0a2b400e_nohash_2.wav,0.006227
C:\Users\miker\wake_word_project\data\negative\tree\39dce8cc_nohash_2.wav,0.000852
C:\Users\miker\wake_word_project\data\negative\no\af790082_nohash_1.wav,0.001230
C:\Users\miker\wake_word_project\data\negative\go\72aa7259_nohash_0.wav,0.003094
C:\Users\miker\wake_word_project\data\negative\no\7d6b4b10_nohash_1.wav,0.000528
C:\Users\miker\wake_word_project\data\negative\right\da040491_nohash_0.wav,0.000219
C:\Users\miker\wake_word_project\data\negative\down\cdbd6969_nohash_0.wav,0.001312
C:\Users\miker\wake_word_project\data\negative\right\0585b66d_nohash_3.wav,0.031917
C:\Users\miker\wake_word_project\data\negative\stop\4c3cddb8_nohash_1.wav,0.000478
C:\Users\miker\wake_word_project\data\negative\seven\a0a8d759_nohash_0.wav,0.000649
C:\Users\miker\wake_word_project\data\negative\down\6d0ad764_nohash_0.wav,0.000013
C:\Users\miker\wake_word_project\data\negative\forward\c98bbbd3_nohash_2.wav,0.001602
C:\Users\miker\wake_word_project\data\negative\four\578d3efb_nohash_4.wav,0.000351
C:\Users\miker\wake_word_project\data\negative\right\983577be_nohash_1.wav,0.002849
C:\Users\miker\wake_word_project\data\negative\one\1f3bece8_nohash_1.wav,0.000460
C:\Users\miker\wake_word_project\data\negative\six\10ace7eb_nohash_3.wav,0.007694
C:\Users\miker\wake_word_project\data\negative\up\cdbd6969_nohash_0.wav,0.000259
C:\Users\miker\wake_word_project\data\negative\bed\97e0c576_nohash_0.wav,0.000869
C:\Users\miker\wake_word_project\data\negative\bird\c0e8f5a1_nohash_0.wav,0.000316
C:\Users\miker\wake_word_project\data\negative\left\773e26f7_nohash_1.wav,0.005576
C:\Users\miker\wake_word_project\data\negative\marvin\d1a4fb3f_nohash_1.wav,0.000145
C:\Users\miker\wake_word_project\data\negative\right\333d7ddb_nohash_4.wav,0.000023
C:\Users\miker\wake_word_project\data\negative\no\e53139ad_nohash_0.wav,0.000193
C:\Users\miker\wake_word_project\data\negative\wow\e0a7c5a0_nohash_1.wav,0.000704
C:\Users\miker\wake_word_project\data\negative\five\bd76a7fd_nohash_0.wav,0.008277
C:\Users\miker\wake_word_project\data\negative\bed\62ef962d_nohash_0.wav,0.000416
C:\Users\miker\wake_word_project\data\negative\nine\57152045_nohash_3.wav,0.007078
C:\Users\miker\wake_word_project\data\negative\two\d1bf406b_nohash_0.wav,0.000793
C:\Users\miker\wake_word_project\data\negative\nine\84999496_nohash_1.wav,0.021559
C:\Users\miker\wake_word_project\data\negative\nine\a4383927_nohash_0.wav,0.001538
C:\Users\miker\wake_word_project\data\negative\three\3f45a0cf_nohash_0.wav,0.001324
C:\Users\miker\wake_word_project\data\negative\left\6021f08b_nohash_0.wav,0.000320
C:\Users\miker\wake_word_project\data\negative\go\a5d485dc_nohash_0.wav,0.002174
C:\Users\miker\wake_word_project\data\negative\right\9f4098cb_nohash_1.wav,0.002592
C:\Users\miker\wake_word_project\data\negative\house\c1e0e8e3_nohash_0.wav,0.000956
C:\Users\miker\wake_word_project\data\negative\dog\2a0b413e_nohash_1.wav,0.002341
C:\Users\miker\wake_word_project\data\negative\three\45864319_nohash_0.wav,0.025645
C:\Users\miker\wake_word_project\data\negative\happy\adc216c5_nohash_0.wav,0.008205
C:\Users\miker\wake_word_project\data\negative\no\b49caed3_nohash_3.wav,0.010703
C:\Users\miker\wake_word_project\data\negative\bird\1a073312_nohash_0.wav,0.001367
C:\Users\miker\wake_word_project\data\negative\sheila\b8897f1c_nohash_0.wav,0.001101
C:\Users\miker\wake_word_project\data\negative\learn\0f7266cf_nohash_0.wav,0.000201
C:\Users\miker\wake_word_project\data\negative\five\9448c397_nohash_3.wav,0.004325
C:\Users\miker\wake_word_project\data\negative\nine\2aca1e72_nohash_11.wav,0.000280
C:\Users\miker\wake_word_project\data\negative\no\dea820ce_nohash_1.wav,0.004494
C:\Users\miker\wake_word_project\data\negative\tree\cc554de3_nohash_0.wav,0.000805
C:\Users\miker\wake_word_project\data\negative\five\1a994c9f_nohash_0.wav,0.001149
C:\Users\miker\wake_word_project\data\negative\down\6af4aa07_nohash_1.wav,0.001755
C:\Users\miker\wake_word_project\data\negative\visual\fe11e258_nohash_0.wav,0.004608
C:\Users\miker\wake_word_project\data\negative\no\890e4ee2_nohash_0.wav,0.004957
C:\Users\miker\wake_word_project\data\negative\seven\40738a2d_nohash_4.wav,0.002429
C:\Users\miker\wake_word_project\data\negative\two\a1dd919f_nohash_1.wav,0.000586
C:\Users\miker\wake_word_project\data\negative\stop\d0426d63_nohash_0.wav,0.000272
C:\Users\miker\wake_word_project\data\negative\three\42ccb57a_nohash_0.wav,0.000849
C:\Users\miker\wake_word_project\data\negative\two\e7ebf59c_nohash_0.wav,0.000123
C:\Users\miker\wake_word_project\data\negative\go\525eaa62_nohash_4.wav,0.000462
C:\Users\miker\wake_word_project\data\negative\off\bab36420_nohash_2.wav,0.005832
C:\Users\miker\wake_word_project\data\negative\go\c50f55b8_nohash_3.wav,0.026971
C:\Users\miker\wake_word_project\data\negative\six\7fd25f7c_nohash_2.wav,0.001346
C:\Users\miker\wake_word_project\data\negative\five\9b8a7439_nohash_4.wav,0.000970
C:\Users\miker\wake_word_project\data\negative\on\0d85a428_nohash_0.wav,0.000551
C:\Users\miker\wake_word_project\data\negative\left\bb6d4301_nohash_1.wav,0.002700
C:\Users\miker\wake_word_project\data\negative\stop\96d8bb6f_nohash_0.wav,0.002753
C:\Users\miker\wake_word_project\data\negative\marvin\8ea22de7_nohash_3.wav,0.051054
C:\Users\miker\wake_word_project\data\negative\on\d069e6ff_nohash_1.wav,0.000080
C:\Users\miker\wake_word_project\data\negative\seven\f568162b_nohash_4.wav,0.000213
C:\Users\miker\wake_word_project\data\negative\eight\ea0cf37f_nohash_2.wav,0.000061
C:\Users\miker\wake_word_project\data\negative\four\a07cfddf_nohash_0.wav,0.000129
C:\Users\miker\wake_word_project\data\negative\tree\71d0ded4_nohash_0.wav,0.000733
C:\Users\miker\wake_word_project\data\negative\five\24befdb3_nohash_3.wav,0.002834
C:\Users\miker\wake_word_project\data\negative\six\c2d15ea5_nohash_0.wav,0.000889
C:\Users\miker\wake_word_project\data\negative\seven\eeaf97c3_nohash_1.wav,0.000853
C:\Users\miker\wake_word_project\data\negative\two\ceef6d96_nohash_0.wav,0.000106
C:\Users\miker\wake_word_project\data\negative\zero\c0cb43d6_nohash_0.wav,0.000098
C:\Users\miker\wake_word_project\data\negative\four\763188c4_nohash_0.wav,0.003618
C:\Users\miker\wake_word_project\data\negative\five\21832144_nohash_1.wav,0.001171
C:\Users\miker\wake_word_project\data\negative\left\9e92ef0c_nohash_1.wav,0.002608
C:\Users\miker\wake_word_project\data\negative\two\f810e799_nohash_0.wav,0.002261
C:\Users\miker\wake_word_project\data\negative\up\9151f184_nohash_0.wav,0.000393
C:\Users\miker\wake_word_project\data\negative\seven\5e3dde6b_nohash_1.wav,0.008854
C:\Users\miker\wake_word_project\data\negative\five\099d52ad_nohash_2.wav,0.006417
C:\Users\miker\wake_word_project\data\negative\five\5b09db89_nohash_4.wav,0.002195
C:\Users\miker\wake_word_project\data\negative\tree\bf8b8d9e_nohash_0.wav,0.020612
C:\Users\miker\wake_word_project\data\negative\six\333784b7_nohash_2.wav,0.024759
C:\Users\miker\wake_word_project\data\negative\five\c50f55b8_nohash_1.wav,0.000265
C:\Users\miker\wake_word_project\data\negative\left\e71a9381_nohash_3.wav,0.007895
C:\Users\miker\wake_word_project\data\negative\dog\893705bb_nohash_0.wav,0.009547
C:\Users\miker\wake_word_project\data\negative\sheila\e57d35bc_nohash_0.wav,0.001870
C:\Users\miker\wake_word_project\data\negative\seven\ac9dee0e_nohash_3.wav,0.008085
C:\Users\miker\wake_word_project\data\negative\visual\234d6a48_nohash_3.wav,0.003206
C:\Users\miker\wake_word_project\data\negative\eight\75b631ff_nohash_2.wav,0.000783
C:\Users\miker\wake_word_project\data\negative\forward\978240e1_nohash_1.wav,0.026220
C:\Users\miker\wake_word_project\data\negative\left\e82914c0_nohash_1.wav,0.003237
C:\Users\miker\wake_word_project\data\negative\five\5f5eef60_nohash_0.wav,0.000772
C:\Users\miker\wake_word_project\data\negative\visual\c98bbbd3_nohash_1.wav,0.003530
C:\Users\miker\wake_word_project\data\negative\yes\a5d485dc_nohash_0.wav,0.001043
C:\Users\miker\wake_word_project\data\negative\left\f216055e_nohash_0.wav,0.005610
C:\Users\miker\wake_word_project\data\negative\off\9dc1889e_nohash_0.wav,0.000625
C:\Users\miker\wake_word_project\data\negative\off\834f03fe_nohash_2.wav,0.001691
C:\Users\miker\wake_word_project\data\negative\left\679463fc_nohash_3.wav,0.004537
C:\Users\miker\wake_word_project\data\negative\on\9ff2d2f4_nohash_1.wav,0.000080
C:\Users\miker\wake_word_project\data\negative\wow\f864cd4a_nohash_0.wav,0.000798
C:\Users\miker\wake_word_project\data\negative\three\b0bad4a9_nohash_0.wav,0.010217
C:\Users\miker\wake_word_project\data\negative\wow\8353fea1_nohash_1.wav,0.002571
C:\Users\miker\wake_word_project\data\negative\house\a56859ea_nohash_0.wav,0.004818
C:\Users\miker\wake_word_project\data\negative\five\95ba4996_nohash_2.wav,0.000149
C:\Users\miker\wake_word_project\data\negative\zero\144d27ff_nohash_4.wav,0.001613
C:\Users\miker\wake_word_project\data\negative\forward\ea0cf37f_nohash_2.wav,0.000041
C:\Users\miker\wake_word_project\data\negative\eight\0d393936_nohash_1.wav,0.000565
C:\Users\miker\wake_word_project\data\negative\eight\e882abb2_nohash_1.wav,0.004720
C:\Users\miker\wake_word_project\data\negative\forward\a62f807b_nohash_0.wav,0.000007
C:\Users\miker\wake_word_project\data\negative\bed\e2362167_nohash_0.wav,0.003316
C:\Users\miker\wake_word_project\data\negative\yes\8a28231e_nohash_2.wav,0.010077
C:\Users\miker\wake_word_project\data\negative\stop\cce7416f_nohash_2.wav,0.007231
C:\Users\miker\wake_word_project\data\negative\stop\f822b9bf_nohash_0.wav,0.000998
C:\Users\miker\wake_word_project\data\negative\house\380abbad_nohash_0.wav,0.000980
C:\Users\miker\wake_word_project\data\negative\stop\98447c43_nohash_1.wav,0.003839
C:\Users\miker\wake_word_project\data\negative\six\472b8045_nohash_3.wav,0.000991
C:\Users\miker\wake_word_project\data\negative\stop\ceef6d96_nohash_1.wav,0.001157
C:\Users\miker\wake_word_project\data\negative\go\71904de3_nohash_0.wav,0.000165
C:\Users\miker\wake_word_project\data\negative\stop\43fc47a7_nohash_1.wav,0.002156
C:\Users\miker\wake_word_project\data\negative\go\7f74626f_nohash_0.wav,0.001333
C:\Users\miker\wake_word_project\data\negative\two\ef77b778_nohash_3.wav,0.001267
C:\Users\miker\wake_word_project\data\negative\bed\df6bd83f_nohash_0.wav,0.001491
C:\Users\miker\wake_word_project\data\negative\nine\c1d39ce8_nohash_3.wav,0.003865
C:\Users\miker\wake_word_project\data\negative\down\234ab0fb_nohash_1.wav,0.000721
C:\Users\miker\wake_word_project\data\negative\two\f5626af6_nohash_0.wav,0.006189
C:\Users\miker\wake_word_project\data\negative\one\c1e0e8e3_nohash_3.wav,0.002909
C:\Users\miker\wake_word_project\data\negative\right\a7acbbeb_nohash_1.wav,0.002046
C:\Users\miker\wake_word_project\data\negative\stop\8fce59ff_nohash_1.wav,0.001235
C:\Users\miker\wake_word_project\data\negative\one\8012c69d_nohash_3.wav,0.003826
C:\Users\miker\wake_word_project\data\negative\up\cc2f1a85_nohash_0.wav,0.000060
C:\Users\miker\wake_word_project\data\negative\tree\3ca784ec_nohash_0.wav,0.008472
C:\Users\miker\wake_word_project\data\negative\forward\9448c397_nohash_2.wav,0.002653
C:\Users\miker\wake_word_project\data\negative\no\b63fea9e_nohash_0.wav,0.002984
C:\Users\miker\wake_word_project\data\negative\right\3efef882_nohash_0.wav,0.000895
C:\Users\miker\wake_word_project\data\negative\one\af405b69_nohash_1.wav,0.002118
C:\Users\miker\wake_word_project\data\negative\five\1bb574f9_nohash_0.wav,0.000114
C:\Users\miker\wake_word_project\data\negative\five\f44f440f_nohash_0.wav,0.003995
C:\Users\miker\wake_word_project\data\negative\four\24c9f572_nohash_1.wav,0.000493
C:\Users\miker\wake_word_project\data\negative\go\47565088_nohash_1.wav,0.000052
C:\Users\miker\wake_word_project\data\negative\off\6982fc2a_nohash_0.wav,0.002055
C:\Users\miker\wake_word_project\data\negative\bed\28497c5b_nohash_0.wav,0.000616
C:\Users\miker\wake_word_project\data\negative\house\6794a793_nohash_0.wav,0.003463
C:\Users\miker\wake_word_project\data\negative\off\94de6a6a_nohash_0.wav,0.000365
C:\Users\miker\wake_word_project\data\negative\go\2927c601_nohash_3.wav,0.000246
C:\Users\miker\wake_word_project\data\negative\wow\be7fa0a3_nohash_0.wav,0.017653
C:\Users\miker\wake_word_project\data\negative\two\645ed69d_nohash_1.wav,0.001172
C:\Users\miker\wake_word_project\data\negative\four\7d6b4b10_nohash_2.wav,0.000478
C:\Users\miker\wake_word_project\data\negative\yes\619b5164_nohash_0.wav,0.007353
C:\Users\miker\wake_word_project\data\negative\four\8a194ee6_nohash_0.wav,0.001707
C:\Users\miker\wake_word_project\data\negative\dog\7014b07e_nohash_0.wav,0.000076
C:\Users\miker\wake_word_project\data\negative\follow\fb7eb481_nohash_1.wav,0.001309
C:\Users\miker\wake_word_project\data\negative\on\7ea032f3_nohash_0.wav,0.005695
C:\Users\miker\wake_word_project\data\negative\stop\f8f60f59_nohash_0.wav,0.003689
C:\Users\miker\wake_word_project\data\negative\right\3367cff6_nohash_0.wav,0.009736
C:\Users\miker\wake_word_project\data\negative\two\f2dd248e_nohash_0.wav,0.000316
C:\Users\miker\wake_word_project\data\negative\marvin\47565088_nohash_0.wav,0.028640
C:\Users\miker\wake_word_project\data\negative\one\1ba20be2_nohash_0.wav,0.001779
C:\Users\miker\wake_word_project\data\negative\go\fb727898_nohash_3.wav,0.000566
C:\Users\miker\wake_word_project\data\negative\on\18e910f4_nohash_0.wav,0.000214
C:\Users\miker\wake_word_project\data\negative\off\48bfde8e_nohash_0.wav,0.000486
C:\Users\miker\wake_word_project\data\negative\yes\f9643d42_nohash_2.wav,0.002348
C:\Users\miker\wake_word_project\data\negative\stop\ad63d93c_nohash_1.wav,0.001009
C:\Users\miker\wake_word_project\data\negative\wow\563aa4e6_nohash_0.wav,0.000830
C:\Users\miker\wake_word_project\data\negative\visual\3102f006_nohash_1.wav,0.004290
C:\Users\miker\wake_word_project\data\negative\left\bf5d409d_nohash_0.wav,0.000904
C:\Users\miker\wake_word_project\data\negative\no\eb67fcbc_nohash_1.wav,0.005128
C:\Users\miker\wake_word_project\data\negative\stop\ca4d5368_nohash_0.wav,0.003512
C:\Users\miker\wake_word_project\data\negative\wow\bfa63751_nohash_1.wav,0.000400
C:\Users\miker\wake_word_project\data\negative\six\74241b28_nohash_1.wav,0.002131
C:\Users\miker\wake_word_project\data\negative\seven\c2dccf38_nohash_2.wav,0.002405
C:\Users\miker\wake_word_project\data\negative\seven\686d030b_nohash_2.wav,0.000862
C:\Users\miker\wake_word_project\data\negative\three\d264f7b6_nohash_3.wav,0.000876
C:\Users\miker\wake_word_project\data\negative\up\879a2b38_nohash_0.wav,0.002071
C:\Users\miker\wake_word_project\data\negative\zero\5236848b_nohash_2.wav,0.017638
C:\Users\miker\wake_word_project\data\negative\bird\acfd5b5e_nohash_0.wav,0.000918
C:\Users\miker\wake_word_project\data\negative\seven\3fd21070_nohash_0.wav,0.005625
C:\Users\miker\wake_word_project\data\negative\eight\24a3e589_nohash_1.wav,0.000281
C:\Users\miker\wake_word_project\data\negative\on\e71a9381_nohash_0.wav,0.006748
C:\Users\miker\wake_word_project\data\negative\one\1746d7b6_nohash_1.wav,0.000068
C:\Users\miker\wake_word_project\data\negative\bird\ea7ca285_nohash_0.wav,0.000305
C:\Users\miker\wake_word_project\data\negative\go\f2e9b610_nohash_4.wav,0.000405
C:\Users\miker\wake_word_project\data\negative\seven\321aba74_nohash_1.wav,0.003354
C:\Users\miker\wake_word_project\data\negative\seven\ce0cb033_nohash_1.wav,0.002288
C:\Users\miker\wake_word_project\data\negative\no\f736ab63_nohash_4.wav,0.000140
C:\Users\miker\wake_word_project\data\negative\wow\540d8427_nohash_0.wav,0.011559
C:\Users\miker\wake_word_project\data\negative\bird\b84f83d2_nohash_1.wav,0.000122
C:\Users\miker\wake_word_project\data\negative\sheila\eaa83485_nohash_0.wav,0.000413
C:\Users\miker\wake_word_project\data\negative\no\b5cf6ea8_nohash_4.wav,0.002443
C:\Users\miker\wake_word_project\data\negative\seven\1c6e5447_nohash_1.wav,0.010664
C:\Users\miker\wake_word_project\data\negative\yes\a2cc5444_nohash_0.wav,0.011923
C:\Users\miker\wake_word_project\data\negative\cat\6094340e_nohash_0.wav,0.000609
C:\Users\miker\wake_word_project\data\negative\four\0717b9f6_nohash_0.wav,0.001806
C:\Users\miker\wake_word_project\data\negative\learn\f9643d42_nohash_3.wav,0.001383
C:\Users\miker\wake_word_project\data\negative\on\8012c69d_nohash_2.wav,0.000378
C:\Users\miker\wake_word_project\data\negative\left\72e382bd_nohash_0.wav,0.000845
C:\Users\miker\wake_word_project\data\negative\yes\e54a0f16_nohash_3.wav,0.001405
C:\Users\miker\wake_word_project\data\negative\learn\8e69dc2f_nohash_0.wav,0.000371
C:\Users\miker\wake_word_project\data\negative\one\3a3ee7ed_nohash_0.wav,0.001130
C:\Users\miker\wake_word_project\data\negative\follow\1acc97de_nohash_0.wav,0.000465
C:\Users\miker\wake_word_project\data\negative\off\e8c3c5ca_nohash_0.wav,0.000877
C:\Users\miker\wake_word_project\data\negative\left\1b63157b_nohash_0.wav,0.001322
C:\Users\miker\wake_word_project\data\negative\stop\d962e5ac_nohash_2.wav,0.002513
C:\Users\miker\wake_word_project\data\negative\cat\b4604db4_nohash_0.wav,0.000960
C:\Users\miker\wake_word_project\data\negative\up\06076b6b_nohash_0.wav,0.002435
C:\Users\miker\wake_word_project\data\negative\seven\235b444f_nohash_0.wav,0.000567
C:\Users\miker\wake_word_project\data\negative\one\4f086393_nohash_0.wav,0.000418
C:\Users\miker\wake_word_project\data\negative\three\fbdc07bb_nohash_0.wav,0.001037
C:\Users\miker\wake_word_project\data\negative\on\e7ea8b76_nohash_3.wav,0.000231
C:\Users\miker\wake_word_project\data\negative\down\87070229_nohash_0.wav,0.002910
C:\Users\miker\wake_word_project\data\negative\visual\61e2f74f_nohash_0.wav,0.001291
C:\Users\miker\wake_word_project\data\negative\right\98447c43_nohash_0.wav,0.000243
C:\Users\miker\wake_word_project\data\negative\eight\460209ac_nohash_4.wav,0.000475
C:\Users\miker\wake_word_project\data\negative\forward\322d17d3_nohash_1.wav,0.000663
C:\Users\miker\wake_word_project\data\negative\zero\106a6183_nohash_2.wav,0.001905
C:\Users\miker\wake_word_project\data\negative\six\e9bc5cc2_nohash_1.wav,0.000534
C:\Users\miker\wake_word_project\data\negative\up\3bc21161_nohash_3.wav,0.000097
C:\Users\miker\wake_word_project\data\negative\sheila\31ac8b88_nohash_0.wav,0.032285
C:\Users\miker\wake_word_project\data\negative\five\0a196374_nohash_2.wav,0.000925
C:\Users\miker\wake_word_project\data\negative\no\e1469561_nohash_3.wav,0.001914
C:\Users\miker\wake_word_project\data\negative\marvin\31267b59_nohash_1.wav,0.002821
C:\Users\miker\wake_word_project\data\negative\on\e0611c84_nohash_0.wav,0.004669
C:\Users\miker\wake_word_project\data\negative\bed\cc592808_nohash_3.wav,0.000231
C:\Users\miker\wake_word_project\data\negative\forward\235b444f_nohash_3.wav,0.000167
C:\Users\miker\wake_word_project\data\negative\on\f8ba7c0e_nohash_1.wav,0.000708
C:\Users\miker\wake_word_project\data\negative\stop\131e738d_nohash_0.wav,0.002414
C:\Users\miker\wake_word_project\data\negative\up\cfbedff9_nohash_2.wav,0.000745
C:\Users\miker\wake_word_project\data\negative\four\71f9bba8_nohash_3.wav,0.000406
C:\Users\miker\wake_word_project\data\negative\one\019fa366_nohash_0.wav,0.003134
C:\Users\miker\wake_word_project\data\negative\down\8442ea62_nohash_1.wav,0.000829
C:\Users\miker\wake_word_project\data\negative\marvin\3a789a0d_nohash_0.wav,0.005239
C:\Users\miker\wake_word_project\data\negative\up\1890e5c3_nohash_0.wav,0.008455
C:\Users\miker\wake_word_project\data\negative\tree\2aca1e72_nohash_0.wav,0.000722
C:\Users\miker\wake_word_project\data\negative\up\c7dc7278_nohash_3.wav,0.001414
C:\Users\miker\wake_word_project\data\negative\zero\a7216980_nohash_2.wav,0.001412
C:\Users\miker\wake_word_project\data\negative\five\f575faf3_nohash_2.wav,0.008397
C:\Users\miker\wake_word_project\data\negative\visual\0d82fd99_nohash_2.wav,0.003574
C:\Users\miker\wake_word_project\data\negative\wow\3477fab6_nohash_0.wav,0.000770
C:\Users\miker\wake_word_project\data\negative\eight\a69b9b3e_nohash_0.wav,0.002412
C:\Users\miker\wake_word_project\data\negative\down\8d9cc260_nohash_1.wav,0.000235
C:\Users\miker\wake_word_project\data\negative\eight\508e30ee_nohash_2.wav,0.000676
C:\Users\miker\wake_word_project\data\negative\up\9a7c1f83_nohash_2.wav,0.008436
C:\Users\miker\wake_word_project\data\negative\on\d21fd169_nohash_2.wav,0.001708
C:\Users\miker\wake_word_project\data\negative\three\977a3be4_nohash_2.wav,0.000216
C:\Users\miker\wake_word_project\data\negative\nine\e11fbc6e_nohash_0.wav,0.000867
C:\Users\miker\wake_word_project\data\negative\down\54d9ccb5_nohash_1.wav,0.000416
C:\Users\miker\wake_word_project\data\negative\seven\5e3dde6b_nohash_2.wav,0.007893
C:\Users\miker\wake_word_project\data\negative\up\a5d1becc_nohash_2.wav,0.000228
C:\Users\miker\wake_word_project\data\negative\no\9a76f8c3_nohash_3.wav,0.000512
C:\Users\miker\wake_word_project\data\negative\visual\bfd26d6b_nohash_4.wav,0.002250
C:\Users\miker\wake_word_project\data\negative\zero\763188c4_nohash_1.wav,0.009081
C:\Users\miker\wake_word_project\data\negative\right\f568162b_nohash_0.wav,0.000144
C:\Users\miker\wake_word_project\data\negative\stop\cd671b5f_nohash_4.wav,0.000209
C:\Users\miker\wake_word_project\data\negative\five\d1a4fb3f_nohash_0.wav,0.000039
C:\Users\miker\wake_word_project\data\negative\no\686d030b_nohash_2.wav,0.001506
C:\Users\miker\wake_word_project\data\negative\sheila\6f689791_nohash_0.wav,0.013883
C:\Users\miker\wake_word_project\data\negative\no\7c86c03e_nohash_1.wav,0.001773
C:\Users\miker\wake_word_project\data\negative\yes\bbc30633_nohash_4.wav,0.012018
C:\Users\miker\wake_word_project\data\negative\follow\7e7ca854_nohash_1.wav,0.000569
C:\Users\miker\wake_word_project\data\negative\marvin\ec7d1151_nohash_0.wav,0.002679
C:\Users\miker\wake_word_project\data\negative\six\39dce8cc_nohash_0.wav,0.000049
C:\Users\miker\wake_word_project\data\negative\tree\fb2f3242_nohash_1.wav,0.003710
C:\Users\miker\wake_word_project\data\negative\five\856eb138_nohash_0.wav,0.000214
C:\Users\miker\wake_word_project\data\negative\five\e76dd1ce_nohash_0.wav,0.000011
C:\Users\miker\wake_word_project\data\negative\five\5677ec77_nohash_0.wav,0.000861
C:\Users\miker\wake_word_project\data\negative\forward\235b444f_nohash_2.wav,0.000077
C:\Users\miker\wake_word_project\data\negative\yes\c1e0e8e3_nohash_3.wav,0.006451
C:\Users\miker\wake_word_project\data\negative\up\cc3b5b62_nohash_2.wav,0.000327
C:\Users\miker\wake_word_project\data\negative\cat\826268f8_nohash_2.wav,0.000455
C:\Users\miker\wake_word_project\data\negative\off\cc4f9250_nohash_4.wav,0.001272
C:\Users\miker\wake_word_project\data\negative\left\96a48d28_nohash_0.wav,0.002614
C:\Users\miker\wake_word_project\data\negative\left\a24582a0_nohash_0.wav,0.001603
C:\Users\miker\wake_word_project\data\negative\wow\037c445a_nohash_0.wav,0.006930
C:\Users\miker\wake_word_project\data\negative\yes\be7a5b2d_nohash_1.wav,0.012695
C:\Users\miker\wake_word_project\data\negative\on\bab36420_nohash_1.wav,0.000162
C:\Users\miker\wake_word_project\data\negative\learn\ca4d5368_nohash_0.wav,0.001090
C:\Users\miker\wake_word_project\data\negative\three\4cb874bb_nohash_0.wav,0.001522
C:\Users\miker\wake_word_project\data\negative\forward\460209ac_nohash_4.wav,0.000460
C:\Users\miker\wake_word_project\data\negative\eight\6c9223bd_nohash_0.wav,0.001178
C:\Users\miker\wake_word_project\data\negative\eight\e8d562ca_nohash_0.wav,0.001049
C:\Users\miker\wake_word_project\data\negative\four\7d86b703_nohash_1.wav,0.001106
C:\Users\miker\wake_word_project\data\negative\backward\45692b02_nohash_0.wav,0.001375
C:\Users\miker\wake_word_project\data\negative\three\29fb33da_nohash_1.wav,0.000941
C:\Users\miker\wake_word_project\data\negative\yes\a5b24175_nohash_2.wav,0.007928
C:\Users\miker\wake_word_project\data\negative\happy\61482e52_nohash_0.wav,0.001946
C:\Users\miker\wake_word_project\data\negative\backward\f822b9bf_nohash_0.wav,0.005426
C:\Users\miker\wake_word_project\data\negative\one\24a3e589_nohash_0.wav,0.000362
C:\Users\miker\wake_word_project\data\negative\right\7c83c5f6_nohash_4.wav,0.001511
C:\Users\miker\wake_word_project\data\negative\right\85c60942_nohash_0.wav,0.000059
C:\Users\miker\wake_word_project\data\negative\seven\ffd2ba2f_nohash_2.wav,0.000454
C:\Users\miker\wake_word_project\data\negative\zero\fb8c31a9_nohash_4.wav,0.031934
C:\Users\miker\wake_word_project\data\negative\backward\773e26f7_nohash_2.wav,0.015701
C:\Users\miker\wake_word_project\data\negative\stop\ae04cdbe_nohash_0.wav,0.000037
C:\Users\miker\wake_word_project\data\negative\right\563aa4e6_nohash_0.wav,0.000899
C:\Users\miker\wake_word_project\data\negative\go\b44007bc_nohash_0.wav,0.000052
C:\Users\miker\wake_word_project\data\negative\four\f822b9bf_nohash_1.wav,0.003607
C:\Users\miker\wake_word_project\data\negative\stop\0447d7c1_nohash_0.wav,0.001393
C:\Users\miker\wake_word_project\data\negative\tree\fa7895de_nohash_0.wav,0.002493
C:\Users\miker\wake_word_project\data\negative\one\bbf38549_nohash_0.wav,0.001185
C:\Users\miker\wake_word_project\data\negative\on\f9273a21_nohash_1.wav,0.001772
C:\Users\miker\wake_word_project\data\negative\off\7846fd85_nohash_2.wav,0.001288
C:\Users\miker\wake_word_project\data\negative\on\964e8cfd_nohash_4.wav,0.001313
C:\Users\miker\wake_word_project\data\negative\down\2296b1af_nohash_0.wav,0.000342
C:\Users\miker\wake_word_project\data\negative\stop\6fb3d5a7_nohash_3.wav,0.000074
C:\Users\miker\wake_word_project\data\negative\stop\6565a81d_nohash_4.wav,0.000576
C:\Users\miker\wake_word_project\data\negative\backward\88e730cd_nohash_1.wav,0.019041
C:\Users\miker\wake_word_project\data\negative\go\ea0cf37f_nohash_0.wav,0.000132
C:\Users\miker\wake_word_project\data\negative\sheila\3ffa3457_nohash_3.wav,0.000380
C:\Users\miker\wake_word_project\data\negative\house\e7d0eb3f_nohash_0.wav,0.001927
C:\Users\miker\wake_word_project\data\negative\three\1496195a_nohash_0.wav,0.000549
C:\Users\miker\wake_word_project\data\negative\three\61e2f74f_nohash_2.wav,0.001539
C:\Users\miker\wake_word_project\data\negative\sheila\e8d562ca_nohash_0.wav,0.003607
C:\Users\miker\wake_word_project\data\negative\cat\5828dfa2_nohash_0.wav,0.000743
C:\Users\miker\wake_word_project\data\negative\forward\a7216980_nohash_2.wav,0.000359
C:\Users\miker\wake_word_project\data\negative\five\72e382bd_nohash_3.wav,0.001847
C:\Users\miker\wake_word_project\data\negative\cat\bc196f81_nohash_0.wav,0.000776
C:\Users\miker\wake_word_project\data\negative\tree\837f7378_nohash_0.wav,0.007119
C:\Users\miker\wake_word_project\data\negative\nine\692a88e6_nohash_3.wav,0.007219
C:\Users\miker\wake_word_project\data\negative\bird\8ed25ef8_nohash_0.wav,0.000084
C:\Users\miker\wake_word_project\data\negative\five\5db0e146_nohash_1.wav,0.000330
C:\Users\miker\wake_word_project\data\negative\bird\4a1e736b_nohash_0.wav,0.021149
C:\Users\miker\wake_word_project\data\negative\two\3c257192_nohash_2.wav,0.001375
C:\Users\miker\wake_word_project\data\negative\six\acfd5b5e_nohash_1.wav,0.027968
C:\Users\miker\wake_word_project\data\negative\stop\837a0f64_nohash_4.wav,0.001000
C:\Users\miker\wake_word_project\data\negative\marvin\ad6a46f1_nohash_1.wav,0.000200
C:\Users\miker\wake_word_project\data\negative\down\6aa8def4_nohash_0.wav,0.000586
C:\Users\miker\wake_word_project\data\negative\cat\5af0ca83_nohash_0.wav,0.004350
C:\Users\miker\wake_word_project\data\negative\eight\211b928a_nohash_3.wav,0.000081
C:\Users\miker\wake_word_project\data\negative\off\b72e58c9_nohash_1.wav,0.002322
C:\Users\miker\wake_word_project\data\negative\forward\18d120ae_nohash_0.wav,0.000940
C:\Users\miker\wake_word_project\data\negative\five\df1d5024_nohash_2.wav,0.001471
C:\Users\miker\wake_word_project\data\negative\two\6aa8def4_nohash_2.wav,0.000735
C:\Users\miker\wake_word_project\data\negative\learn\645ed69d_nohash_2.wav,0.003074
C:\Users\miker\wake_word_project\data\negative\stop\c6389ab0_nohash_0.wav,0.000303
C:\Users\miker\wake_word_project\data\negative\up\1657c9fa_nohash_2.wav,0.000950
C:\Users\miker\wake_word_project\data\negative\up\5ebc1cda_nohash_3.wav,0.000362
C:\Users\miker\wake_word_project\data\negative\stop\37fc5d97_nohash_0.wav,0.001771
C:\Users\miker\wake_word_project\data\negative\six\7910d292_nohash_1.wav,0.010936
C:\Users\miker\wake_word_project\data\negative\zero\569455ff_nohash_1.wav,0.004078
C:\Users\miker\wake_word_project\data\negative\six\1dc86f91_nohash_3.wav,0.003578
C:\Users\miker\wake_word_project\data\negative\forward\03401e93_nohash_1.wav,0.007605
C:\Users\miker\wake_word_project\data\negative\yes\1b5ba788_nohash_0.wav,0.003138
C:\Users\miker\wake_word_project\data\negative\six\b4aa9fef_nohash_0.wav,0.006630
C:\Users\miker\wake_word_project\data\negative\nine\c948d727_nohash_2.wav,0.001240
C:\Users\miker\wake_word_project\data\negative\bird\80c17118_nohash_0.wav,0.000836
C:\Users\miker\wake_word_project\data\negative\down\9ff2d2f4_nohash_2.wav,0.000224
C:\Users\miker\wake_word_project\data\negative\yes\bdd22e4d_nohash_1.wav,0.003999
C:\Users\miker\wake_word_project\data\negative\left\42f81601_nohash_1.wav,0.004660
C:\Users\miker\wake_word_project\data\negative\marvin\258f4559_nohash_0.wav,0.049103
C:\Users\miker\wake_word_project\data\negative\no\14c7b073_nohash_0.wav,0.000142
C:\Users\miker\wake_word_project\data\negative\no\6a2fb9a5_nohash_0.wav,0.010102
C:\Users\miker\wake_word_project\data\negative\dog\87eff300_nohash_0.wav,0.000450
C:\Users\miker\wake_word_project\data\negative\yes\6565a81d_nohash_3.wav,0.002572
C:\Users\miker\wake_word_project\data\negative\on\1657c9fa_nohash_2.wav,0.001245
C:\Users\miker\wake_word_project\data\negative\sheila\71bf8f48_nohash_0.wav,0.007430
C:\Users\miker\wake_word_project\data\negative\dog\5c8af87a_nohash_0.wav,0.000100
C:\Users\miker\wake_word_project\data\negative\left\0d82fd99_nohash_3.wav,0.001050
C:\Users\miker\wake_word_project\data\negative\one\92a9c5e6_nohash_4.wav,0.001500
C:\Users\miker\wake_word_project\data\negative\five\017c4098_nohash_4.wav,0.000753
C:\Users\miker\wake_word_project\data\negative\eight\97f4c236_nohash_0.wav,0.003335
C:\Users\miker\wake_word_project\data\negative\up\30060aba_nohash_1.wav,0.002252
C:\Users\miker\wake_word_project\data\negative\house\ad6f7c10_nohash_0.wav,0.000841
C:\Users\miker\wake_word_project\data\negative\marvin\8dd24423_nohash_0.wav,0.001192
C:\Users\miker\wake_word_project\data\negative\seven\7ab5b8f7_nohash_0.wav,0.004701
C:\Users\miker\wake_word_project\data\negative\off\9aa21fa9_nohash_1.wav,0.018396
C:\Users\miker\wake_word_project\data\negative\seven\62f05757_nohash_3.wav,0.005131
C:\Users\miker\wake_word_project\data\negative\four\bbc30633_nohash_0.wav,0.014114
C:\Users\miker\wake_word_project\data\negative\up\3a69f765_nohash_0.wav,0.010192
C:\Users\miker\wake_word_project\data\negative\four\b5d1e505_nohash_0.wav,0.000503
C:\Users\miker\wake_word_project\data\negative\stop\cd671b5f_nohash_2.wav,0.000502
C:\Users\miker\wake_word_project\data\negative\cat\ef3367d9_nohash_0.wav,0.006612
C:\Users\miker\wake_word_project\data\negative\eight\246d2c7f_nohash_0.wav,0.000388
C:\Users\miker\wake_word_project\data\negative\six\6f5eea74_nohash_0.wav,0.054472
C:\Users\miker\wake_word_project\data\negative\visual\fb8c31a9_nohash_4.wav,0.031980
C:\Users\miker\wake_word_project\data\negative\three\656e8bb3_nohash_0.wav,0.004845
C:\Users\miker\wake_word_project\data\negative\seven\89e59d18_nohash_0.wav,0.003722
C:\Users\miker\wake_word_project\data\negative\down\6a497f80_nohash_0.wav,0.002252
C:\Users\miker\wake_word_project\data\negative\one\fb727898_nohash_3.wav,0.000694
C:\Users\miker\wake_word_project\data\negative\visual\8769c34c_nohash_1.wav,0.002373
C:\Users\miker\wake_word_project\data\negative\two\f8ba7c0e_nohash_2.wav,0.000853
C:\Users\miker\wake_word_project\data\negative\stop\90804775_nohash_0.wav,0.007212
C:\Users\miker\wake_word_project\data\negative\zero\5f8097e1_nohash_2.wav,0.002362
C:\Users\miker\wake_word_project\data\negative\up\a045368c_nohash_2.wav,0.023381
C:\Users\miker\wake_word_project\data\negative\learn\a9ca1818_nohash_1.wav,0.001735
C:\Users\miker\wake_word_project\data\negative\on\144d27ff_nohash_0.wav,0.002175
C:\Users\miker\wake_word_project\data\negative\stop\b5552931_nohash_4.wav,0.002050
C:\Users\miker\wake_word_project\data\negative\left\ddedba85_nohash_4.wav,0.000915
C:\Users\miker\wake_word_project\data\negative\happy\cb72dfb6_nohash_0.wav,0.002813
C:\Users\miker\wake_word_project\data\negative\six\9448c397_nohash_0.wav,0.007715
C:\Users\miker\wake_word_project\data\negative\nine\978240e1_nohash_3.wav,0.001741
C:\Users\miker\wake_word_project\data\negative\eight\d7467392_nohash_0.wav,0.000964
C:\Users\miker\wake_word_project\data\negative\stop\e3b64217_nohash_0.wav,0.000467
C:\Users\miker\wake_word_project\data\negative\six\21832144_nohash_4.wav,0.004865
C:\Users\miker\wake_word_project\data\negative\right\7081436f_nohash_0.wav,0.000279
C:\Users\miker\wake_word_project\data\negative\seven\39c13eed_nohash_0.wav,0.006471
C:\Users\miker\wake_word_project\data\negative\visual\f2e9b610_nohash_2.wav,0.006460
C:\Users\miker\wake_word_project\data\negative\three\82d0d3ba_nohash_0.wav,0.000885
C:\Users\miker\wake_word_project\data\negative\right\4c6167ca_nohash_2.wav,0.002121
C:\Users\miker\wake_word_project\data\negative\forward\333d7ddb_nohash_0.wav,0.000716
C:\Users\miker\wake_word_project\data\negative\stop\b91b718c_nohash_3.wav,0.000792
C:\Users\miker\wake_word_project\data\negative\go\837a0f64_nohash_4.wav,0.000114
C:\Users\miker\wake_word_project\data\negative\up\b29f8b23_nohash_2.wav,0.001279
C:\Users\miker\wake_word_project\data\negative\learn\ef3367d9_nohash_0.wav,0.006305
C:\Users\miker\wake_word_project\data\negative\four\2748cce7_nohash_0.wav,0.001173
C:\Users\miker\wake_word_project\data\negative\backward\1ed0b13d_nohash_4.wav,0.001817
C:\Users\miker\wake_word_project\data\negative\eight\73f0c1f7_nohash_0.wav,0.000419
C:\Users\miker\wake_word_project\data\negative\bed\c08e5058_nohash_0.wav,0.000281
C:\Users\miker\wake_word_project\data\negative\one\5cf1ecce_nohash_0.wav,0.001892
C:\Users\miker\wake_word_project\data\negative\three\4254621e_nohash_0.wav,0.044890
C:\Users\miker\wake_word_project\data\negative\zero\a996cf66_nohash_0.wav,0.000105
C:\Users\miker\wake_word_project\data\negative\eight\71e6ab20_nohash_0.wav,0.002737
C:\Users\miker\wake_word_project\data\negative\wow\745a8e32_nohash_0.wav,0.000308
C:\Users\miker\wake_word_project\data\negative\four\a7216980_nohash_0.wav,0.000264
C:\Users\miker\wake_word_project\data\negative\zero\bc999754_nohash_0.wav,0.000120
C:\Users\miker\wake_word_project\data\negative\stop\eb6dab4a_nohash_1.wav,0.000622
C:\Users\miker\wake_word_project\data\negative\off\a2fefcb4_nohash_1.wav,0.001650
C:\Users\miker\wake_word_project\data\negative\cat\1d919a90_nohash_0.wav,0.000119
C:\Users\miker\wake_word_project\data\negative\marvin\d5b963aa_nohash_0.wav,0.009472
C:\Users\miker\wake_word_project\data\negative\nine\6f1ffef6_nohash_0.wav,0.009458
C:\Users\miker\wake_word_project\data\negative\six\0e6e36c9_nohash_0.wav,0.001031
C:\Users\miker\wake_word_project\data\negative\zero\f174517e_nohash_0.wav,0.004691
C:\Users\miker\wake_word_project\data\negative\three\b5552931_nohash_3.wav,0.001486
C:\Users\miker\wake_word_project\data\negative\four\cdee383b_nohash_0.wav,0.001589
C:\Users\miker\wake_word_project\data\negative\backward\e9bc5cc2_nohash_2.wav,0.016339
C:\Users\miker\wake_word_project\data\negative\three\cce7416f_nohash_2.wav,0.029126
C:\Users\miker\wake_word_project\data\negative\four\6af4aa07_nohash_1.wav,0.000897
C:\Users\miker\wake_word_project\data\negative\up\0685264e_nohash_0.wav,0.001672
C:\Users\miker\wake_word_project\data\negative\learn\2b5e346d_nohash_2.wav,0.014795
C:\Users\miker\wake_word_project\data\negative\happy\735845ab_nohash_0.wav,0.000459
C:\Users\miker\wake_word_project\data\negative\zero\6e74c582_nohash_0.wav,0.012804
C:\Users\miker\wake_word_project\data\negative\dog\89947bd7_nohash_0.wav,0.006204
C:\Users\miker\wake_word_project\data\negative\left\93ec8b84_nohash_0.wav,0.001595
C:\Users\miker\wake_word_project\data\negative\left\4cee0c60_nohash_2.wav,0.018492
C:\Users\miker\wake_word_project\data\negative\right\c9b5ff26_nohash_1.wav,0.002197
C:\Users\miker\wake_word_project\data\negative\sheila\69953f48_nohash_1.wav,0.000459
C:\Users\miker\wake_word_project\data\negative\marvin\380abbad_nohash_2.wav,0.004434
C:\Users\miker\wake_word_project\data\negative\yes\b41a92a3_nohash_0.wav,0.002257
C:\Users\miker\wake_word_project\data\negative\backward\821b64cc_nohash_1.wav,0.023242
C:\Users\miker\wake_word_project\data\negative\two\e0c782d5_nohash_1.wav,0.000049
C:\Users\miker\wake_word_project\data\negative\marvin\cce7416f_nohash_2.wav,0.017335
C:\Users\miker\wake_word_project\data\negative\no\facd97c0_nohash_0.wav,0.003451
C:\Users\miker\wake_word_project\data\negative\six\590750e8_nohash_0.wav,0.000091
C:\Users\miker\wake_word_project\data\negative\bird\1589451d_nohash_0.wav,0.011991
C:\Users\miker\wake_word_project\data\negative\follow\e11fbc6e_nohash_0.wav,0.000583
C:\Users\miker\wake_word_project\data\negative\marvin\a4ca3afe_nohash_0.wav,0.001608
C:\Users\miker\wake_word_project\data\negative\nine\0d90d8e1_nohash_2.wav,0.001118
C:\Users\miker\wake_word_project\data\negative\two\6fb3d5a7_nohash_0.wav,0.000175
C:\Users\miker\wake_word_project\data\negative\one\d3f22f0e_nohash_0.wav,0.003581
C:\Users\miker\wake_word_project\data\negative\one\b49caed3_nohash_0.wav,0.002496
C:\Users\miker\wake_word_project\data\negative\zero\ace072ba_nohash_3.wav,0.002912
C:\Users\miker\wake_word_project\data\negative\bird\7c9b43f0_nohash_0.wav,0.000717
C:\Users\miker\wake_word_project\data\negative\three\f9318c93_nohash_0.wav,0.030951
C:\Users\miker\wake_word_project\data\negative\five\0d90d8e1_nohash_3.wav,0.002290
C:\Users\miker\wake_word_project\data\negative\one\e9e07a2d_nohash_0.wav,0.003950
C:\Users\miker\wake_word_project\data\negative\five\b29f8b23_nohash_0.wav,0.001639
C:\Users\miker\wake_word_project\data\negative\three\541e4079_nohash_2.wav,0.004410
C:\Users\miker\wake_word_project\data\negative\one\333784b7_nohash_1.wav,0.003049
C:\Users\miker\wake_word_project\data\negative\marvin\ea7ca285_nohash_2.wav,0.004488
C:\Users\miker\wake_word_project\data\negative\one\4290ca61_nohash_1.wav,0.001140
C:\Users\miker\wake_word_project\data\negative\zero\38d78313_nohash_2.wav,0.003265
C:\Users\miker\wake_word_project\data\negative\off\9c06a3f3_nohash_0.wav,0.000316
C:\Users\miker\wake_word_project\data\negative\wow\c120e80e_nohash_0.wav,0.000197
C:\Users\miker\wake_word_project\data\negative\cat\cc3d1613_nohash_3.wav,0.000038
C:\Users\miker\wake_word_project\data\negative\seven\4407ba92_nohash_1.wav,0.011156
C:\Users\miker\wake_word_project\data\negative\left\435695e3_nohash_1.wav,0.031799
C:\Users\miker\wake_word_project\data\negative\six\340c8b10_nohash_0.wav,0.000464
C:\Users\miker\wake_word_project\data\negative\visual\9b8a7439_nohash_0.wav,0.004281
C:\Users\miker\wake_word_project\data\negative\two\a489191a_nohash_1.wav,0.001970
C:\Users\miker\wake_word_project\data\negative\left\d37e4bf1_nohash_2.wav,0.001454
C:\Users\miker\wake_word_project\data\negative\seven\c1d39ce8_nohash_2.wav,0.009491
C:\Users\miker\wake_word_project\data\negative\four\af790082_nohash_3.wav,0.000997
C:\Users\miker\wake_word_project\data\negative\six\a7200079_nohash_4.wav,0.030432
C:\Users\miker\wake_word_project\data\negative\two\dca2797e_nohash_3.wav,0.000645
C:\Users\miker\wake_word_project\data\negative\marvin\b69fe0e2_nohash_0.wav,0.002708
C:\Users\miker\wake_word_project\data\negative\zero\bbf38549_nohash_1.wav,0.001354
C:\Users\miker\wake_word_project\data\negative\zero\a16013b7_nohash_3.wav,0.000228
C:\Users\miker\wake_word_project\data\negative\dog\70a00e98_nohash_0.wav,0.001332
C:\Users\miker\wake_word_project\data\negative\five\7f208e83_nohash_0.wav,0.000205
C:\Users\miker\wake_word_project\data\negative\learn\171edea9_nohash_2.wav,0.001701
C:\Users\miker\wake_word_project\data\negative\bird\35c8fa78_nohash_1.wav,0.024529
C:\Users\miker\wake_word_project\data\negative\nine\1890e5c3_nohash_0.wav,0.002554
C:\Users\miker\wake_word_project\data\negative\no\4c3cddb8_nohash_2.wav,0.000404
C:\Users\miker\wake_word_project\data\negative\three\4e6902d0_nohash_2.wav,0.001268
C:\Users\miker\wake_word_project\data\negative\seven\b665723d_nohash_0.wav,0.005414
C:\Users\miker\wake_word_project\data\negative\follow\0f46028a_nohash_0.wav,0.000150
C:\Users\miker\wake_word_project\data\negative\six\6ace4fe1_nohash_4.wav,0.002903
C:\Users\miker\wake_word_project\data\negative\stop\98ea0818_nohash_5.wav,0.002366
C:\Users\miker\wake_word_project\data\negative\no\c50f55b8_nohash_0.wav,0.001063
C:\Users\miker\wake_word_project\data\negative\forward\ddedba85_nohash_1.wav,0.000126
C:\Users\miker\wake_word_project\data\negative\stop\3a182c98_nohash_0.wav,0.000424
C:\Users\miker\wake_word_project\data\negative\eight\679463fc_nohash_0.wav,0.019342
C:\Users\miker\wake_word_project\data\negative\zero\29fb33da_nohash_4.wav,0.018161
C:\Users\miker\wake_word_project\data\negative\yes\2dc4f05d_nohash_1.wav,0.000042
C:\Users\miker\wake_word_project\data\negative\left\98170b49_nohash_0.wav,0.000356
C:\Users\miker\wake_word_project\data\negative\up\9229bff9_nohash_1.wav,0.001681
C:\Users\miker\wake_word_project\data\negative\up\bbc30633_nohash_3.wav,0.014356
C:\Users\miker\wake_word_project\data\negative\bird\3bdf05d3_nohash_0.wav,0.001246
C:\Users\miker\wake_word_project\data\negative\house\80fe1dc7_nohash_0.wav,0.005237
C:\Users\miker\wake_word_project\data\negative\off\9b402bc2_nohash_0.wav,0.000587
C:\Users\miker\wake_word_project\data\negative\down\627c0bec_nohash_2.wav,0.019022
C:\Users\miker\wake_word_project\data\negative\right\742d6431_nohash_2.wav,0.013439
C:\Users\miker\wake_word_project\data\negative\go\b29f8b23_nohash_2.wav,0.001126
C:\Users\miker\wake_word_project\data\negative\no\29fb33da_nohash_4.wav,0.004778
C:\Users\miker\wake_word_project\data\negative\on\ea0cf37f_nohash_1.wav,0.000161
C:\Users\miker\wake_word_project\data\negative\left\61abbf52_nohash_2.wav,0.003547
C:\Users\miker\wake_word_project\data\negative\four\f21893dc_nohash_0.wav,0.000028
C:\Users\miker\wake_word_project\data\negative\seven\676f8138_nohash_3.wav,0.000168
C:\Users\miker\wake_word_project\data\negative\left\5fc3ed24_nohash_0.wav,0.001596
C:\Users\miker\wake_word_project\data\negative\follow\d1dd03ed_nohash_2.wav,0.000980
C:\Users\miker\wake_word_project\data\negative\eight\3cc595de_nohash_2.wav,0.000729
C:\Users\miker\wake_word_project\data\negative\no\3f45a0cf_nohash_0.wav,0.000818
C:\Users\miker\wake_word_project\data\negative\zero\3d9200b9_nohash_0.wav,0.000465
C:\Users\miker\wake_word_project\data\negative\bird\9ce7a419_nohash_0.wav,0.000189
C:\Users\miker\wake_word_project\data\negative\four\72e382bd_nohash_1.wav,0.000586
C:\Users\miker\wake_word_project\data\negative\down\9aa21fa9_nohash_2.wav,0.002234
C:\Users\miker\wake_word_project\data\negative\on\a7acbbeb_nohash_0.wav,0.000959
C:\Users\miker\wake_word_project\data\negative\right\c44d2a58_nohash_0.wav,0.000247
C:\Users\miker\wake_word_project\data\negative\bed\cc71bada_nohash_1.wav,0.007395
C:\Users\miker\wake_word_project\data\negative\zero\b8874962_nohash_3.wav,0.000467
C:\Users\miker\wake_word_project\data\negative\one\f2e9b610_nohash_3.wav,0.006098
C:\Users\miker\wake_word_project\data\negative\right\9448c397_nohash_1.wav,0.002696
C:\Users\miker\wake_word_project\data\negative\five\a73be046_nohash_0.wav,0.317733
C:\Users\miker\wake_word_project\data\negative\nine\1ed0b13d_nohash_0.wav,0.000995
C:\Users\miker\wake_word_project\data\negative\one\f9af0887_nohash_0.wav,0.000066
C:\Users\miker\wake_word_project\data\negative\wow\2589f361_nohash_1.wav,0.002590
C:\Users\miker\wake_word_project\data\negative\seven\5c237956_nohash_2.wav,0.000819
C:\Users\miker\wake_word_project\data\negative\left\ab46af55_nohash_4.wav,0.001252
C:\Users\miker\wake_word_project\data\negative\yes\f5341341_nohash_3.wav,0.001644
C:\Users\miker\wake_word_project\data\negative\marvin\6ef407da_nohash_0.wav,0.009080
C:\Users\miker\wake_word_project\data\negative\five\4bc2c2c5_nohash_1.wav,0.008576
C:\Users\miker\wake_word_project\data\negative\yes\c41d9052_nohash_0.wav,0.000254
C:\Users\miker\wake_word_project\data\negative\down\c518d1b1_nohash_0.wav,0.000246
C:\Users\miker\wake_word_project\data\negative\seven\1c84a139_nohash_2.wav,0.000743
C:\Users\miker\wake_word_project\data\negative\two\9735764a_nohash_1.wav,0.001329
C:\Users\miker\wake_word_project\data\negative\eight\f1d8a638_nohash_0.wav,0.011748
C:\Users\miker\wake_word_project\data\negative\four\92037d73_nohash_0.wav,0.000179
C:\Users\miker\wake_word_project\data\negative\visual\91ffb786_nohash_0.wav,0.002007
C:\Users\miker\wake_word_project\data\negative\bird\8c4854bc_nohash_1.wav,0.000482
C:\Users\miker\wake_word_project\data\negative\one\29fb33da_nohash_1.wav,0.004359
C:\Users\miker\wake_word_project\data\negative\no\b69002d4_nohash_4.wav,0.001420
C:\Users\miker\wake_word_project\data\negative\up\daf230ac_nohash_0.wav,0.001021
C:\Users\miker\wake_word_project\data\negative\seven\50f55535_nohash_1.wav,0.012232
C:\Users\miker\wake_word_project\data\negative\eight\5fe4a278_nohash_0.wav,0.001093
C:\Users\miker\wake_word_project\data\negative\backward\525eaa62_nohash_0.wav,0.000353
C:\Users\miker\wake_word_project\data\negative\cat\03cf93b1_nohash_0.wav,0.000291
C:\Users\miker\wake_word_project\data\negative\two\ec989d6d_nohash_2.wav,0.000571
C:\Users\miker\wake_word_project\data\negative\stop\3291330e_nohash_0.wav,0.001086
C:\Users\miker\wake_word_project\data\negative\down\65040d9b_nohash_0.wav,0.000440
C:\Users\miker\wake_word_project\data\negative\one\6c0f6493_nohash_0.wav,0.001581
C:\Users\miker\wake_word_project\data\negative\cat\28460a60_nohash_0.wav,0.003994
C:\Users\miker\wake_word_project\data\negative\down\ede2f4ee_nohash_0.wav,0.000107
C:\Users\miker\wake_word_project\data\negative\seven\3ee0fc39_nohash_1.wav,0.006723
C:\Users\miker\wake_word_project\data\negative\yes\abbfc3b4_nohash_0.wav,0.000535
C:\Users\miker\wake_word_project\data\negative\wow\f7b43563_nohash_0.wav,0.001582
C:\Users\miker\wake_word_project\data\negative\left\bbd0bbd0_nohash_1.wav,0.003630
C:\Users\miker\wake_word_project\data\negative\bed\a8cb6dda_nohash_0.wav,0.000154
C:\Users\miker\wake_word_project\data\negative\six\a8688b67_nohash_1.wav,0.002558
C:\Users\miker\wake_word_project\data\negative\yes\65d81c54_nohash_0.wav,0.001205
C:\Users\miker\wake_word_project\data\negative\left\b9515bf3_nohash_1.wav,0.001016
C:\Users\miker\wake_word_project\data\negative\three\bf8d5617_nohash_2.wav,0.002771
C:\Users\miker\wake_word_project\data\negative\marvin\0447d7c1_nohash_1.wav,0.027502
C:\Users\miker\wake_word_project\data\negative\four\66276b0e_nohash_1.wav,0.000384
C:\Users\miker\wake_word_project\data\negative\four\2005ca25_nohash_0.wav,0.000392
C:\Users\miker\wake_word_project\data\negative\learn\9fac5701_nohash_0.wav,0.012465
C:\Users\miker\wake_word_project\data\negative\house\ccfd721c_nohash_0.wav,0.002534
C:\Users\miker\wake_word_project\data\negative\seven\a7200079_nohash_0.wav,0.013492
C:\Users\miker\wake_word_project\data\negative\left\f5626af6_nohash_2.wav,0.007417
C:\Users\miker\wake_word_project\data\negative\yes\ddedba85_nohash_3.wav,0.000619
C:\Users\miker\wake_word_project\data\negative\on\8dc18a75_nohash_1.wav,0.002413
C:\Users\miker\wake_word_project\data\negative\two\62641b88_nohash_1.wav,0.005339
C:\Users\miker\wake_word_project\data\negative\eight\6dfff95a_nohash_0.wav,0.007421
C:\Users\miker\wake_word_project\data\negative\house\92a9c5e6_nohash_0.wav,0.005155
C:\Users\miker\wake_word_project\data\negative\five\7f74626f_nohash_1.wav,0.000383
C:\Users\miker\wake_word_project\data\negative\five\c120e80e_nohash_3.wav,0.001284
C:\Users\miker\wake_word_project\data\negative\house\a3502f15_nohash_1.wav,0.001679
C:\Users\miker\wake_word_project\data\negative\eight\51f7a034_nohash_1.wav,0.001710
C:\Users\miker\wake_word_project\data\negative\bed\2c727642_nohash_2.wav,0.001346
C:\Users\miker\wake_word_project\data\negative\three\2da58b32_nohash_1.wav,0.015535
C:\Users\miker\wake_word_project\data\negative\six\0685264e_nohash_0.wav,0.005911
C:\Users\miker\wake_word_project\data\negative\seven\0b77ee66_nohash_0.wav,0.006897
C:\Users\miker\wake_word_project\data\negative\down\e76dd1ce_nohash_0.wav,0.001614
C:\Users\miker\wake_word_project\data\negative\four\9f93e408_nohash_2.wav,0.259665
C:\Users\miker\wake_word_project\data\negative\seven\f810e799_nohash_1.wav,0.006279
C:\Users\miker\wake_word_project\data\negative\nine\735845ab_nohash_3.wav,0.000723
C:\Users\miker\wake_word_project\data\negative\sheila\6078eb0d_nohash_0.wav,0.004190
C:\Users\miker\wake_word_project\data\negative\left\f035e2ea_nohash_3.wav,0.001789
C:\Users\miker\wake_word_project\data\negative\house\7bae88ed_nohash_0.wav,0.001989
C:\Users\miker\wake_word_project\data\negative\five\3b852f6f_nohash_0.wav,0.000948
C:\Users\miker\wake_word_project\data\negative\up\890cc926_nohash_1.wav,0.001220
C:\Users\miker\wake_word_project\data\negative\zero\de650823_nohash_0.wav,0.002834
C:\Users\miker\wake_word_project\data\negative\six\890cc926_nohash_4.wav,0.004560
C:\Users\miker\wake_word_project\data\negative\go\eb0676ec_nohash_0.wav,0.029562
C:\Users\miker\wake_word_project\data\negative\follow\87070229_nohash_4.wav,0.000315
C:\Users\miker\wake_word_project\data\negative\dog\c1d39ce8_nohash_1.wav,0.009743
C:\Users\miker\wake_word_project\data\negative\left\b46e8153_nohash_0.wav,0.000349
C:\Users\miker\wake_word_project\data\negative\stop\d9d6559e_nohash_0.wav,0.004302
C:\Users\miker\wake_word_project\data\negative\nine\14c7b073_nohash_0.wav,0.002218
C:\Users\miker\wake_word_project\data\negative\seven\e7334395_nohash_1.wav,0.001077
C:\Users\miker\wake_word_project\data\negative\on\a6f2fd71_nohash_2.wav,0.005631
C:\Users\miker\wake_word_project\data\negative\cat\7799c9cd_nohash_0.wav,0.000424
C:\Users\miker\wake_word_project\data\negative\eight\da2c5f1b_nohash_0.wav,0.001085
C:\Users\miker\wake_word_project\data\negative\bird\13199b79_nohash_1.wav,0.001181
C:\Users\miker\wake_word_project\data\negative\one\91ffb786_nohash_0.wav,0.000255
C:\Users\miker\wake_word_project\data\negative\two\8a325749_nohash_0.wav,0.000552
C:\Users\miker\wake_word_project\data\negative\cat\7211390b_nohash_0.wav,0.004353
C:\Users\miker\wake_word_project\data\negative\eight\050170cb_nohash_0.wav,0.004992
C:\Users\miker\wake_word_project\data\negative\no\96a48d28_nohash_3.wav,0.000827
C:\Users\miker\wake_word_project\data\negative\down\5e3dde6b_nohash_2.wav,0.000988
C:\Users\miker\wake_word_project\data\negative\no\d7559b2d_nohash_0.wav,0.000278
C:\Users\miker\wake_word_project\data\negative\forward\256c0a05_nohash_2.wav,0.001787
C:\Users\miker\wake_word_project\data\negative\up\8b25410a_nohash_0.wav,0.000677
C:\Users\miker\wake_word_project\data\negative\stop\418e7158_nohash_0.wav,0.001066
C:\Users\miker\wake_word_project\data\negative\stop\26e573a9_nohash_0.wav,0.000354
C:\Users\miker\wake_word_project\data\negative\three\69a1a79f_nohash_3.wav,0.000709
C:\Users\miker\wake_word_project\data\negative\up\079dfce3_nohash_0.wav,0.000156
C:\Users\miker\wake_word_project\data\negative\up\59b98a22_nohash_1.wav,0.000677
C:\Users\miker\wake_word_project\data\negative\on\b76f6088_nohash_3.wav,0.000358
C:\Users\miker\wake_word_project\data\negative\stop\f30285c8_nohash_1.wav,0.001175
C:\Users\miker\wake_word_project\data\negative\nine\a6d586b7_nohash_0.wav,0.000932
C:\Users\miker\wake_word_project\data\negative\left\bbc30633_nohash_1.wav,0.014351
C:\Users\miker\wake_word_project\data\negative\marvin\c0445658_nohash_0.wav,0.000075
C:\Users\miker\wake_word_project\data\negative\four\5170b77f_nohash_3.wav,0.006458
C:\Users\miker\wake_word_project\data\negative\up\d21fd169_nohash_2.wav,0.006358
C:\Users\miker\wake_word_project\data\negative\yes\652b3da7_nohash_1.wav,0.011383
C:\Users\miker\wake_word_project\data\negative\two\617aeb6c_nohash_1.wav,0.001552
C:\Users\miker\wake_word_project\data\negative\down\1b4c9b89_nohash_1.wav,0.054473
C:\Users\miker\wake_word_project\data\negative\yes\508e30ee_nohash_3.wav,0.002294
C:\Users\miker\wake_word_project\data\negative\yes\9be15e93_nohash_2.wav,0.000026
C:\Users\miker\wake_word_project\data\negative\one\62581901_nohash_0.wav,0.000974
C:\Users\miker\wake_word_project\data\negative\six\4f2be90f_nohash_0.wav,0.001756
C:\Users\miker\wake_word_project\data\negative\eight\ea1f888c_nohash_2.wav,0.007247
C:\Users\miker\wake_word_project\data\negative\down\9e6bb505_nohash_0.wav,0.000665
C:\Users\miker\wake_word_project\data\negative\zero\cf87b736_nohash_0.wav,0.003327
C:\Users\miker\wake_word_project\data\negative\up\51f7a034_nohash_0.wav,0.000281
C:\Users\miker\wake_word_project\data\negative\one\7c1d8533_nohash_1.wav,0.005196
C:\Users\miker\wake_word_project\data\negative\down\beb458a4_nohash_1.wav,0.004284
C:\Users\miker\wake_word_project\data\negative\one\0aad3227_nohash_0.wav,0.000059
C:\Users\miker\wake_word_project\data\negative\left\ab76ac76_nohash_0.wav,0.004739
C:\Users\miker\wake_word_project\data\negative\two\d2f4f431_nohash_0.wav,0.002052
C:\Users\miker\wake_word_project\data\negative\three\f01a0d63_nohash_4.wav,0.001496
C:\Users\miker\wake_word_project\data\negative\up\beb458a4_nohash_0.wav,0.008563
C:\Users\miker\wake_word_project\data\negative\yes\ae82c78c_nohash_0.wav,0.000644
C:\Users\miker\wake_word_project\data\negative\one\8fe67225_nohash_0.wav,0.001131
C:\Users\miker\wake_word_project\data\negative\go\7846fd85_nohash_3.wav,0.000780
C:\Users\miker\wake_word_project\data\negative\go\332d33b1_nohash_1.wav,0.001707
C:\Users\miker\wake_word_project\data\negative\five\4f256313_nohash_0.wav,0.001443
C:\Users\miker\wake_word_project\data\negative\stop\f816db77_nohash_0.wav,0.000635
C:\Users\miker\wake_word_project\data\negative\happy\b2ae3928_nohash_0.wav,0.010378
C:\Users\miker\wake_word_project\data\negative\nine\e6be0830_nohash_0.wav,0.000078
C:\Users\miker\wake_word_project\data\negative\no\d933bf5e_nohash_0.wav,0.001078
C:\Users\miker\wake_word_project\data\negative\forward\878befa7_nohash_0.wav,0.003056
C:\Users\miker\wake_word_project\data\negative\up\5c39594f_nohash_2.wav,0.000122
C:\Users\miker\wake_word_project\data\negative\two\2f0ce4d9_nohash_1.wav,0.000819
C:\Users\miker\wake_word_project\data\negative\marvin\a16b3102_nohash_0.wav,0.000886
C:\Users\miker\wake_word_project\data\negative\zero\625fd898_nohash_1.wav,0.009630
C:\Users\miker\wake_word_project\data\negative\marvin\44bc77f7_nohash_0.wav,0.007116
C:\Users\miker\wake_word_project\data\negative\on\f568162b_nohash_0.wav,0.000687
C:\Users\miker\wake_word_project\data\negative\right\1fe4c891_nohash_0.wav,0.006962
C:\Users\miker\wake_word_project\data\negative\bird\262d7a03_nohash_0.wav,0.000956
C:\Users\miker\wake_word_project\data\negative\dog\64220627_nohash_0.wav,0.000216
C:\Users\miker\wake_word_project\data\negative\one\b9515bf3_nohash_1.wav,0.000179
C:\Users\miker\wake_word_project\data\negative\eight\42beb5eb_nohash_2.wav,0.001129
C:\Users\miker\wake_word_project\data\negative\nine\8134f43f_nohash_1.wav,0.003185
C:\Users\miker\wake_word_project\data\negative\one\d069e6ff_nohash_1.wav,0.000206
C:\Users\miker\wake_word_project\data\negative\one\39a12648_nohash_2.wav,0.018267
C:\Users\miker\wake_word_project\data\negative\follow\79b37d3a_nohash_0.wav,0.021504
C:\Users\miker\wake_word_project\data\negative\learn\3a3ee7ed_nohash_0.wav,0.004008
C:\Users\miker\wake_word_project\data\negative\yes\b9515bf3_nohash_4.wav,0.000069
C:\Users\miker\wake_word_project\data\negative\nine\65ec06e5_nohash_1.wav,0.000789
C:\Users\miker\wake_word_project\data\negative\stop\8d9cc260_nohash_0.wav,0.000256
C:\Users\miker\wake_word_project\data\negative\six\8eb4a1bf_nohash_1.wav,0.018825
C:\Users\miker\wake_word_project\data\negative\eight\c351e611_nohash_1.wav,0.001216
C:\Users\miker\wake_word_project\data\negative\right\d1dd03ed_nohash_2.wav,0.001483
C:\Users\miker\wake_word_project\data\negative\down\ec74a8a5_nohash_1.wav,0.001775
C:\Users\miker\wake_word_project\data\negative\off\5170b77f_nohash_1.wav,0.022445
C:\Users\miker\wake_word_project\data\negative\up\e102119e_nohash_0.wav,0.000300
C:\Users\miker\wake_word_project\data\negative\eight\0f2442b6_nohash_1.wav,0.003717
C:\Users\miker\wake_word_project\data\negative\marvin\57b68383_nohash_1.wav,0.001196
C:\Users\miker\wake_word_project\data\negative\sheila\ce9410da_nohash_1.wav,0.005713
C:\Users\miker\wake_word_project\data\negative\tree\3a33d3a4_nohash_1.wav,0.003333
C:\Users\miker\wake_word_project\data\negative\dog\bdb26021_nohash_0.wav,0.000296
C:\Users\miker\wake_word_project\data\negative\zero\8353fea1_nohash_0.wav,0.000449
C:\Users\miker\wake_word_project\data\negative\seven\ab3f0c1b_nohash_2.wav,0.000211
C:\Users\miker\wake_word_project\data\negative\one\36de13e1_nohash_0.wav,0.001258
C:\Users\miker\wake_word_project\data\negative\off\264f471d_nohash_1.wav,0.001051
C:\Users\miker\wake_word_project\data\negative\stop\151bfb79_nohash_0.wav,0.000646
C:\Users\miker\wake_word_project\data\negative\off\97f4c236_nohash_2.wav,0.008991
C:\Users\miker\wake_word_project\data\negative\three\1c3f50ad_nohash_0.wav,0.000686
C:\Users\miker\wake_word_project\data\negative\go\e0344f60_nohash_0.wav,0.004834
C:\Users\miker\wake_word_project\data\negative\sheila\4a803e67_nohash_0.wav,0.002691
C:\Users\miker\wake_word_project\data\negative\five\cb72dfb6_nohash_0.wav,0.001118
C:\Users\miker\wake_word_project\data\negative\one\f0ebef1b_nohash_0.wav,0.000345
C:\Users\miker\wake_word_project\data\negative\no\97f4c236_nohash_3.wav,0.009353
C:\Users\miker\wake_word_project\data\negative\dog\6f1ffef6_nohash_1.wav,0.000394
C:\Users\miker\wake_word_project\data\negative\nine\2356b88d_nohash_0.wav,0.025919
C:\Users\miker\wake_word_project\data\negative\four\af790082_nohash_0.wav,0.005260
C:\Users\miker\wake_word_project\data\negative\up\2aca1e72_nohash_0.wav,0.001607
C:\Users\miker\wake_word_project\data\negative\stop\18ffa72d_nohash_0.wav,0.005867
C:\Users\miker\wake_word_project\data\negative\on\3565ca83_nohash_1.wav,0.009078
C:\Users\miker\wake_word_project\data\negative\zero\3aa6f4e2_nohash_1.wav,0.005943
C:\Users\miker\wake_word_project\data\negative\on\5be23def_nohash_0.wav,0.000525
C:\Users\miker\wake_word_project\data\negative\six\499be02e_nohash_2.wav,0.010505
C:\Users\miker\wake_word_project\data\negative\zero\56eb74ae_nohash_0.wav,0.016911
C:\Users\miker\wake_word_project\data\negative\nine\2e75d37a_nohash_0.wav,0.000463
C:\Users\miker\wake_word_project\data\negative\sheila\11321027_nohash_0.wav,0.044528
C:\Users\miker\wake_word_project\data\negative\up\2b5e346d_nohash_0.wav,0.006163
C:\Users\miker\wake_word_project\data\negative\go\a591c2ea_nohash_0.wav,0.000386
C:\Users\miker\wake_word_project\data\negative\follow\ac9dee0e_nohash_2.wav,0.000329
C:\Users\miker\wake_word_project\data\negative\two\1970b130_nohash_1.wav,0.001759
C:\Users\miker\wake_word_project\data\negative\two\569455ff_nohash_0.wav,0.000409
C:\Users\miker\wake_word_project\data\negative\down\173ae793_nohash_0.wav,0.002232
C:\Users\miker\wake_word_project\data\negative\wow\93f30cc4_nohash_0.wav,0.001429
C:\Users\miker\wake_word_project\data\negative\up\cb2929ce_nohash_0.wav,0.000521
C:\Users\miker\wake_word_project\data\negative\six\8a325749_nohash_0.wav,0.000277
C:\Users\miker\wake_word_project\data\negative\eight\5165cf0a_nohash_1.wav,0.000853
C:\Users\miker\wake_word_project\data\negative\stop\229978fd_nohash_1.wav,0.005578
C:\Users\miker\wake_word_project\data\negative\stop\40738a2d_nohash_2.wav,0.001258
C:\Users\miker\wake_word_project\data\negative\one\471a0925_nohash_3.wav,0.001997
C:\Users\miker\wake_word_project\data\negative\marvin\51055bda_nohash_0.wav,0.001387
C:\Users\miker\wake_word_project\data\negative\sheila\bbbf4fbd_nohash_0.wav,0.000217
C:\Users\miker\wake_word_project\data\negative\down\c1d39ce8_nohash_1.wav,0.000644
C:\Users\miker\wake_word_project\data\negative\on\b44007bc_nohash_0.wav,0.000038
C:\Users\miker\wake_word_project\data\negative\follow\eeaf97c3_nohash_1.wav,0.000782
C:\Users\miker\wake_word_project\data\negative\left\964e8cfd_nohash_1.wav,0.006945
C:\Users\miker\wake_word_project\data\negative\off\51c5601d_nohash_4.wav,0.007784
C:\Users\miker\wake_word_project\data\negative\dog\a9abc695_nohash_1.wav,0.006165
C:\Users\miker\wake_word_project\data\negative\stop\56eb74ae_nohash_1.wav,0.330043
C:\Users\miker\wake_word_project\data\negative\eight\1efdf53f_nohash_1.wav,0.000342
C:\Users\miker\wake_word_project\data\negative\two\dcc012ec_nohash_1.wav,0.002966
C:\Users\miker\wake_word_project\data\negative\yes\d107dc42_nohash_0.wav,0.002617
C:\Users\miker\wake_word_project\data\negative\no\69a1a79f_nohash_4.wav,0.000577
C:\Users\miker\wake_word_project\data\negative\marvin\6fca237d_nohash_0.wav,0.009272
C:\Users\miker\wake_word_project\data\negative\right\5f8097e1_nohash_1.wav,0.001022
C:\Users\miker\wake_word_project\data\negative\three\f4386675_nohash_0.wav,0.002728
C:\Users\miker\wake_word_project\data\negative\two\030ec18b_nohash_2.wav,0.000597
C:\Users\miker\wake_word_project\data\negative\dog\211ccd2e_nohash_0.wav,0.000163
C:\Users\miker\wake_word_project\data\negative\down\878befa7_nohash_1.wav,0.025157
C:\Users\miker\wake_word_project\data\negative\four\ffd2ba2f_nohash_1.wav,0.000668
C:\Users\miker\wake_word_project\data\negative\five\274c008f_nohash_3.wav,0.000524
C:\Users\miker\wake_word_project\data\negative\yes\4954abe8_nohash_0.wav,0.000632
C:\Users\miker\wake_word_project\data\negative\three\aa80f517_nohash_0.wav,0.000437
C:\Users\miker\wake_word_project\data\negative\backward\050170cb_nohash_1.wav,0.026035
C:\Users\miker\wake_word_project\data\negative\yes\5c8af87a_nohash_1.wav,0.001493
C:\Users\miker\wake_word_project\data\negative\five\674ca5ea_nohash_1.wav,0.000217
C:\Users\miker\wake_word_project\data\negative\two\0a2b400e_nohash_2.wav,0.000328
C:\Users\miker\wake_word_project\data\negative\on\f2e9b610_nohash_1.wav,0.002613
C:\Users\miker\wake_word_project\data\negative\seven\9e92ef0c_nohash_4.wav,0.002824
C:\Users\miker\wake_word_project\data\negative\learn\ff4ed4f3_nohash_0.wav,0.005369
C:\Users\miker\wake_word_project\data\negative\no\c79159aa_nohash_2.wav,0.004167
C:\Users\miker\wake_word_project\data\negative\stop\ee1d8d49_nohash_1.wav,0.004786
C:\Users\miker\wake_word_project\data\negative\on\c1d39ce8_nohash_0.wav,0.005884
C:\Users\miker\wake_word_project\data\negative\four\3a69f765_nohash_0.wav,0.029302
C:\Users\miker\wake_word_project\data\negative\four\964e8cfd_nohash_3.wav,0.004999
C:\Users\miker\wake_word_project\data\negative\two\bdd22e4d_nohash_1.wav,0.000376
C:\Users\miker\wake_word_project\data\negative\left\de41f895_nohash_1.wav,0.003735
C:\Users\miker\wake_word_project\data\negative\left\472b8045_nohash_0.wav,0.001202
C:\Users\miker\wake_word_project\data\negative\zero\964e8cfd_nohash_3.wav,0.002069
C:\Users\miker\wake_word_project\data\negative\two\af6fbbf5_nohash_3.wav,0.002807
C:\Users\miker\wake_word_project\data\negative\left\728be664_nohash_0.wav,0.073750
C:\Users\miker\wake_word_project\data\negative\on\563aa4e6_nohash_0.wav,0.000274
C:\Users\miker\wake_word_project\data\negative\up\ffd2ba2f_nohash_1.wav,0.000517
C:\Users\miker\wake_word_project\data\negative\nine\3d9bbe2d_nohash_3.wav,0.003579
C:\Users\miker\wake_word_project\data\negative\six\ce0cb033_nohash_3.wav,0.002393
C:\Users\miker\wake_word_project\data\negative\backward\a929f9b9_nohash_4.wav,0.005270
C:\Users\miker\wake_word_project\data\negative\stop\ca4912b6_nohash_3.wav,0.000521
C:\Users\miker\wake_word_project\data\negative\right\eb3d8eb1_nohash_0.wav,0.000319
C:\Users\miker\wake_word_project\data\negative\off\41777abb_nohash_0.wav,0.000188
C:\Users\miker\wake_word_project\data\negative\eight\c4e00ee9_nohash_2.wav,0.001323
C:\Users\miker\wake_word_project\data\negative\left\1a073312_nohash_0.wav,0.031914
C:\Users\miker\wake_word_project\data\negative\dog\31267b59_nohash_0.wav,0.001921
C:\Users\miker\wake_word_project\data\negative\no\18ffa72d_nohash_0.wav,0.006734
C:\Users\miker\wake_word_project\data\negative\sheila\5a3712c9_nohash_1.wav,0.003167
C:\Users\miker\wake_word_project\data\negative\cat\9fb766d0_nohash_0.wav,0.000830
C:\Users\miker\wake_word_project\data\negative\backward\131e738d_nohash_2.wav,0.003754
C:\Users\miker\wake_word_project\data\negative\up\81332c92_nohash_0.wav,0.001998
C:\Users\miker\wake_word_project\data\negative\six\0a7c2a8d_nohash_2.wav,0.006061
C:\Users\miker\wake_word_project\data\negative\nine\c1d39ce8_nohash_0.wav,0.005807
C:\Users\miker\wake_word_project\data\negative\eight\27c24504_nohash_1.wav,0.000583
C:\Users\miker\wake_word_project\data\negative\learn\39833acb_nohash_0.wav,0.005625
C:\Users\miker\wake_word_project\data\negative\bird\36050ef3_nohash_0.wav,0.000444
C:\Users\miker\wake_word_project\data\negative\go\9beccfc8_nohash_0.wav,0.001408
C:\Users\miker\wake_word_project\data\negative\on\3a3ee7ed_nohash_3.wav,0.004041
C:\Users\miker\wake_word_project\data\negative\up\73f20b00_nohash_0.wav,0.020593
C:\Users\miker\wake_word_project\data\negative\stop\113b3fbc_nohash_0.wav,0.002543
C:\Users\miker\wake_word_project\data\negative\no\ec989d6d_nohash_1.wav,0.001010
C:\Users\miker\wake_word_project\data\negative\three\3efef882_nohash_0.wav,0.000919
C:\Users\miker\wake_word_project\data\negative\left\ed032775_nohash_1.wav,0.001380
C:\Users\miker\wake_word_project\data\negative\up\ca4912b6_nohash_2.wav,0.001398
C:\Users\miker\wake_word_project\data\negative\no\8e523821_nohash_3.wav,0.000436
C:\Users\miker\wake_word_project\data\negative\off\54ad8f22_nohash_3.wav,0.026585
C:\Users\miker\wake_word_project\data\negative\no\84d1e469_nohash_2.wav,0.000500
C:\Users\miker\wake_word_project\data\negative\on\5a98d407_nohash_0.wav,0.000262
C:\Users\miker\wake_word_project\data\negative\sheila\1a73dcd1_nohash_0.wav,0.000323
C:\Users\miker\wake_word_project\data\negative\four\c6ee87a7_nohash_0.wav,0.002103
C:\Users\miker\wake_word_project\data\negative\two\18e910f4_nohash_0.wav,0.006750
C:\Users\miker\wake_word_project\data\negative\follow\b414c653_nohash_0.wav,0.000576
C:\Users\miker\wake_word_project\data\negative\one\b6091c84_nohash_1.wav,0.039046
C:\Users\miker\wake_word_project\data\negative\five\28e47b1a_nohash_4.wav,0.003249
C:\Users\miker\wake_word_project\data\negative\forward\f035e2ea_nohash_0.wav,0.008198
C:\Users\miker\wake_word_project\data\negative\sheila\c1d39ce8_nohash_1.wav,0.009392
C:\Users\miker\wake_word_project\data\negative\no\9fac5701_nohash_1.wav,0.004821
C:\Users\miker\wake_word_project\data\negative\nine\c9b653a0_nohash_1.wav,0.002142
C:\Users\miker\wake_word_project\data\negative\off\b97c9f77_nohash_1.wav,0.001931
C:\Users\miker\wake_word_project\data\negative\five\a929f9b9_nohash_0.wav,0.001051
C:\Users\miker\wake_word_project\data\negative\learn\c50f55b8_nohash_12.wav,0.001441
C:\Users\miker\wake_word_project\data\negative\two\5b09db89_nohash_3.wav,0.000496
C:\Users\miker\wake_word_project\data\negative\eight\b63fea9e_nohash_1.wav,0.002153
C:\Users\miker\wake_word_project\data\negative\eight\ff2b842e_nohash_1.wav,0.000548
C:\Users\miker\wake_word_project\data\negative\backward\ef77b778_nohash_0.wav,0.000522
C:\Users\miker\wake_word_project\data\negative\dog\c9b5ff26_nohash_0.wav,0.001536
C:\Users\miker\wake_word_project\data\negative\tree\265bd13a_nohash_0.wav,0.001839
C:\Users\miker\wake_word_project\data\negative\bed\34263ab3_nohash_0.wav,0.000408
C:\Users\miker\wake_word_project\data\negative\five\513aeddf_nohash_3.wav,0.000145
C:\Users\miker\wake_word_project\data\negative\visual\462dca36_nohash_0.wav,0.000405
C:\Users\miker\wake_word_project\data\negative\right\1942abd7_nohash_1.wav,0.000516
C:\Users\miker\wake_word_project\data\negative\on\64f83f0e_nohash_1.wav,0.008618
C:\Users\miker\wake_word_project\data\negative\five\0e6e36c9_nohash_0.wav,0.002690
C:\Users\miker\wake_word_project\data\negative\down\5087f68b_nohash_1.wav,0.003897
C:\Users\miker\wake_word_project\data\negative\five\1a5b9ca4_nohash_1.wav,0.000890
C:\Users\miker\wake_word_project\data\negative\three\db9d52d2_nohash_1.wav,0.000577
C:\Users\miker\wake_word_project\data\negative\zero\f0522ff4_nohash_4.wav,0.001814
C:\Users\miker\wake_word_project\data\negative\off\af6fbbf5_nohash_3.wav,0.003309
C:\Users\miker\wake_word_project\data\negative\one\0f7266cf_nohash_0.wav,0.000158
C:\Users\miker\wake_word_project\data\negative\zero\63ae15e4_nohash_0.wav,0.000230
C:\Users\miker\wake_word_project\data\negative\stop\8d5e1dc0_nohash_0.wav,0.002727
C:\Users\miker\wake_word_project\data\negative\on\06076b6b_nohash_1.wav,0.000946
C:\Users\miker\wake_word_project\data\negative\three\30276d03_nohash_2.wav,0.003783
C:\Users\miker\wake_word_project\data\negative\forward\3250c035_nohash_0.wav,0.004181
C:\Users\miker\wake_word_project\data\negative\on\ff0e27c3_nohash_0.wav,0.000729
C:\Users\miker\wake_word_project\data\negative\right\e0c782d5_nohash_2.wav,0.000561
C:\Users\miker\wake_word_project\data\negative\off\f68160c0_nohash_1.wav,0.000696
C:\Users\miker\wake_word_project\data\negative\on\d9e9f554_nohash_1.wav,0.017183
C:\Users\miker\wake_word_project\data\negative\no\a04817c2_nohash_3.wav,0.000965
C:\Users\miker\wake_word_project\data\negative\nine\a3255f5c_nohash_0.wav,0.005384
C:\Users\miker\wake_word_project\data\negative\go\4290ca61_nohash_2.wav,0.005270
C:\Users\miker\wake_word_project\data\negative\forward\bb05582b_nohash_3.wav,0.027349
C:\Users\miker\wake_word_project\data\negative\off\fb8c31a9_nohash_3.wav,0.005477
C:\Users\miker\wake_word_project\data\negative\stop\8e523821_nohash_0.wav,0.000369
C:\Users\miker\wake_word_project\data\negative\backward\9be15e93_nohash_2.wav,0.000468
C:\Users\miker\wake_word_project\data\negative\six\ab9b93e4_nohash_0.wav,0.023702
C:\Users\miker\wake_word_project\data\negative\right\8134f43f_nohash_3.wav,0.004706
C:\Users\miker\wake_word_project\data\negative\wow\11379f4d_nohash_0.wav,0.000356
C:\Users\miker\wake_word_project\data\negative\go\ab46af55_nohash_0.wav,0.000496
C:\Users\miker\wake_word_project\data\negative\up\cc554de3_nohash_4.wav,0.000577
C:\Users\miker\wake_word_project\data\negative\right\a243fcc2_nohash_0.wav,0.000557
C:\Users\miker\wake_word_project\data\negative\house\5fb88f4c_nohash_1.wav,0.000840
C:\Users\miker\wake_word_project\data\negative\off\7fd25f7c_nohash_2.wav,0.000287
C:\Users\miker\wake_word_project\data\negative\sheila\2b3f509b_nohash_0.wav,0.003126
C:\Users\miker\wake_word_project\data\negative\six\9e075bf1_nohash_0.wav,0.000296
C:\Users\miker\wake_word_project\data\negative\no\050170cb_nohash_1.wav,0.000548
C:\Users\miker\wake_word_project\data\negative\bird\5b1db3ee_nohash_0.wav,0.000199
C:\Users\miker\wake_word_project\data\negative\bird\a4e8a997_nohash_0.wav,0.000717
C:\Users\miker\wake_word_project\data\negative\six\51f7a034_nohash_1.wav,0.002556
C:\Users\miker\wake_word_project\data\negative\one\f822b9bf_nohash_4.wav,0.001413
C:\Users\miker\wake_word_project\data\negative\up\8e05039f_nohash_3.wav,0.013875
C:\Users\miker\wake_word_project\data\negative\no\14c7b073_nohash_1.wav,0.002712
C:\Users\miker\wake_word_project\data\negative\eight\460209ac_nohash_3.wav,0.000278
C:\Users\miker\wake_word_project\data\negative\six\bde0f20a_nohash_1.wav,0.003480
C:\Users\miker\wake_word_project\data\negative\one\ea7ca285_nohash_0.wav,0.001718
C:\Users\miker\wake_word_project\data\negative\up\0cb74144_nohash_0.wav,0.000400
C:\Users\miker\wake_word_project\data\negative\five\3e31dffe_nohash_4.wav,0.005279
C:\Users\miker\wake_word_project\data\negative\wow\050170cb_nohash_0.wav,0.000096
C:\Users\miker\wake_word_project\data\negative\wow\173ae793_nohash_0.wav,0.001815
C:\Users\miker\wake_word_project\data\negative\seven\72242187_nohash_0.wav,0.005588
C:\Users\miker\wake_word_project\data\negative\yes\256c0a05_nohash_4.wav,0.000168
C:\Users\miker\wake_word_project\data\negative\zero\11860c84_nohash_0.wav,0.001873
C:\Users\miker\wake_word_project\data\negative\house\feb1d305_nohash_0.wav,0.010296
C:\Users\miker\wake_word_project\data\negative\one\5db0e146_nohash_0.wav,0.000259
C:\Users\miker\wake_word_project\data\negative\seven\234d6a48_nohash_0.wav,0.001579
C:\Users\miker\wake_word_project\data\negative\down\196e84b7_nohash_0.wav,0.003604
C:\Users\miker\wake_word_project\data\negative\seven\5a5721f8_nohash_2.wav,0.001049
C:\Users\miker\wake_word_project\data\negative\down\71bf8f48_nohash_0.wav,0.001419
C:\Users\miker\wake_word_project\data\negative\go\ef77b778_nohash_1.wav,0.001053
C:\Users\miker\wake_word_project\data\negative\three\763188c4_nohash_2.wav,0.016049
C:\Users\miker\wake_word_project\data\negative\wow\b3bb4dd6_nohash_1.wav,0.004001
C:\Users\miker\wake_word_project\data\negative\two\229978fd_nohash_3.wav,0.001964
C:\Users\miker\wake_word_project\data\negative\two\4e6902d0_nohash_1.wav,0.000208
C:\Users\miker\wake_word_project\data\negative\down\18e910f4_nohash_1.wav,0.000320
C:\Users\miker\wake_word_project\data\negative\two\ceef6d96_nohash_3.wav,0.000737
C:\Users\miker\wake_word_project\data\negative\three\94d370bf_nohash_4.wav,0.012856
C:\Users\miker\wake_word_project\data\negative\seven\db24628d_nohash_0.wav,0.001378
C:\Users\miker\wake_word_project\data\negative\zero\b414c653_nohash_0.wav,0.001530
C:\Users\miker\wake_word_project\data\negative\six\b8874962_nohash_2.wav,0.027177
C:\Users\miker\wake_word_project\data\negative\left\bbd0bbd0_nohash_3.wav,0.002877
C:\Users\miker\wake_word_project\data\negative\cat\9a76f8c3_nohash_0.wav,0.000639
C:\Users\miker\wake_word_project\data\negative\nine\39ec87ac_nohash_0.wav,0.004050
C:\Users\miker\wake_word_project\data\negative\seven\bbbf4fbd_nohash_0.wav,0.000959
C:\Users\miker\wake_word_project\data\negative\zero\0f46028a_nohash_2.wav,0.001422
C:\Users\miker\wake_word_project\data\negative\backward\da93deb7_nohash_0.wav,0.000651
C:\Users\miker\wake_word_project\data\negative\one\8134f43f_nohash_3.wav,0.007847
C:\Users\miker\wake_word_project\data\negative\on\fb7c9b3b_nohash_1.wav,0.000624
C:\Users\miker\wake_word_project\data\negative\right\fbdc07bb_nohash_0.wav,0.002176
C:\Users\miker\wake_word_project\data\negative\one\8442ea62_nohash_0.wav,0.000828
C:\Users\miker\wake_word_project\data\negative\six\881583a6_nohash_0.wav,0.000489
C:\Users\miker\wake_word_project\data\negative\wow\3c8dc702_nohash_0.wav,0.000628
C:\Users\miker\wake_word_project\data\negative\marvin\b46e8153_nohash_0.wav,0.000731
C:\Users\miker\wake_word_project\data\negative\off\da2c5f1b_nohash_0.wav,0.000277
C:\Users\miker\wake_word_project\data\negative\nine\8dc26a15_nohash_1.wav,0.043057
C:\Users\miker\wake_word_project\data\negative\zero\b487da60_nohash_1.wav,0.005788
C:\Users\miker\wake_word_project\data\negative\left\1dc86f91_nohash_1.wav,0.000915
C:\Users\miker\wake_word_project\data\negative\learn\d070ea86_nohash_2.wav,0.001173
C:\Users\miker\wake_word_project\data\negative\follow\2f0ce4d9_nohash_1.wav,0.002783
C:\Users\miker\wake_word_project\data\negative\bird\773e26f7_nohash_0.wav,0.000700
C:\Users\miker\wake_word_project\data\negative\up\32ad5b65_nohash_0.wav,0.000530
C:\Users\miker\wake_word_project\data\negative\stop\5165cf0a_nohash_0.wav,0.000526
C:\Users\miker\wake_word_project\data\negative\yes\1c1060b1_nohash_0.wav,0.000365
C:\Users\miker\wake_word_project\data\negative\left\6e41a77e_nohash_0.wav,0.000726
C:\Users\miker\wake_word_project\data\negative\visual\c4e00ee9_nohash_1.wav,0.001481
C:\Users\miker\wake_word_project\data\negative\zero\3e3b65eb_nohash_0.wav,0.004150
C:\Users\miker\wake_word_project\data\negative\six\2a1f4853_nohash_0.wav,0.000200
C:\Users\miker\wake_word_project\data\negative\happy\d952a17e_nohash_0.wav,0.000184
C:\Users\miker\wake_word_project\data\negative\dog\20174140_nohash_0.wav,0.000711
C:\Users\miker\wake_word_project\data\negative\three\686d030b_nohash_1.wav,0.000433
C:\Users\miker\wake_word_project\data\negative\one\a97017df_nohash_0.wav,0.002657
C:\Users\miker\wake_word_project\data\negative\six\ad63d93c_nohash_1.wav,0.005413
C:\Users\miker\wake_word_project\data\negative\follow\4e6902d0_nohash_3.wav,0.000171
C:\Users\miker\wake_word_project\data\negative\six\7fb8d703_nohash_2.wav,0.047914
C:\Users\miker\wake_word_project\data\negative\cat\86648261_nohash_0.wav,0.001903
C:\Users\miker\wake_word_project\data\negative\tree\c0e0f834_nohash_2.wav,0.000293
C:\Users\miker\wake_word_project\data\negative\left\0227998e_nohash_0.wav,0.003148
C:\Users\miker\wake_word_project\data\negative\wow\7318280c_nohash_1.wav,0.000774
C:\Users\miker\wake_word_project\data\negative\bed\f34e6f44_nohash_0.wav,0.000522
C:\Users\miker\wake_word_project\data\negative\learn\a2cc5444_nohash_1.wav,0.001949
C:\Users\miker\wake_word_project\data\negative\right\067f61e2_nohash_2.wav,0.004281
C:\Users\miker\wake_word_project\data\negative\down\3a929277_nohash_3.wav,0.000354
C:\Users\miker\wake_word_project\data\negative\eight\beb458a4_nohash_0.wav,0.011107
C:\Users\miker\wake_word_project\data\negative\right\c137814b_nohash_0.wav,0.001538
C:\Users\miker\wake_word_project\data\negative\down\0d82fd99_nohash_3.wav,0.000106
C:\Users\miker\wake_word_project\data\negative\zero\36050ef3_nohash_0.wav,0.005492
C:\Users\miker\wake_word_project\data\negative\house\e3b64217_nohash_0.wav,0.001527
C:\Users\miker\wake_word_project\data\negative\happy\50d1c8e3_nohash_0.wav,0.020194
C:\Users\miker\wake_word_project\data\negative\eight\f06190c1_nohash_0.wav,0.000139
C:\Users\miker\wake_word_project\data\negative\stop\efab2cbd_nohash_1.wav,0.004761
C:\Users\miker\wake_word_project\data\negative\learn\1ed0b13d_nohash_2.wav,0.002146
C:\Users\miker\wake_word_project\data\negative\house\b83c1acf_nohash_0.wav,0.013124
C:\Users\miker\wake_word_project\data\negative\happy\a16b3102_nohash_1.wav,0.001956
C:\Users\miker\wake_word_project\data\negative\bed\1a073312_nohash_1.wav,0.001640
C:\Users\miker\wake_word_project\data\negative\stop\884ae8e1_nohash_1.wav,0.001440
C:\Users\miker\wake_word_project\data\negative\follow\ca4d5368_nohash_3.wav,0.000984
C:\Users\miker\wake_word_project\data\negative\stop\1ecfb537_nohash_1.wav,0.005055
C:\Users\miker\wake_word_project\data\negative\wow\8cb707fc_nohash_0.wav,0.000620
C:\Users\miker\wake_word_project\data\negative\five\8e523821_nohash_2.wav,0.000686
C:\Users\miker\wake_word_project\data\negative\tree\f59d0771_nohash_1.wav,0.000660
C:\Users\miker\wake_word_project\data\negative\on\bdd22e4d_nohash_3.wav,0.000775
C:\Users\miker\wake_word_project\data\negative\no\1c50d874_nohash_0.wav,0.055517
C:\Users\miker\wake_word_project\data\negative\zero\ffb86d3c_nohash_0.wav,0.016004
C:\Users\miker\wake_word_project\data\negative\follow\db24628d_nohash_3.wav,0.000101
C:\Users\miker\wake_word_project\data\negative\happy\e805a617_nohash_0.wav,0.002813
C:\Users\miker\wake_word_project\data\negative\zero\2b5e346d_nohash_3.wav,0.006215
C:\Users\miker\wake_word_project\data\negative\up\6565a81d_nohash_0.wav,0.001640
C:\Users\miker\wake_word_project\data\negative\go\a5d1becc_nohash_4.wav,0.000806
C:\Users\miker\wake_word_project\data\negative\right\0717b9f6_nohash_3.wav,0.001051
C:\Users\miker\wake_word_project\data\negative\forward\4c594e0f_nohash_0.wav,0.002314
C:\Users\miker\wake_word_project\data\negative\zero\bb6d4301_nohash_1.wav,0.001275
C:\Users\miker\wake_word_project\data\negative\seven\7e1054e7_nohash_1.wav,0.003512
C:\Users\miker\wake_word_project\data\negative\bird\559bc36a_nohash_0.wav,0.000248
C:\Users\miker\wake_word_project\data\negative\nine\33246bc2_nohash_0.wav,0.001221
C:\Users\miker\wake_word_project\data\negative\down\4c77947d_nohash_1.wav,0.000731
C:\Users\miker\wake_word_project\data\negative\five\5a9f7324_nohash_1.wav,0.003338
C:\Users\miker\wake_word_project\data\negative\stop\3bdf05d3_nohash_0.wav,0.000228
C:\Users\miker\wake_word_project\data\negative\five\a77fbcfd_nohash_3.wav,0.010963
C:\Users\miker\wake_word_project\data\negative\right\6add0595_nohash_0.wav,0.000672
C:\Users\miker\wake_word_project\data\negative\yes\363c6bad_nohash_3.wav,0.002785
C:\Users\miker\wake_word_project\data\negative\off\92e17cc4_nohash_0.wav,0.005007
C:\Users\miker\wake_word_project\data\negative\no\91ffb786_nohash_2.wav,0.005802
C:\Users\miker\wake_word_project\data\negative\go\b49caed3_nohash_3.wav,0.007810
C:\Users\miker\wake_word_project\data\negative\two\079d1020_nohash_1.wav,0.004899
C:\Users\miker\wake_word_project\data\negative\on\85851131_nohash_3.wav,0.003328
C:\Users\miker\wake_word_project\data\negative\visual\b0f5b16d_nohash_0.wav,0.002059
C:\Users\miker\wake_word_project\data\negative\three\b5cf6ea8_nohash_4.wav,0.001505
C:\Users\miker\wake_word_project\data\negative\follow\2927c601_nohash_1.wav,0.003261
C:\Users\miker\wake_word_project\data\negative\four\c351e611_nohash_4.wav,0.002522
C:\Users\miker\wake_word_project\data\negative\six\aa80f517_nohash_1.wav,0.007041
C:\Users\miker\wake_word_project\data\negative\wow\44bc77f7_nohash_2.wav,0.000057
C:\Users\miker\wake_word_project\data\negative\nine\472b8045_nohash_0.wav,0.000042
C:\Users\miker\wake_word_project\data\negative\cat\b1df80c0_nohash_1.wav,0.001011
C:\Users\miker\wake_word_project\data\negative\house\11321027_nohash_0.wav,0.003541
C:\Users\miker\wake_word_project\data\negative\yes\4d4e17f5_nohash_0.wav,0.004071
C:\Users\miker\wake_word_project\data\negative\eight\616420be_nohash_4.wav,0.002991
C:\Users\miker\wake_word_project\data\negative\cat\9637f43f_nohash_3.wav,0.001115
C:\Users\miker\wake_word_project\data\negative\follow\30060aba_nohash_1.wav,0.000751
C:\Users\miker\wake_word_project\data\negative\one\52162b51_nohash_0.wav,0.002470
C:\Users\miker\wake_word_project\data\negative\off\15dd287d_nohash_4.wav,0.001030
C:\Users\miker\wake_word_project\data\negative\one\bfd26d6b_nohash_0.wav,0.000406
C:\Users\miker\wake_word_project\data\negative\left\57152045_nohash_4.wav,0.009842
C:\Users\miker\wake_word_project\data\negative\one\c0445658_nohash_0.wav,0.000058
C:\Users\miker\wake_word_project\data\negative\wow\ffea4a57_nohash_0.wav,0.002671
C:\Users\miker\wake_word_project\data\negative\yes\333784b7_nohash_0.wav,0.001718
C:\Users\miker\wake_word_project\data\negative\seven\a929f9b9_nohash_0.wav,0.018567
C:\Users\miker\wake_word_project\data\negative\go\8dc18a75_nohash_0.wav,0.000740
C:\Users\miker\wake_word_project\data\negative\no\721f767c_nohash_0.wav,0.000365
C:\Users\miker\wake_word_project\data\negative\two\cc4f9250_nohash_1.wav,0.004295
C:\Users\miker\wake_word_project\data\negative\up\9587481f_nohash_3.wav,0.000101
C:\Users\miker\wake_word_project\data\negative\no\c7dc7278_nohash_3.wav,0.000153
C:\Users\miker\wake_word_project\data\negative\happy\fac74f6a_nohash_1.wav,0.000531
C:\Users\miker\wake_word_project\data\negative\seven\983577be_nohash_0.wav,0.004584
C:\Users\miker\wake_word_project\data\negative\on\563aa4e6_nohash_1.wav,0.000222
C:\Users\miker\wake_word_project\data\negative\backward\f2898d06_nohash_3.wav,0.000900
C:\Users\miker\wake_word_project\data\negative\learn\ca4d5368_nohash_1.wav,0.000428
C:\Users\miker\wake_word_project\data\negative\zero\ad1429cf_nohash_0.wav,0.002219
C:\Users\miker\wake_word_project\data\negative\no\87d5e978_nohash_2.wav,0.000624
C:\Users\miker\wake_word_project\data\negative\two\a7200079_nohash_3.wav,0.000087
C:\Users\miker\wake_word_project\data\negative\left\d5b963aa_nohash_0.wav,0.003688
C:\Users\miker\wake_word_project\data\negative\seven\97101ef3_nohash_1.wav,0.015512
C:\Users\miker\wake_word_project\data\negative\two\c6ee87a7_nohash_2.wav,0.017553
C:\Users\miker\wake_word_project\data\negative\down\bf8d5617_nohash_1.wav,0.000594
C:\Users\miker\wake_word_project\data\negative\seven\9f4098cb_nohash_1.wav,0.001760
C:\Users\miker\wake_word_project\data\negative\three\b4ea0d9a_nohash_5.wav,0.001101
C:\Users\miker\wake_word_project\data\negative\nine\97101ef3_nohash_2.wav,0.003265
C:\Users\miker\wake_word_project\data\negative\on\3a7d8872_nohash_1.wav,0.000521
C:\Users\miker\wake_word_project\data\negative\stop\c1e0e8e3_nohash_2.wav,0.002031
C:\Users\miker\wake_word_project\data\negative\tree\6a203e0e_nohash_3.wav,0.000546
C:\Users\miker\wake_word_project\data\negative\house\9190045a_nohash_1.wav,0.003043
C:\Users\miker\wake_word_project\data\negative\marvin\e82914c0_nohash_0.wav,0.023848
C:\Users\miker\wake_word_project\data\negative\house\708a9569_nohash_0.wav,0.003611
C:\Users\miker\wake_word_project\data\negative\house\3a789a0d_nohash_0.wav,0.001660
C:\Users\miker\wake_word_project\data\negative\zero\ceef6d96_nohash_2.wav,0.001400
C:\Users\miker\wake_word_project\data\negative\down\c5570933_nohash_0.wav,0.005954
C:\Users\miker\wake_word_project\data\negative\happy\85ac0c1b_nohash_0.wav,0.003353
C:\Users\miker\wake_word_project\data\negative\tree\97addd88_nohash_0.wav,0.001377
C:\Users\miker\wake_word_project\data\negative\no\cdee383b_nohash_0.wav,0.001077
C:\Users\miker\wake_word_project\data\negative\one\38c388bc_nohash_0.wav,0.000579
C:\Users\miker\wake_word_project\data\negative\yes\e0a7c5a0_nohash_0.wav,0.001269
C:\Users\miker\wake_word_project\data\negative\two\8910e5ef_nohash_1.wav,0.003313
C:\Users\miker\wake_word_project\data\negative\yes\1a673010_nohash_2.wav,0.000871
C:\Users\miker\wake_word_project\data\negative\go\ce0cb033_nohash_1.wav,0.000792
C:\Users\miker\wake_word_project\data\negative\wow\44260689_nohash_0.wav,0.011920
C:\Users\miker\wake_word_project\data\negative\two\6904f0cb_nohash_2.wav,0.008464
C:\Users\miker\wake_word_project\data\negative\stop\023a61ad_nohash_0.wav,0.002806
C:\Users\miker\wake_word_project\data\negative\four\333d7ddb_nohash_3.wav,0.000189
C:\Users\miker\wake_word_project\data\negative\seven\3b3d2f59_nohash_2.wav,0.003803
C:\Users\miker\wake_word_project\data\negative\nine\093f65a1_nohash_0.wav,0.000522
C:\Users\miker\wake_word_project\data\negative\two\9ff2d2f4_nohash_1.wav,0.000142
C:\Users\miker\wake_word_project\data\negative\forward\339f2c5c_nohash_0.wav,0.000778
C:\Users\miker\wake_word_project\data\negative\left\c22d3f18_nohash_2.wav,0.041308
C:\Users\miker\wake_word_project\data\negative\sheila\4407ba92_nohash_2.wav,0.005780
C:\Users\miker\wake_word_project\data\negative\backward\d394ef8e_nohash_4.wav,0.004638
C:\Users\miker\wake_word_project\data\negative\two\72242187_nohash_1.wav,0.001320
C:\Users\miker\wake_word_project\data\negative\dog\8d5d076d_nohash_0.wav,0.015267
C:\Users\miker\wake_word_project\data\negative\down\c1d39ce8_nohash_7.wav,0.001390
C:\Users\miker\wake_word_project\data\negative\seven\6904f0cb_nohash_1.wav,0.005839
C:\Users\miker\wake_word_project\data\negative\down\f3957e23_nohash_1.wav,0.000485
C:\Users\miker\wake_word_project\data\negative\two\dcc012ec_nohash_0.wav,0.000636
C:\Users\miker\wake_word_project\data\negative\on\b83c1acf_nohash_5.wav,0.004440
C:\Users\miker\wake_word_project\data\negative\nine\81a345a3_nohash_2.wav,0.005946
C:\Users\miker\wake_word_project\data\negative\go\10467b06_nohash_0.wav,0.001165
C:\Users\miker\wake_word_project\data\negative\visual\a16013b7_nohash_4.wav,0.001318
C:\Users\miker\wake_word_project\data\negative\learn\4fd1443e_nohash_1.wav,0.003956
C:\Users\miker\wake_word_project\data\negative\happy\4e6902d0_nohash_0.wav,0.000599
C:\Users\miker\wake_word_project\data\negative\four\235b444f_nohash_1.wav,0.000447
C:\Users\miker\wake_word_project\data\negative\bird\638548d5_nohash_0.wav,0.005951
C:\Users\miker\wake_word_project\data\negative\bed\bbb2eb5b_nohash_0.wav,0.003043
C:\Users\miker\wake_word_project\data\negative\three\10627519_nohash_0.wav,0.013548
C:\Users\miker\wake_word_project\data\negative\down\953fe1ad_nohash_3.wav,0.001388
C:\Users\miker\wake_word_project\data\negative\stop\321aba74_nohash_1.wav,0.002083
C:\Users\miker\wake_word_project\data\negative\tree\c5e3817f_nohash_1.wav,0.001365
C:\Users\miker\wake_word_project\data\negative\four\f798ac78_nohash_1.wav,0.000438
C:\Users\miker\wake_word_project\data\negative\stop\61482e52_nohash_2.wav,0.002317
C:\Users\miker\wake_word_project\data\negative\eight\964e8cfd_nohash_2.wav,0.002796
C:\Users\miker\wake_word_project\data\negative\eight\8523766b_nohash_0.wav,0.004456
C:\Users\miker\wake_word_project\data\negative\stop\8f4c551f_nohash_1.wav,0.003541
C:\Users\miker\wake_word_project\data\negative\eight\d98dd124_nohash_3.wav,0.000620
C:\Users\miker\wake_word_project\data\negative\no\52162b51_nohash_2.wav,0.001161
C:\Users\miker\wake_word_project\data\negative\tree\c1d39ce8_nohash_0.wav,0.004180
C:\Users\miker\wake_word_project\data\negative\tree\1efdf53f_nohash_0.wav,0.004268
C:\Users\miker\wake_word_project\data\negative\six\3d794813_nohash_0.wav,0.005522
C:\Users\miker\wake_word_project\data\negative\zero\d933bf5e_nohash_2.wav,0.023303
C:\Users\miker\wake_word_project\data\negative\forward\a6f2fd71_nohash_1.wav,0.004102
C:\Users\miker\wake_word_project\data\negative\eight\31db232b_nohash_2.wav,0.006779
C:\Users\miker\wake_word_project\data\negative\up\39833acb_nohash_1.wav,0.027812
C:\Users\miker\wake_word_project\data\negative\forward\9b02d503_nohash_2.wav,0.001537
C:\Users\miker\wake_word_project\data\negative\happy\64e48f55_nohash_0.wav,0.001830
C:\Users\miker\wake_word_project\data\negative\left\1cec8d71_nohash_0.wav,0.000578
C:\Users\miker\wake_word_project\data\negative\one\6c9223bd_nohash_2.wav,0.000917
C:\Users\miker\wake_word_project\data\negative\two\067f61e2_nohash_2.wav,0.003464
C:\Users\miker\wake_word_project\data\negative\down\014f9f65_nohash_0.wav,0.001391
C:\Users\miker\wake_word_project\data\negative\three\be7fa0a3_nohash_0.wav,0.009572
C:\Users\miker\wake_word_project\data\negative\on\f632210f_nohash_0.wav,0.000791
C:\Users\miker\wake_word_project\data\negative\house\ca4912b6_nohash_0.wav,0.000955
C:\Users\miker\wake_word_project\data\negative\yes\c2dccf38_nohash_4.wav,0.003716
C:\Users\miker\wake_word_project\data\negative\on\13199b79_nohash_3.wav,0.002359
C:\Users\miker\wake_word_project\data\negative\up\1b4c9b89_nohash_2.wav,0.003071
C:\Users\miker\wake_word_project\data\negative\yes\c727b558_nohash_0.wav,0.001384
C:\Users\miker\wake_word_project\data\negative\yes\c98bbbd3_nohash_2.wav,0.006152
C:\Users\miker\wake_word_project\data\negative\marvin\30276d03_nohash_0.wav,0.034057
C:\Users\miker\wake_word_project\data\negative\happy\a8cb6dda_nohash_0.wav,0.001209
C:\Users\miker\wake_word_project\data\negative\zero\1f3bece8_nohash_3.wav,0.000937
C:\Users\miker\wake_word_project\data\negative\dog\e95c70e2_nohash_0.wav,0.000683
C:\Users\miker\wake_word_project\data\negative\house\d9b50b8b_nohash_0.wav,0.001979
C:\Users\miker\wake_word_project\data\negative\zero\0137b3f4_nohash_4.wav,0.001326
C:\Users\miker\wake_word_project\data\negative\dog\3102f006_nohash_0.wav,0.005304
C:\Users\miker\wake_word_project\data\negative\no\8e523821_nohash_4.wav,0.001234
C:\Users\miker\wake_word_project\data\negative\no\be7a5b2d_nohash_3.wav,0.005895
C:\Users\miker\wake_word_project\data\negative\marvin\c39703ec_nohash_0.wav,0.002116
C:\Users\miker\wake_word_project\data\negative\dog\0d6d7360_nohash_0.wav,0.000160
C:\Users\miker\wake_word_project\data\negative\happy\b49caed3_nohash_0.wav,0.007503
C:\Users\miker\wake_word_project\data\negative\house\17c94b23_nohash_0.wav,0.001410
C:\Users\miker\wake_word_project\data\negative\forward\0f46028a_nohash_1.wav,0.001036
C:\Users\miker\wake_word_project\data\negative\on\88e730cd_nohash_1.wav,0.003532
C:\Users\miker\wake_word_project\data\negative\dog\a591c2ea_nohash_3.wav,0.000994
C:\Users\miker\wake_word_project\data\negative\right\42a99aec_nohash_0.wav,0.002673
C:\Users\miker\wake_word_project\data\negative\stop\c08e5058_nohash_0.wav,0.000397
C:\Users\miker\wake_word_project\data\negative\no\dd6c6806_nohash_0.wav,0.006031
C:\Users\miker\wake_word_project\data\negative\forward\1b42b551_nohash_1.wav,0.002172
C:\Users\miker\wake_word_project\data\negative\three\f822b9bf_nohash_3.wav,0.002810
C:\Users\miker\wake_word_project\data\negative\right\4634529e_nohash_0.wav,0.000281
C:\Users\miker\wake_word_project\data\negative\eight\1bb6ed89_nohash_0.wav,0.000215
C:\Users\miker\wake_word_project\data\negative\five\508e30ee_nohash_1.wav,0.001439
C:\Users\miker\wake_word_project\data\negative\seven\e7bcee8a_nohash_4.wav,0.091608
C:\Users\miker\wake_word_project\data\negative\yes\bed06fac_nohash_0.wav,0.000230
C:\Users\miker\wake_word_project\data\negative\on\36050ef3_nohash_0.wav,0.001414
C:\Users\miker\wake_word_project\data\negative\go\07089da9_nohash_0.wav,0.000404
C:\Users\miker\wake_word_project\data\negative\eight\0717b9f6_nohash_4.wav,0.000574
C:\Users\miker\wake_word_project\data\negative\on\93b62ffd_nohash_0.wav,0.000731
C:\Users\miker\wake_word_project\data\negative\up\eb67fcbc_nohash_0.wav,0.000631
C:\Users\miker\wake_word_project\data\negative\happy\c0e8f5a1_nohash_0.wav,0.005646
C:\Users\miker\wake_word_project\data\negative\bird\6ef76186_nohash_1.wav,0.001010
C:\Users\miker\wake_word_project\data\negative\dog\d952a17e_nohash_0.wav,0.000066
C:\Users\miker\wake_word_project\data\negative\dog\b4aa9fef_nohash_0.wav,0.000968
C:\Users\miker\wake_word_project\data\negative\six\6f1ffef6_nohash_1.wav,0.003288
C:\Users\miker\wake_word_project\data\negative\visual\ceef6d96_nohash_1.wav,0.003054
C:\Users\miker\wake_word_project\data\negative\happy\38c30a4a_nohash_0.wav,0.000259
C:\Users\miker\wake_word_project\data\negative\zero\01bcfc0c_nohash_1.wav,0.006877
C:\Users\miker\wake_word_project\data\negative\on\b7a0754f_nohash_4.wav,0.004107
C:\Users\miker\wake_word_project\data\negative\bed\66a412a7_nohash_0.wav,0.000231
C:\Users\miker\wake_word_project\data\negative\right\7cf14c54_nohash_3.wav,0.002627
C:\Users\miker\wake_word_project\data\negative\five\7c1d8533_nohash_0.wav,0.000103
C:\Users\miker\wake_word_project\data\negative\tree\7c75a504_nohash_0.wav,0.003930
C:\Users\miker\wake_word_project\data\negative\three\cb62dbf1_nohash_1.wav,0.002080
C:\Users\miker\wake_word_project\data\negative\backward\13a93b33_nohash_0.wav,0.000442
C:\Users\miker\wake_word_project\data\negative\bird\a4b21cbc_nohash_0.wav,0.000025
C:\Users\miker\wake_word_project\data\negative\two\29dce108_nohash_0.wav,0.001977
C:\Users\miker\wake_word_project\data\negative\no\cab100c9_nohash_0.wav,0.000134
C:\Users\miker\wake_word_project\data\negative\house\31f01a8d_nohash_0.wav,0.001959
C:\Users\miker\wake_word_project\data\negative\five\9307154f_nohash_0.wav,0.000070
C:\Users\miker\wake_word_project\data\negative\up\5ff3f9a1_nohash_0.wav,0.001536
C:\Users\miker\wake_word_project\data\negative\marvin\982babaf_nohash_1.wav,0.017403
C:\Users\miker\wake_word_project\data\negative\no\cf87b736_nohash_0.wav,0.003550
C:\Users\miker\wake_word_project\data\negative\six\8e523821_nohash_4.wav,0.006285
C:\Users\miker\wake_word_project\data\negative\backward\4c6944d6_nohash_1.wav,0.316584
C:\Users\miker\wake_word_project\data\negative\up\a929f9b9_nohash_3.wav,0.000644
C:\Users\miker\wake_word_project\data\negative\right\3a69f765_nohash_1.wav,0.003284
C:\Users\miker\wake_word_project\data\negative\one\cce17a61_nohash_0.wav,0.003011
C:\Users\miker\wake_word_project\data\negative\off\3e31dffe_nohash_3.wav,0.017977
C:\Users\miker\wake_word_project\data\negative\visual\d264f7b6_nohash_2.wav,0.003579
C:\Users\miker\wake_word_project\data\negative\zero\20fd451f_nohash_4.wav,0.003759
C:\Users\miker\wake_word_project\data\negative\zero\42f81601_nohash_2.wav,0.012366
C:\Users\miker\wake_word_project\data\negative\dog\b0ae6326_nohash_0.wav,0.000367
C:\Users\miker\wake_word_project\data\negative\go\434a267c_nohash_0.wav,0.000713
C:\Users\miker\wake_word_project\data\negative\backward\3d86b69a_nohash_2.wav,0.010052
C:\Users\miker\wake_word_project\data\negative\no\9db2bfe9_nohash_2.wav,0.013643
C:\Users\miker\wake_word_project\data\negative\two\fd5ccd39_nohash_3.wav,0.000942
C:\Users\miker\wake_word_project\data\negative\one\eefd26f3_nohash_0.wav,0.001597
C:\Users\miker\wake_word_project\data\negative\eight\8ff44869_nohash_0.wav,0.000648
C:\Users\miker\wake_word_project\data\negative\seven\bd76a7fd_nohash_7.wav,0.007046
C:\Users\miker\wake_word_project\data\negative\nine\bf70feda_nohash_0.wav,0.013936
C:\Users\miker\wake_word_project\data\negative\marvin\cfde27ba_nohash_0.wav,0.008888
C:\Users\miker\wake_word_project\data\negative\two\c0445658_nohash_1.wav,0.000106
C:\Users\miker\wake_word_project\data\negative\off\24c9f572_nohash_0.wav,0.000729
C:\Users\miker\wake_word_project\data\negative\cat\bf5d409d_nohash_0.wav,0.000257
C:\Users\miker\wake_word_project\data\negative\three\86f12ac0_nohash_0.wav,0.002181
C:\Users\miker\wake_word_project\data\negative\tree\0fa1e7a9_nohash_0.wav,0.012034
C:\Users\miker\wake_word_project\data\negative\down\884ae8e1_nohash_0.wav,0.003978
C:\Users\miker\wake_word_project\data\negative\nine\f575faf3_nohash_1.wav,0.002149
C:\Users\miker\wake_word_project\data\negative\seven\b84f83d2_nohash_0.wav,0.000350
C:\Users\miker\wake_word_project\data\negative\nine\1e9e6bdd_nohash_2.wav,0.000649
C:\Users\miker\wake_word_project\data\negative\down\2a1f4853_nohash_1.wav,0.000130
C:\Users\miker\wake_word_project\data\negative\one\2bdbe5f7_nohash_3.wav,0.000350
C:\Users\miker\wake_word_project\data\negative\yes\779de043_nohash_3.wav,0.004171
C:\Users\miker\wake_word_project\data\negative\yes\aeb99b1c_nohash_0.wav,0.000284
C:\Users\miker\wake_word_project\data\negative\learn\e49428d9_nohash_3.wav,0.005882
C:\Users\miker\wake_word_project\data\negative\tree\1c6e5447_nohash_0.wav,0.000868
C:\Users\miker\wake_word_project\data\negative\four\7fb8d703_nohash_0.wav,0.004504
C:\Users\miker\wake_word_project\data\negative\follow\f30285c8_nohash_1.wav,0.001796
C:\Users\miker\wake_word_project\data\negative\sheila\b089169d_nohash_0.wav,0.015245
C:\Users\miker\wake_word_project\data\negative\bird\b9db6e42_nohash_0.wav,0.000353
C:\Users\miker\wake_word_project\data\negative\no\9aa21fa9_nohash_3.wav,0.001413
C:\Users\miker\wake_word_project\data\negative\two\08ab231c_nohash_2.wav,0.000699
C:\Users\miker\wake_word_project\data\negative\four\12529547_nohash_1.wav,0.014857
C:\Users\miker\wake_word_project\data\negative\left\3e31dffe_nohash_4.wav,0.001424
C:\Users\miker\wake_word_project\data\negative\up\3a929277_nohash_2.wav,0.000326
C:\Users\miker\wake_word_project\data\negative\no\c842b5e4_nohash_0.wav,0.003073
C:\Users\miker\wake_word_project\data\negative\three\74b73f88_nohash_0.wav,0.000658
C:\Users\miker\wake_word_project\data\negative\two\fa57ab3b_nohash_3.wav,0.004693
C:\Users\miker\wake_word_project\data\negative\right\179a61b7_nohash_1.wav,0.009738
C:\Users\miker\wake_word_project\data\negative\down\5188de0d_nohash_1.wav,0.000081
C:\Users\miker\wake_word_project\data\negative\three\8aa35b0c_nohash_1.wav,0.008204
C:\Users\miker\wake_word_project\data\negative\on\7106d229_nohash_0.wav,0.001570
C:\Users\miker\wake_word_project\data\negative\four\02e85b60_nohash_0.wav,0.002275
C:\Users\miker\wake_word_project\data\negative\five\2fcb6397_nohash_1.wav,0.000690
C:\Users\miker\wake_word_project\data\negative\bird\7e7f0ed6_nohash_1.wav,0.018464
C:\Users\miker\wake_word_project\data\negative\four\235b444f_nohash_3.wav,0.000356
C:\Users\miker\wake_word_project\data\negative\bed\d31d8dd7_nohash_0.wav,0.106184
C:\Users\miker\wake_word_project\data\negative\visual\27c24504_nohash_3.wav,0.001725
C:\Users\miker\wake_word_project\data\negative\stop\28ed6bc9_nohash_0.wav,0.002382
C:\Users\miker\wake_word_project\data\negative\go\b76f6088_nohash_3.wav,0.000190
C:\Users\miker\wake_word_project\data\negative\right\2f0ce4d9_nohash_1.wav,0.002617
C:\Users\miker\wake_word_project\data\negative\no\bfb10243_nohash_0.wav,0.002613
C:\Users\miker\wake_word_project\data\negative\dog\3a929277_nohash_0.wav,0.000566
C:\Users\miker\wake_word_project\data\negative\zero\863880b7_nohash_0.wav,0.000759
C:\Users\miker\wake_word_project\data\negative\seven\e71a9381_nohash_4.wav,0.003141
C:\Users\miker\wake_word_project\data\negative\three\e805a617_nohash_2.wav,0.001576
C:\Users\miker\wake_word_project\data\negative\left\92b0a735_nohash_0.wav,0.009708
C:\Users\miker\wake_word_project\data\negative\right\8ff44869_nohash_0.wav,0.002259
C:\Users\miker\wake_word_project\data\negative\seven\b4aa9fef_nohash_0.wav,0.003500
C:\Users\miker\wake_word_project\data\negative\on\d1a17cbe_nohash_0.wav,0.003373
C:\Users\miker\wake_word_project\data\negative\bed\42398aab_nohash_0.wav,0.012438
C:\Users\miker\wake_word_project\data\negative\bird\96c67073_nohash_2.wav,0.000733
C:\Users\miker\wake_word_project\data\negative\nine\18e910f4_nohash_4.wav,0.004955
C:\Users\miker\wake_word_project\data\negative\cat\cc592808_nohash_1.wav,0.000627
C:\Users\miker\wake_word_project\data\negative\nine\0ba018fc_nohash_1.wav,0.005175
C:\Users\miker\wake_word_project\data\negative\zero\5b26c81b_nohash_1.wav,0.003421
C:\Users\miker\wake_word_project\data\negative\visual\3d9bbe2d_nohash_0.wav,0.000567
C:\Users\miker\wake_word_project\data\negative\bird\f0522ff4_nohash_0.wav,0.001756
C:\Users\miker\wake_word_project\data\negative\off\5087f68b_nohash_1.wav,0.000253
C:\Users\miker\wake_word_project\data\negative\eight\73cccfaf_nohash_0.wav,0.003305
C:\Users\miker\wake_word_project\data\negative\four\cae62f38_nohash_1.wav,0.010508
C:\Users\miker\wake_word_project\data\negative\tree\8c7f81df_nohash_0.wav,0.000972
C:\Users\miker\wake_word_project\data\negative\two\3d86b69a_nohash_3.wav,0.003443
C:\Users\miker\wake_word_project\data\negative\seven\57152045_nohash_5.wav,0.006796
C:\Users\miker\wake_word_project\data\negative\one\23059a35_nohash_0.wav,0.000247
C:\Users\miker\wake_word_project\data\negative\two\a24cf51c_nohash_0.wav,0.001433
C:\Users\miker\wake_word_project\data\negative\five\7c9b43f0_nohash_0.wav,0.000196
C:\Users\miker\wake_word_project\data\negative\wow\aba19127_nohash_0.wav,0.000981
C:\Users\miker\wake_word_project\data\negative\six\b69002d4_nohash_2.wav,0.007189
C:\Users\miker\wake_word_project\data\negative\go\86f12ac0_nohash_0.wav,0.000577
C:\Users\miker\wake_word_project\data\negative\dog\cc6ee39b_nohash_0.wav,0.006493
C:\Users\miker\wake_word_project\data\negative\bird\9229bff9_nohash_0.wav,0.000932
C:\Users\miker\wake_word_project\data\negative\wow\5769c5ab_nohash_0.wav,0.009868
C:\Users\miker\wake_word_project\data\negative\five\3bb68054_nohash_3.wav,0.003323
C:\Users\miker\wake_word_project\data\negative\right\2aca1e72_nohash_3.wav,0.001494
C:\Users\miker\wake_word_project\data\negative\tree\8c4854bc_nohash_1.wav,0.002002
C:\Users\miker\wake_word_project\data\negative\bed\6bf5baf3_nohash_0.wav,0.001895
C:\Users\miker\wake_word_project\data\negative\one\96d8bb6f_nohash_0.wav,0.001640
C:\Users\miker\wake_word_project\data\negative\three\050170cb_nohash_1.wav,0.000422
C:\Users\miker\wake_word_project\data\negative\cat\226537ab_nohash_0.wav,0.000966
C:\Users\miker\wake_word_project\data\negative\go\d8c314c0_nohash_1.wav,0.000237
C:\Users\miker\wake_word_project\data\negative\up\69a1a79f_nohash_4.wav,0.002077
C:\Users\miker\wake_word_project\data\negative\tree\2dce72b3_nohash_1.wav,0.000434
C:\Users\miker\wake_word_project\data\negative\eight\de08912f_nohash_0.wav,0.001676
C:\Users\miker\wake_word_project\data\negative\bed\1b63157b_nohash_0.wav,0.000966
C:\Users\miker\wake_word_project\data\negative\follow\9f93e408_nohash_2.wav,0.038552
C:\Users\miker\wake_word_project\data\negative\three\89d6d11e_nohash_0.wav,0.000418
C:\Users\miker\wake_word_project\data\negative\cat\6a014b29_nohash_0.wav,0.000007
C:\Users\miker\wake_word_project\data\negative\left\8e523821_nohash_3.wav,0.004035
C:\Users\miker\wake_word_project\data\negative\down\beb49c22_nohash_0.wav,0.051098
C:\Users\miker\wake_word_project\data\negative\one\10ace7eb_nohash_1.wav,0.001209
C:\Users\miker\wake_word_project\data\negative\stop\c79159aa_nohash_4.wav,0.003674
C:\Users\miker\wake_word_project\data\negative\follow\74241b28_nohash_1.wav,0.001076
C:\Users\miker\wake_word_project\data\negative\stop\196e84b7_nohash_0.wav,0.040675
C:\Users\miker\wake_word_project\data\negative\dog\4abefdf5_nohash_0.wav,0.000504
C:\Users\miker\wake_word_project\data\negative\eight\08ab231c_nohash_4.wav,0.003591
C:\Users\miker\wake_word_project\data\negative\eight\508e30ee_nohash_4.wav,0.002816
C:\Users\miker\wake_word_project\data\negative\right\750e3e75_nohash_0.wav,0.001534
C:\Users\miker\wake_word_project\data\negative\stop\37fc5d97_nohash_1.wav,0.001194
C:\Users\miker\wake_word_project\data\negative\zero\b97c9f77_nohash_1.wav,0.006190
C:\Users\miker\wake_word_project\data\negative\stop\eeaf97c3_nohash_2.wav,0.003581
C:\Users\miker\wake_word_project\data\negative\go\1995cf9e_nohash_1.wav,0.000878
C:\Users\miker\wake_word_project\data\negative\dog\3c4aa5ef_nohash_0.wav,0.000606
C:\Users\miker\wake_word_project\data\negative\zero\e3e0f145_nohash_4.wav,0.002160
C:\Users\miker\wake_word_project\data\negative\four\7bae88ed_nohash_0.wav,0.001422
C:\Users\miker\wake_word_project\data\negative\on\0b56bcfe_nohash_0.wav,0.001698
C:\Users\miker\wake_word_project\data\negative\nine\0819edb0_nohash_0.wav,0.005951
C:\Users\miker\wake_word_project\data\negative\wow\7d8babdb_nohash_1.wav,0.001437
C:\Users\miker\wake_word_project\data\negative\off\3143fdff_nohash_1.wav,0.000289
C:\Users\miker\wake_word_project\data\negative\marvin\3c257192_nohash_0.wav,0.008964
C:\Users\miker\wake_word_project\data\negative\eight\8aa35b0c_nohash_0.wav,0.002754
C:\Users\miker\wake_word_project\data\negative\two\cf87b736_nohash_0.wav,0.001453
C:\Users\miker\wake_word_project\data\negative\six\9a7c1f83_nohash_4.wav,0.017298
C:\Users\miker\wake_word_project\data\negative\sheila\257251e0_nohash_0.wav,0.001979
C:\Users\miker\wake_word_project\data\negative\five\1acc97de_nohash_3.wav,0.000823
C:\Users\miker\wake_word_project\data\negative\marvin\15c563d7_nohash_0.wav,0.015215
C:\Users\miker\wake_word_project\data\negative\zero\8931f494_nohash_0.wav,0.001826
C:\Users\miker\wake_word_project\data\negative\four\d962e5ac_nohash_0.wav,0.002787
C:\Users\miker\wake_word_project\data\negative\yes\9aa21fa9_nohash_0.wav,0.001459
C:\Users\miker\wake_word_project\data\negative\cat\1e9b215e_nohash_1.wav,0.000869
C:\Users\miker\wake_word_project\data\negative\stop\299c14b1_nohash_1.wav,0.000873
C:\Users\miker\wake_word_project\data\negative\follow\b44007bc_nohash_0.wav,0.000037
C:\Users\miker\wake_word_project\data\negative\marvin\f19279c4_nohash_0.wav,0.004184
C:\Users\miker\wake_word_project\data\negative\dog\3d9bbe2d_nohash_0.wav,0.000934
C:\Users\miker\wake_word_project\data\negative\house\a709ddd3_nohash_1.wav,0.001286
C:\Users\miker\wake_word_project\data\negative\five\39b5fdab_nohash_1.wav,0.000768
C:\Users\miker\wake_word_project\data\negative\yes\6071a214_nohash_0.wav,0.001859
C:\Users\miker\wake_word_project\data\negative\off\a827e3a1_nohash_2.wav,0.002842
C:\Users\miker\wake_word_project\data\negative\follow\365908bd_nohash_4.wav,0.001321
C:\Users\miker\wake_word_project\data\negative\up\3cc595de_nohash_1.wav,0.000496
C:\Users\miker\wake_word_project\data\negative\no\1e02ffc5_nohash_1.wav,0.001311
C:\Users\miker\wake_word_project\data\negative\sheila\a2473d62_nohash_0.wav,0.003982
C:\Users\miker\wake_word_project\data\negative\five\fc3ba625_nohash_2.wav,0.005298
C:\Users\miker\wake_word_project\data\negative\on\772db621_nohash_1.wav,0.000381
C:\Users\miker\wake_word_project\data\negative\go\dff327c5_nohash_0.wav,0.001210
C:\Users\miker\wake_word_project\data\negative\six\ca58a8c6_nohash_1.wav,0.000129
C:\Users\miker\wake_word_project\data\negative\bird\cd3331a6_nohash_0.wav,0.001254
C:\Users\miker\wake_word_project\data\negative\down\d1a4fb3f_nohash_0.wav,0.000042
C:\Users\miker\wake_word_project\data\negative\zero\7622d95b_nohash_0.wav,0.000794
C:\Users\miker\wake_word_project\data\negative\three\85b877b5_nohash_0.wav,0.006699
C:\Users\miker\wake_word_project\data\negative\stop\cfde27ba_nohash_0.wav,0.003881
C:\Users\miker\wake_word_project\data\negative\no\53fd1780_nohash_1.wav,0.000213
C:\Users\miker\wake_word_project\data\negative\zero\06f6c194_nohash_2.wav,0.027729
C:\Users\miker\wake_word_project\data\negative\five\c2aeb59d_nohash_1.wav,0.000859
C:\Users\miker\wake_word_project\data\negative\bed\32efce64_nohash_1.wav,0.001154
C:\Users\miker\wake_word_project\data\negative\right\1aed7c6d_nohash_0.wav,0.000259
C:\Users\miker\wake_word_project\data\negative\down\2d3c8dcb_nohash_0.wav,0.001606
C:\Users\miker\wake_word_project\data\negative\backward\85d2ac4b_nohash_0.wav,0.001737
C:\Users\miker\wake_word_project\data\negative\forward\2e75d37a_nohash_1.wav,0.003401
C:\Users\miker\wake_word_project\data\negative\down\7846fd85_nohash_0.wav,0.001690
C:\Users\miker\wake_word_project\data\negative\up\9fac5701_nohash_3.wav,0.002031
C:\Users\miker\wake_word_project\data\negative\stop\2fcb6397_nohash_2.wav,0.006596
C:\Users\miker\wake_word_project\data\negative\learn\578d3efb_nohash_3.wav,0.001268
C:\Users\miker\wake_word_project\data\negative\off\b2ae3928_nohash_0.wav,0.005728
C:\Users\miker\wake_word_project\data\negative\up\25e95412_nohash_4.wav,0.000602
C:\Users\miker\wake_word_project\data\negative\zero\fb7eb481_nohash_3.wav,0.004979
C:\Users\miker\wake_word_project\data\negative\zero\8281a2a8_nohash_1.wav,0.002182
C:\Users\miker\wake_word_project\data\negative\yes\db9cd41d_nohash_1.wav,0.001969
C:\Users\miker\wake_word_project\data\negative\one\be7a5b2d_nohash_1.wav,0.022760
C:\Users\miker\wake_word_project\data\negative\up\1c45ceb2_nohash_1.wav,0.000245
C:\Users\miker\wake_word_project\data\negative\eight\bf8d5617_nohash_0.wav,0.000933
C:\Users\miker\wake_word_project\data\negative\four\9aa21fa9_nohash_0.wav,0.001752
C:\Users\miker\wake_word_project\data\negative\five\4995d875_nohash_3.wav,0.006772
C:\Users\miker\wake_word_project\data\negative\three\c6ee87a7_nohash_2.wav,0.002146
C:\Users\miker\wake_word_project\data\negative\house\7910d292_nohash_1.wav,0.001518
C:\Users\miker\wake_word_project\data\negative\seven\57152045_nohash_1.wav,0.005885
C:\Users\miker\wake_word_project\data\negative\on\dca2797e_nohash_0.wav,0.000207
C:\Users\miker\wake_word_project\data\negative\off\893705bb_nohash_3.wav,0.001271
C:\Users\miker\wake_word_project\data\negative\follow\ca4912b6_nohash_0.wav,0.001092
C:\Users\miker\wake_word_project\data\negative\stop\c22d3f18_nohash_4.wav,0.009339
C:\Users\miker\wake_word_project\data\negative\up\179a61b7_nohash_4.wav,0.038900
C:\Users\miker\wake_word_project\data\negative\bird\9ff2d2f4_nohash_0.wav,0.003349
C:\Users\miker\wake_word_project\data\negative\stop\435695e3_nohash_0.wav,0.005805
C:\Users\miker\wake_word_project\data\negative\forward\3837f3f3_nohash_0.wav,0.001713
C:\Users\miker\wake_word_project\data\negative\up\fa52ddf6_nohash_0.wav,0.028244
C:\Users\miker\wake_word_project\data\negative\right\91ffb786_nohash_2.wav,0.002515
C:\Users\miker\wake_word_project\data\negative\stop\cd671b5f_nohash_1.wav,0.000284
C:\Users\miker\wake_word_project\data\negative\three\541e4079_nohash_1.wav,0.001632
C:\Users\miker\wake_word_project\data\negative\zero\2c6446f7_nohash_0.wav,0.000731
C:\Users\miker\wake_word_project\data\negative\left\559bc36a_nohash_3.wav,0.005665
C:\Users\miker\wake_word_project\data\negative\nine\61482e52_nohash_2.wav,0.000564
C:\Users\miker\wake_word_project\data\negative\off\c661be6e_nohash_0.wav,0.001307
C:\Users\miker\wake_word_project\data\negative\backward\5f01c798_nohash_0.wav,0.001070
C:\Users\miker\wake_word_project\data\negative\sheila\eb3d8eb1_nohash_0.wav,0.039725
C:\Users\miker\wake_word_project\data\negative\go\a04817c2_nohash_2.wav,0.000655
C:\Users\miker\wake_word_project\data\negative\four\1b459024_nohash_0.wav,0.001240
C:\Users\miker\wake_word_project\data\negative\eight\6c429c7b_nohash_2.wav,0.003692
C:\Users\miker\wake_word_project\data\negative\seven\96d5276f_nohash_0.wav,0.001448
C:\Users\miker\wake_word_project\data\negative\down\b44007bc_nohash_1.wav,0.000041
C:\Users\miker\wake_word_project\data\negative\three\0b7ee1a0_nohash_2.wav,0.006845
C:\Users\miker\wake_word_project\data\negative\nine\d8c52371_nohash_1.wav,0.000833
C:\Users\miker\wake_word_project\data\negative\yes\7fb8d703_nohash_2.wav,0.002007
C:\Users\miker\wake_word_project\data\negative\seven\dfb6450b_nohash_0.wav,0.000416
C:\Users\miker\wake_word_project\data\negative\right\ce0cb033_nohash_1.wav,0.008048
C:\Users\miker\wake_word_project\data\negative\go\0f46028a_nohash_0.wav,0.000103
C:\Users\miker\wake_word_project\data\negative\one\54aecbd5_nohash_4.wav,0.000351
C:\Users\miker\wake_word_project\data\negative\yes\ca58a8c6_nohash_0.wav,0.003826
C:\Users\miker\wake_word_project\data\negative\three\4cee0c60_nohash_0.wav,0.000101
C:\Users\miker\wake_word_project\data\negative\tree\f810e799_nohash_1.wav,0.001336
C:\Users\miker\wake_word_project\data\negative\four\adc6213f_nohash_0.wav,0.000015
C:\Users\miker\wake_word_project\data\negative\house\caa7feaf_nohash_0.wav,0.000582
C:\Users\miker\wake_word_project\data\negative\four\28ed6bc9_nohash_1.wav,0.000503
C:\Users\miker\wake_word_project\data\negative\eight\402e2977_nohash_0.wav,0.000481
C:\Users\miker\wake_word_project\data\negative\zero\a84dee7b_nohash_0.wav,0.001858
C:\Users\miker\wake_word_project\data\negative\two\dabd70c2_nohash_0.wav,0.002187
C:\Users\miker\wake_word_project\data\negative\one\b433332a_nohash_0.wav,0.000449
C:\Users\miker\wake_word_project\data\negative\right\7b2e879e_nohash_2.wav,0.001646
C:\Users\miker\wake_word_project\data\negative\follow\f01a0d63_nohash_0.wav,0.001173
C:\Users\miker\wake_word_project\data\negative\five\d070ea86_nohash_0.wav,0.003146
C:\Users\miker\wake_word_project\data\negative\two\5c39594f_nohash_0.wav,0.001052
C:\Users\miker\wake_word_project\data\negative\bird\f47d644e_nohash_0.wav,0.017379
C:\Users\miker\wake_word_project\data\negative\cat\ae82c78c_nohash_0.wav,0.000340
C:\Users\miker\wake_word_project\data\negative\three\f2e9b610_nohash_1.wav,0.001017
C:\Users\miker\wake_word_project\data\negative\nine\ece1a95a_nohash_0.wav,0.000320
C:\Users\miker\wake_word_project\data\negative\four\b97c9f77_nohash_2.wav,0.002358
C:\Users\miker\wake_word_project\data\negative\happy\43f57297_nohash_0.wav,0.002382
C:\Users\miker\wake_word_project\data\negative\marvin\dce05676_nohash_1.wav,0.000776
C:\Users\miker\wake_word_project\data\negative\stop\f6af2457_nohash_2.wav,0.002104
C:\Users\miker\wake_word_project\data\negative\zero\e9bc5cc2_nohash_2.wav,0.006659
C:\Users\miker\wake_word_project\data\negative\yes\653a48f5_nohash_0.wav,0.000262
C:\Users\miker\wake_word_project\data\negative\on\f428ca69_nohash_0.wav,0.004445
C:\Users\miker\wake_word_project\data\negative\bird\f798ac78_nohash_0.wav,0.002673
C:\Users\miker\wake_word_project\data\negative\down\f798ac78_nohash_2.wav,0.000823
C:\Users\miker\wake_word_project\data\negative\wow\a3502f15_nohash_0.wav,0.005362
C:\Users\miker\wake_word_project\data\negative\cat\94de6a6a_nohash_0.wav,0.000316
C:\Users\miker\wake_word_project\data\negative\seven\cc4f9250_nohash_1.wav,0.003494
C:\Users\miker\wake_word_project\data\negative\zero\43f57297_nohash_0.wav,0.000911
C:\Users\miker\wake_word_project\data\negative\bird\1474273a_nohash_1.wav,0.001943
C:\Users\miker\wake_word_project\data\negative\right\099d52ad_nohash_0.wav,0.002231
C:\Users\miker\wake_word_project\data\negative\seven\1338a799_nohash_0.wav,0.004923
C:\Users\miker\wake_word_project\data\negative\eight\617de221_nohash_3.wav,0.001878
C:\Users\miker\wake_word_project\data\negative\go\9d8ac38b_nohash_0.wav,0.000770
C:\Users\miker\wake_word_project\data\negative\on\b0ae6326_nohash_3.wav,0.004770
C:\Users\miker\wake_word_project\data\negative\stop\265bd13a_nohash_0.wav,0.001665
C:\Users\miker\wake_word_project\data\negative\six\b9db6e42_nohash_0.wav,0.012933
C:\Users\miker\wake_word_project\data\negative\marvin\5a9f7324_nohash_1.wav,0.013790
C:\Users\miker\wake_word_project\data\negative\off\c885a039_nohash_1.wav,0.001193
C:\Users\miker\wake_word_project\data\negative\four\57152045_nohash_1.wav,0.013134
C:\Users\miker\wake_word_project\data\negative\yes\093f65a1_nohash_1.wav,0.000496
C:\Users\miker\wake_word_project\data\negative\two\98447c43_nohash_0.wav,0.000114
C:\Users\miker\wake_word_project\data\negative\marvin\551e42e8_nohash_3.wav,0.007427
C:\Users\miker\wake_word_project\data\negative\go\6904f0cb_nohash_3.wav,0.003993
C:\Users\miker\wake_word_project\data\negative\eight\2aca1e72_nohash_9.wav,0.000118
C:\Users\miker\wake_word_project\data\negative\go\563aa4e6_nohash_3.wav,0.010171
C:\Users\miker\wake_word_project\data\negative\down\c4533c47_nohash_0.wav,0.000652
C:\Users\miker\wake_word_project\data\negative\go\ad63d93c_nohash_1.wav,0.001741
C:\Users\miker\wake_word_project\data\negative\wow\7add4c5f_nohash_0.wav,0.002032
C:\Users\miker\wake_word_project\data\negative\off\8f4c551f_nohash_2.wav,0.002041
C:\Users\miker\wake_word_project\data\negative\four\619b5164_nohash_0.wav,0.000115
C:\Users\miker\wake_word_project\data\negative\no\4e99c1b7_nohash_2.wav,0.062126
C:\Users\miker\wake_word_project\data\negative\go\1a994c9f_nohash_2.wav,0.003309
C:\Users\miker\wake_word_project\data\negative\one\951cac20_nohash_0.wav,0.007903
C:\Users\miker\wake_word_project\data\negative\six\e6e29c47_nohash_0.wav,0.000167
C:\Users\miker\wake_word_project\data\negative\right\0227998e_nohash_0.wav,0.000086
C:\Users\miker\wake_word_project\data\negative\cat\b1f8326d_nohash_0.wav,0.000195
C:\Users\miker\wake_word_project\data\negative\on\5f9cd2eb_nohash_4.wav,0.000123
C:\Users\miker\wake_word_project\data\negative\five\59c3a7f2_nohash_0.wav,0.003026
C:\Users\miker\wake_word_project\data\negative\four\f2898d06_nohash_2.wav,0.000271
C:\Users\miker\wake_word_project\data\negative\stop\b93528e3_nohash_2.wav,0.000574
C:\Users\miker\wake_word_project\data\negative\one\0547aa66_nohash_0.wav,0.002959
C:\Users\miker\wake_word_project\data\negative\forward\1496195a_nohash_0.wav,0.001559
C:\Users\miker\wake_word_project\data\negative\no\b5552931_nohash_4.wav,0.001573
C:\Users\miker\wake_word_project\data\negative\no\3ab9ba07_nohash_0.wav,0.001690
C:\Users\miker\wake_word_project\data\negative\five\144d27ff_nohash_0.wav,0.000747
C:\Users\miker\wake_word_project\data\negative\one\1dce06e8_nohash_0.wav,0.001154
C:\Users\miker\wake_word_project\data\negative\visual\29dce108_nohash_1.wav,0.003017
C:\Users\miker\wake_word_project\data\negative\four\2c727642_nohash_0.wav,0.002158
C:\Users\miker\wake_word_project\data\negative\three\845f8553_nohash_2.wav,0.000601
C:\Users\miker\wake_word_project\data\negative\nine\bd11c654_nohash_0.wav,0.000572
C:\Users\miker\wake_word_project\data\negative\house\65c73b55_nohash_1.wav,0.020452
C:\Users\miker\wake_word_project\data\negative\four\74241b28_nohash_0.wav,0.003254
C:\Users\miker\wake_word_project\data\negative\marvin\f618568f_nohash_1.wav,0.013672
C:\Users\miker\wake_word_project\data\negative\eight\c1d39ce8_nohash_6.wav,0.007762
C:\Users\miker\wake_word_project\data\negative\bird\43691f67_nohash_4.wav,0.000659
C:\Users\miker\wake_word_project\data\negative\up\1b4c9b89_nohash_1.wav,0.004958
C:\Users\miker\wake_word_project\data\negative\six\56eab10e_nohash_0.wav,0.001651
C:\Users\miker\wake_word_project\data\negative\dog\05d18852_nohash_1.wav,0.003750
C:\Users\miker\wake_word_project\data\negative\learn\195c120a_nohash_1.wav,0.024834
C:\Users\miker\wake_word_project\data\negative\five\1496195a_nohash_2.wav,0.000710
C:\Users\miker\wake_word_project\data\negative\eight\32efce64_nohash_0.wav,0.000367
C:\Users\miker\wake_word_project\data\negative\one\619b5164_nohash_0.wav,0.000135
C:\Users\miker\wake_word_project\data\negative\one\23da904f_nohash_1.wav,0.002011
C:\Users\miker\wake_word_project\data\negative\off\c1d39ce8_nohash_2.wav,0.011387
C:\Users\miker\wake_word_project\data\negative\yes\765ffccb_nohash_0.wav,0.005006
C:\Users\miker\wake_word_project\data\negative\nine\3a3ee7ed_nohash_1.wav,0.026125
C:\Users\miker\wake_word_project\data\negative\go\1496195a_nohash_0.wav,0.000970
C:\Users\miker\wake_word_project\data\negative\left\2296b1af_nohash_0.wav,0.000145
C:\Users\miker\wake_word_project\data\negative\stop\87070229_nohash_3.wav,0.000481
C:\Users\miker\wake_word_project\data\negative\five\bbb2eb5b_nohash_1.wav,0.040838
C:\Users\miker\wake_word_project\data\negative\zero\67c7fecb_nohash_0.wav,0.004250
C:\Users\miker\wake_word_project\data\negative\zero\97ae8b25_nohash_1.wav,0.003618
C:\Users\miker\wake_word_project\data\negative\three\b843de62_nohash_1.wav,0.000600
C:\Users\miker\wake_word_project\data\negative\stop\ca4d5368_nohash_3.wav,0.004983
C:\Users\miker\wake_word_project\data\negative\follow\617aeb6c_nohash_4.wav,0.001082
C:\Users\miker\wake_word_project\data\negative\six\ad1429cf_nohash_1.wav,0.003805
C:\Users\miker\wake_word_project\data\negative\sheila\98ea0818_nohash_0.wav,0.003446
C:\Users\miker\wake_word_project\data\negative\go\659b7fae_nohash_1.wav,0.000574
C:\Users\miker\wake_word_project\data\negative\down\6124b431_nohash_2.wav,0.001946
C:\Users\miker\wake_word_project\data\negative\off\8769c34c_nohash_2.wav,0.003740
C:\Users\miker\wake_word_project\data\negative\seven\4bb1244f_nohash_1.wav,0.002115
C:\Users\miker\wake_word_project\data\negative\right\2e75d37a_nohash_5.wav,0.002790
C:\Users\miker\wake_word_project\data\negative\four\f4c77b26_nohash_0.wav,0.000262
C:\Users\miker\wake_word_project\data\negative\stop\1d919a90_nohash_1.wav,0.000128
C:\Users\miker\wake_word_project\data\negative\one\ab9b93e4_nohash_3.wav,0.014977
C:\Users\miker\wake_word_project\data\negative\one\45692b02_nohash_0.wav,0.001670
C:\Users\miker\wake_word_project\data\negative\house\f9318c93_nohash_0.wav,0.020199
C:\Users\miker\wake_word_project\data\negative\bed\1e02ffc5_nohash_0.wav,0.000948
C:\Users\miker\wake_word_project\data\negative\wow\01648c51_nohash_0.wav,0.001670
C:\Users\miker\wake_word_project\data\negative\on\1b627376_nohash_0.wav,0.001853
C:\Users\miker\wake_word_project\data\negative\wow\62641b88_nohash_1.wav,0.001286
C:\Users\miker\wake_word_project\data\negative\go\fa70c187_nohash_0.wav,0.000216
C:\Users\miker\wake_word_project\data\negative\happy\0acc1ac5_nohash_0.wav,0.000105
C:\Users\miker\wake_word_project\data\negative\on\5195f0ec_nohash_0.wav,0.002474
C:\Users\miker\wake_word_project\data\negative\six\b76f6088_nohash_3.wav,0.008473
C:\Users\miker\wake_word_project\data\negative\go\28e47b1a_nohash_2.wav,0.011722
C:\Users\miker\wake_word_project\data\negative\five\7ca023e2_nohash_1.wav,0.002814
C:\Users\miker\wake_word_project\data\negative\six\86f12ac0_nohash_0.wav,0.000791
C:\Users\miker\wake_word_project\data\negative\backward\64e48f55_nohash_3.wav,0.005835
C:\Users\miker\wake_word_project\data\negative\off\bde0f20a_nohash_3.wav,0.000447
C:\Users\miker\wake_word_project\data\negative\cat\07de53d3_nohash_1.wav,0.000232
C:\Users\miker\wake_word_project\data\negative\bird\c50f55b8_nohash_4.wav,0.000286
C:\Users\miker\wake_word_project\data\negative\one\9151f184_nohash_3.wav,0.000461
C:\Users\miker\wake_word_project\data\negative\wow\37d38e44_nohash_1.wav,0.002059
C:\Users\miker\wake_word_project\data\negative\yes\bdee441c_nohash_2.wav,0.002884
C:\Users\miker\wake_word_project\data\negative\bird\5f01c798_nohash_0.wav,0.001170
C:\Users\miker\wake_word_project\data\negative\one\d71ad617_nohash_0.wav,0.001163
C:\Users\miker\wake_word_project\data\negative\zero\b308773d_nohash_3.wav,0.002422
C:\Users\miker\wake_word_project\data\negative\up\3ee0fc39_nohash_1.wav,0.000026
C:\Users\miker\wake_word_project\data\negative\down\c39703ec_nohash_0.wav,0.000296
C:\Users\miker\wake_word_project\data\negative\on\ef3367d9_nohash_2.wav,0.001880
C:\Users\miker\wake_word_project\data\negative\right\6565a81d_nohash_2.wav,0.002553
C:\Users\miker\wake_word_project\data\negative\go\c634a189_nohash_0.wav,0.001261
C:\Users\miker\wake_word_project\data\negative\down\3d9bbe2d_nohash_2.wav,0.000928
C:\Users\miker\wake_word_project\data\negative\sheila\f839238a_nohash_1.wav,0.004588
C:\Users\miker\wake_word_project\data\negative\yes\39a12648_nohash_3.wav,0.005658
C:\Users\miker\wake_word_project\data\negative\backward\fb7eb481_nohash_1.wav,0.003467
C:\Users\miker\wake_word_project\data\negative\up\235b444f_nohash_1.wav,0.000856
C:\Users\miker\wake_word_project\data\negative\wow\1c84a139_nohash_0.wav,0.000056
C:\Users\miker\wake_word_project\data\negative\off\5a98d407_nohash_2.wav,0.000644
C:\Users\miker\wake_word_project\data\negative\go\02ade946_nohash_1.wav,0.000153
C:\Users\miker\wake_word_project\data\negative\eight\f1d36c53_nohash_1.wav,0.000253
C:\Users\miker\wake_word_project\data\negative\nine\bb6d4301_nohash_3.wav,0.000054
C:\Users\miker\wake_word_project\data\negative\left\2796ac50_nohash_2.wav,0.011585
C:\Users\miker\wake_word_project\data\negative\go\bbf38549_nohash_3.wav,0.000497
C:\Users\miker\wake_word_project\data\negative\tree\1995cf9e_nohash_1.wav,0.001191
C:\Users\miker\wake_word_project\data\negative\down\88d009d2_nohash_0.wav,0.001355
C:\Users\miker\wake_word_project\data\negative\bed\3a182c98_nohash_0.wav,0.000256
C:\Users\miker\wake_word_project\data\negative\one\dac8b7f9_nohash_0.wav,0.000183
C:\Users\miker\wake_word_project\data\negative\two\5165cf0a_nohash_0.wav,0.001785
C:\Users\miker\wake_word_project\data\negative\left\7622d95b_nohash_0.wav,0.000986
C:\Users\miker\wake_word_project\data\negative\five\e3e49931_nohash_0.wav,0.000283
C:\Users\miker\wake_word_project\data\negative\up\8012c69d_nohash_3.wav,0.002906
C:\Users\miker\wake_word_project\data\negative\one\2927c601_nohash_1.wav,0.001333
C:\Users\miker\wake_word_project\data\negative\six\650daf8e_nohash_0.wav,0.000552
C:\Users\miker\wake_word_project\data\negative\yes\0a9f9af7_nohash_2.wav,0.000085
C:\Users\miker\wake_word_project\data\negative\six\d9aa8c90_nohash_3.wav,0.004624
C:\Users\miker\wake_word_project\data\negative\bed\c53b335a_nohash_0.wav,0.003644
C:\Users\miker\wake_word_project\data\negative\one\02e85b60_nohash_1.wav,0.001539
C:\Users\miker\wake_word_project\data\negative\yes\d5ca80c6_nohash_0.wav,0.001386
C:\Users\miker\wake_word_project\data\negative\five\25132942_nohash_0.wav,0.000578
C:\Users\miker\wake_word_project\data\negative\up\7f74626f_nohash_0.wav,0.000913
C:\Users\miker\wake_word_project\data\negative\off\4e02d62d_nohash_3.wav,0.000014
C:\Users\miker\wake_word_project\data\negative\forward\a929f9b9_nohash_0.wav,0.005332
C:\Users\miker\wake_word_project\data\negative\zero\6ace4fe1_nohash_0.wav,0.001221
C:\Users\miker\wake_word_project\data\negative\no\226537ab_nohash_2.wav,0.000978
C:\Users\miker\wake_word_project\data\negative\three\513aeddf_nohash_1.wav,0.000422
C:\Users\miker\wake_word_project\data\negative\one\55feffd5_nohash_0.wav,0.090965
C:\Users\miker\wake_word_project\data\negative\up\85851131_nohash_1.wav,0.009139
C:\Users\miker\wake_word_project\data\negative\three\91bed2e0_nohash_1.wav,0.000425
C:\Users\miker\wake_word_project\data\negative\backward\1b42b551_nohash_2.wav,0.001533
C:\Users\miker\wake_word_project\data\negative\three\553f1a79_nohash_0.wav,0.008891
C:\Users\miker\wake_word_project\data\negative\dog\b8b8cb52_nohash_0.wav,0.000719
C:\Users\miker\wake_word_project\data\negative\marvin\c7aa72e6_nohash_1.wav,0.079129
C:\Users\miker\wake_word_project\data\negative\bird\508e30ee_nohash_0.wav,0.000405
C:\Users\miker\wake_word_project\data\negative\left\2dc4f05d_nohash_2.wav,0.000015
C:\Users\miker\wake_word_project\data\negative\on\07363607_nohash_0.wav,0.002622
C:\Users\miker\wake_word_project\data\negative\yes\37a3cd33_nohash_0.wav,0.000329
C:\Users\miker\wake_word_project\data\negative\house\668115dd_nohash_0.wav,0.001390
C:\Users\miker\wake_word_project\data\negative\up\4cee0c60_nohash_3.wav,0.001157
C:\Users\miker\wake_word_project\data\negative\stop\d0745d72_nohash_1.wav,0.001191
C:\Users\miker\wake_word_project\data\negative\seven\f736ab63_nohash_1.wav,0.000122
C:\Users\miker\wake_word_project\data\negative\six\94de6a6a_nohash_2.wav,0.004143
C:\Users\miker\wake_word_project\data\negative\zero\9712cce0_nohash_0.wav,0.004871
C:\Users\miker\wake_word_project\data\negative\four\a591c2ea_nohash_1.wav,0.002819
C:\Users\miker\wake_word_project\data\negative\zero\5ab63b0a_nohash_1.wav,0.003356
C:\Users\miker\wake_word_project\data\negative\two\d53e25ba_nohash_0.wav,0.000236
C:\Users\miker\wake_word_project\data\negative\down\2fee065a_nohash_1.wav,0.000183
C:\Users\miker\wake_word_project\data\negative\three\19b05529_nohash_2.wav,0.011157
C:\Users\miker\wake_word_project\data\negative\marvin\f33660af_nohash_0.wav,0.010043
C:\Users\miker\wake_word_project\data\negative\wow\5de8f2f0_nohash_1.wav,0.000845
C:\Users\miker\wake_word_project\data\negative\cat\b72e58c9_nohash_1.wav,0.000325
C:\Users\miker\wake_word_project\data\negative\seven\113b3fbc_nohash_4.wav,0.002634
C:\Users\miker\wake_word_project\data\negative\two\8494fba8_nohash_1.wav,0.001321
C:\Users\miker\wake_word_project\data\negative\nine\eb3f7d82_nohash_1.wav,0.000094
C:\Users\miker\wake_word_project\data\negative\cat\85851131_nohash_0.wav,0.000844
C:\Users\miker\wake_word_project\data\negative\eight\324210dd_nohash_2.wav,0.006283
C:\Users\miker\wake_word_project\data\negative\no\8fe67225_nohash_4.wav,0.001385
C:\Users\miker\wake_word_project\data\negative\nine\f822b9bf_nohash_1.wav,0.003732
C:\Users\miker\wake_word_project\data\negative\one\6124b431_nohash_0.wav,0.012283
C:\Users\miker\wake_word_project\data\negative\three\0d85a428_nohash_1.wav,0.001043
C:\Users\miker\wake_word_project\data\negative\bird\d069e6ff_nohash_0.wav,0.000202
C:\Users\miker\wake_word_project\data\negative\nine\f816db77_nohash_0.wav,0.000905
C:\Users\miker\wake_word_project\data\negative\nine\ff4ed4f3_nohash_2.wav,0.007008
C:\Users\miker\wake_word_project\data\negative\follow\d962e5ac_nohash_3.wav,0.001258
C:\Users\miker\wake_word_project\data\negative\tree\23059a35_nohash_3.wav,0.001402
C:\Users\miker\wake_word_project\data\negative\sheila\fce65496_nohash_0.wav,0.001529
C:\Users\miker\wake_word_project\data\negative\up\8e05039f_nohash_2.wav,0.014636
C:\Users\miker\wake_word_project\data\negative\dog\7f208e83_nohash_2.wav,0.000332
C:\Users\miker\wake_word_project\data\negative\six\113b3fbc_nohash_3.wav,0.007087
C:\Users\miker\wake_word_project\data\negative\up\b76f6088_nohash_2.wav,0.000638
C:\Users\miker\wake_word_project\data\negative\four\8ca3b1db_nohash_0.wav,0.000610
C:\Users\miker\wake_word_project\data\negative\marvin\e77d88fc_nohash_0.wav,0.016722
C:\Users\miker\wake_word_project\data\negative\seven\dea820ce_nohash_1.wav,0.007999
C:\Users\miker\wake_word_project\data\negative\eight\4a1e736b_nohash_2.wav,0.007522
C:\Users\miker\wake_word_project\data\negative\tree\3389305e_nohash_1.wav,0.000427
C:\Users\miker\wake_word_project\data\negative\one\ce7a8e92_nohash_1.wav,0.000156
C:\Users\miker\wake_word_project\data\negative\yes\324210dd_nohash_5.wav,0.008543
C:\Users\miker\wake_word_project\data\negative\six\bcf614a2_nohash_3.wav,0.005714
C:\Users\miker\wake_word_project\data\negative\four\bb6d4301_nohash_2.wav,0.000755
C:\Users\miker\wake_word_project\data\negative\yes\3a3ee7ed_nohash_4.wav,0.070613
C:\Users\miker\wake_word_project\data\negative\wow\ece1a95a_nohash_0.wav,0.001644
C:\Users\miker\wake_word_project\data\negative\yes\7d86b703_nohash_0.wav,0.006106
C:\Users\miker\wake_word_project\data\negative\go\3e549219_nohash_2.wav,0.002089
C:\Users\miker\wake_word_project\data\negative\left\ff63ab0b_nohash_0.wav,0.007104
C:\Users\miker\wake_word_project\data\negative\nine\8a90cf67_nohash_0.wav,0.000482
C:\Users\miker\wake_word_project\data\negative\house\3d9bbe2d_nohash_0.wav,0.000559
C:\Users\miker\wake_word_project\data\negative\right\b29f8b23_nohash_4.wav,0.003243
C:\Users\miker\wake_word_project\data\negative\two\b49caed3_nohash_1.wav,0.059926
C:\Users\miker\wake_word_project\data\negative\off\ec989d6d_nohash_2.wav,0.000870
C:\Users\miker\wake_word_project\data\negative\house\d8521ea0_nohash_1.wav,0.000745
C:\Users\miker\wake_word_project\data\negative\cat\b36c27c2_nohash_0.wav,0.001640
C:\Users\miker\wake_word_project\data\negative\dog\402e2977_nohash_0.wav,0.061505
C:\Users\miker\wake_word_project\data\negative\no\34d5aa5a_nohash_1.wav,0.003156
C:\Users\miker\wake_word_project\data\negative\nine\4995d875_nohash_4.wav,0.004882
C:\Users\miker\wake_word_project\data\negative\on\eee5e541_nohash_0.wav,0.001018
C:\Users\miker\wake_word_project\data\negative\right\1496195a_nohash_3.wav,0.005825
C:\Users\miker\wake_word_project\data\negative\right\a04817c2_nohash_0.wav,0.001797
C:\Users\miker\wake_word_project\data\negative\seven\742d6431_nohash_1.wav,0.001298
C:\Users\miker\wake_word_project\data\negative\eight\9f22307d_nohash_0.wav,0.000193
C:\Users\miker\wake_word_project\data\negative\one\8b25410a_nohash_3.wav,0.000793
C:\Users\miker\wake_word_project\data\negative\up\bbc30633_nohash_1.wav,0.005171
C:\Users\miker\wake_word_project\data\negative\seven\a331d9cb_nohash_0.wav,0.006822
C:\Users\miker\wake_word_project\data\negative\seven\ab7b5acd_nohash_0.wav,0.000871
C:\Users\miker\wake_word_project\data\negative\left\0717b9f6_nohash_0.wav,0.010619
C:\Users\miker\wake_word_project\data\negative\on\eaa83485_nohash_4.wav,0.000683
C:\Users\miker\wake_word_project\data\negative\three\1cbcc7a7_nohash_0.wav,0.000150
C:\Users\miker\wake_word_project\data\negative\no\0ff728b5_nohash_3.wav,0.000207
C:\Users\miker\wake_word_project\data\negative\two\77f185d3_nohash_1.wav,0.000505
C:\Users\miker\wake_word_project\data\negative\up\23add12a_nohash_0.wav,0.005459
C:\Users\miker\wake_word_project\data\negative\dog\6736bc64_nohash_0.wav,0.000959
C:\Users\miker\wake_word_project\data\negative\forward\f1d8a638_nohash_0.wav,0.001175
C:\Users\miker\wake_word_project\data\negative\one\1ecfb537_nohash_1.wav,0.000736
C:\Users\miker\wake_word_project\data\negative\down\674ca5ea_nohash_2.wav,0.000182
C:\Users\miker\wake_word_project\data\negative\down\28460a60_nohash_0.wav,0.001962
C:\Users\miker\wake_word_project\data\negative\no\cc3b5b62_nohash_3.wav,0.009717
C:\Users\miker\wake_word_project\data\negative\forward\234d6a48_nohash_3.wav,0.000276
C:\Users\miker\wake_word_project\data\negative\learn\c351e611_nohash_1.wav,0.004946
C:\Users\miker\wake_word_project\data\negative\down\0ea0e2f4_nohash_0.wav,0.001118
C:\Users\miker\wake_word_project\data\negative\five\fb7eb481_nohash_1.wav,0.001572
C:\Users\miker\wake_word_project\data\negative\house\c256377f_nohash_0.wav,0.001448
C:\Users\miker\wake_word_project\data\negative\eight\3b4f8f24_nohash_2.wav,0.007000
C:\Users\miker\wake_word_project\data\negative\up\439c84f4_nohash_3.wav,0.000213
C:\Users\miker\wake_word_project\data\negative\five\7192fddc_nohash_0.wav,0.002680
C:\Users\miker\wake_word_project\data\negative\right\6f9088d7_nohash_0.wav,0.002423
C:\Users\miker\wake_word_project\data\negative\five\884ae8e1_nohash_1.wav,0.000583
C:\Users\miker\wake_word_project\data\negative\seven\40738a2d_nohash_0.wav,0.001937
C:\Users\miker\wake_word_project\data\negative\three\54b6d355_nohash_0.wav,0.000005
C:\Users\miker\wake_word_project\data\negative\bed\ab5d7179_nohash_0.wav,0.002459
C:\Users\miker\wake_word_project\data\negative\left\106a6183_nohash_3.wav,0.001050
C:\Users\miker\wake_word_project\data\negative\two\c351e611_nohash_3.wav,0.001063
C:\Users\miker\wake_word_project\data\negative\seven\ef3367d9_nohash_3.wav,0.001911
C:\Users\miker\wake_word_project\data\negative\eight\ec989d6d_nohash_4.wav,0.000948
C:\Users\miker\wake_word_project\data\negative\one\af790082_nohash_3.wav,0.003215
C:\Users\miker\wake_word_project\data\negative\nine\56cd307a_nohash_1.wav,0.005036
C:\Users\miker\wake_word_project\data\negative\off\cfbedff9_nohash_2.wav,0.005025
C:\Users\miker\wake_word_project\data\negative\on\a8cf01bc_nohash_0.wav,0.000107
C:\Users\miker\wake_word_project\data\negative\wow\79903546_nohash_2.wav,0.000779
C:\Users\miker\wake_word_project\data\negative\bed\97ae8b25_nohash_1.wav,0.000727
C:\Users\miker\wake_word_project\data\negative\learn\ff4ed4f3_nohash_2.wav,0.006251
C:\Users\miker\wake_word_project\data\negative\forward\fc3ba625_nohash_0.wav,0.014221
C:\Users\miker\wake_word_project\data\negative\dog\3a33d3a4_nohash_0.wav,0.000645
C:\Users\miker\wake_word_project\data\negative\bed\a04817c2_nohash_0.wav,0.002088
C:\Users\miker\wake_word_project\data\negative\zero\ccfd721c_nohash_0.wav,0.009292
C:\Users\miker\wake_word_project\data\negative\go\8012c69d_nohash_0.wav,0.002391
C:\Users\miker\wake_word_project\data\negative\seven\39833acb_nohash_4.wav,0.018534
C:\Users\miker\wake_word_project\data\negative\marvin\f618568f_nohash_0.wav,0.010320
C:\Users\miker\wake_word_project\data\negative\six\b29f8b23_nohash_2.wav,0.005948
C:\Users\miker\wake_word_project\data\negative\nine\32ad5b65_nohash_0.wav,0.000367
C:\Users\miker\wake_word_project\data\negative\tree\b41a92a3_nohash_1.wav,0.001516
C:\Users\miker\wake_word_project\data\negative\three\fbb2f6cc_nohash_2.wav,0.029845
C:\Users\miker\wake_word_project\data\negative\zero\51f4d5b0_nohash_1.wav,0.003101
C:\Users\miker\wake_word_project\data\negative\marvin\6071a214_nohash_1.wav,0.002279
C:\Users\miker\wake_word_project\data\negative\right\1338a799_nohash_0.wav,0.001005
C:\Users\miker\wake_word_project\data\negative\stop\2b715941_nohash_0.wav,0.000983
C:\Users\miker\wake_word_project\data\negative\two\33246bc2_nohash_0.wav,0.000468
C:\Users\miker\wake_word_project\data\negative\up\422f8cf1_nohash_2.wav,0.002943
C:\Users\miker\wake_word_project\data\negative\seven\96a48d28_nohash_2.wav,0.001223
C:\Users\miker\wake_word_project\data\negative\sheila\528f9242_nohash_2.wav,0.006491
C:\Users\miker\wake_word_project\data\negative\on\b49caed3_nohash_0.wav,0.003877
C:\Users\miker\wake_word_project\data\negative\one\1f3e4139_nohash_1.wav,0.000400
C:\Users\miker\wake_word_project\data\negative\left\6e41a77e_nohash_1.wav,0.000373
C:\Users\miker\wake_word_project\data\negative\six\4a1e736b_nohash_2.wav,0.564867
C:\Users\miker\wake_word_project\data\negative\eight\ec201020_nohash_0.wav,0.000557
C:\Users\miker\wake_word_project\data\negative\zero\6727b579_nohash_2.wav,0.019040
C:\Users\miker\wake_word_project\data\negative\left\87070229_nohash_1.wav,0.002121
C:\Users\miker\wake_word_project\data\negative\follow\90e72357_nohash_0.wav,0.000315
C:\Users\miker\wake_word_project\data\negative\zero\65ec06e5_nohash_0.wav,0.002771
C:\Users\miker\wake_word_project\data\negative\happy\d1453a87_nohash_2.wav,0.017999
C:\Users\miker\wake_word_project\data\negative\go\4c6944d6_nohash_1.wav,0.019830
C:\Users\miker\wake_word_project\data\negative\right\012c8314_nohash_1.wav,0.001408
C:\Users\miker\wake_word_project\data\negative\no\2da58b32_nohash_3.wav,0.000418
C:\Users\miker\wake_word_project\data\negative\learn\bd76a7fd_nohash_1.wav,0.003312
C:\Users\miker\wake_word_project\data\negative\yes\c5a1e46c_nohash_4.wav,0.001679
C:\Users\miker\wake_word_project\data\negative\cat\39833acb_nohash_0.wav,0.006935
C:\Users\miker\wake_word_project\data\negative\five\73f20b00_nohash_1.wav,0.001904
C:\Users\miker\wake_word_project\data\negative\nine\8fce59ff_nohash_0.wav,0.015248
C:\Users\miker\wake_word_project\data\negative\three\0717b9f6_nohash_3.wav,0.004604
C:\Users\miker\wake_word_project\data\negative\five\dae01802_nohash_3.wav,0.001725
C:\Users\miker\wake_word_project\data\negative\seven\bdb26021_nohash_0.wav,0.009551
C:\Users\miker\wake_word_project\data\negative\learn\7fb8d703_nohash_3.wav,0.000833
C:\Users\miker\wake_word_project\data\negative\follow\dae01802_nohash_1.wav,0.001735
C:\Users\miker\wake_word_project\data\negative\up\acfd5b5e_nohash_4.wav,0.000275
C:\Users\miker\wake_word_project\data\negative\up\211ccd2e_nohash_0.wav,0.000096
C:\Users\miker\wake_word_project\data\negative\two\37dca74f_nohash_0.wav,0.002415
C:\Users\miker\wake_word_project\data\negative\zero\97101ef3_nohash_1.wav,0.005341
C:\Users\miker\wake_word_project\data\negative\five\a19452d5_nohash_0.wav,0.000608
C:\Users\miker\wake_word_project\data\negative\five\de89e2ca_nohash_5.wav,0.002587
C:\Users\miker\wake_word_project\data\negative\go\b46e8153_nohash_0.wav,0.000366
C:\Users\miker\wake_word_project\data\negative\eight\67bdbf56_nohash_0.wav,0.000169
C:\Users\miker\wake_word_project\data\negative\bird\d4d898d7_nohash_1.wav,0.000534
C:\Users\miker\wake_word_project\data\negative\left\de6eb27c_nohash_0.wav,0.025963
C:\Users\miker\wake_word_project\data\negative\six\8dc18a75_nohash_3.wav,0.008826
C:\Users\miker\wake_word_project\data\negative\eight\bbf38549_nohash_2.wav,0.002276
C:\Users\miker\wake_word_project\data\negative\on\8a0457c9_nohash_2.wav,0.001707
C:\Users\miker\wake_word_project\data\negative\happy\d91a159e_nohash_1.wav,0.002394
C:\Users\miker\wake_word_project\data\negative\no\1b4c9b89_nohash_3.wav,0.032389
C:\Users\miker\wake_word_project\data\negative\forward\a05a90c1_nohash_0.wav,0.013866
C:\Users\miker\wake_word_project\data\negative\four\91b03183_nohash_3.wav,0.007461
C:\Users\miker\wake_word_project\data\negative\six\20174140_nohash_0.wav,0.000805
C:\Users\miker\wake_word_project\data\negative\up\a42a88ff_nohash_0.wav,0.002224
C:\Users\miker\wake_word_project\data\negative\bird\6c0f6493_nohash_0.wav,0.006091
C:\Users\miker\wake_word_project\data\negative\two\3143fdff_nohash_0.wav,0.000507
C:\Users\miker\wake_word_project\data\negative\left\e10e2cbb_nohash_0.wav,0.000830
C:\Users\miker\wake_word_project\data\negative\nine\3b853f44_nohash_0.wav,0.001425
C:\Users\miker\wake_word_project\data\negative\five\71904de3_nohash_0.wav,0.011695
C:\Users\miker\wake_word_project\data\negative\no\36050ef3_nohash_2.wav,0.002133
C:\Users\miker\wake_word_project\data\negative\on\cb2929ce_nohash_6.wav,0.000902
C:\Users\miker\wake_word_project\data\negative\seven\e11fbc6e_nohash_3.wav,0.007418
C:\Users\miker\wake_word_project\data\negative\five\eb6dab4a_nohash_1.wav,0.001215
C:\Users\miker\wake_word_project\data\negative\seven\b2ae3928_nohash_0.wav,0.004343
C:\Users\miker\wake_word_project\data\negative\left\591d32f3_nohash_0.wav,0.003925
C:\Users\miker\wake_word_project\data\negative\eight\92a9c5e6_nohash_0.wav,0.001566
C:\Users\miker\wake_word_project\data\negative\bed\cc6ee39b_nohash_0.wav,0.001243
C:\Users\miker\wake_word_project\data\negative\off\45864319_nohash_2.wav,0.002230
C:\Users\miker\wake_word_project\data\negative\right\8dc18a75_nohash_2.wav,0.011853
C:\Users\miker\wake_word_project\data\negative\yes\bdd22e4d_nohash_2.wav,0.002653
C:\Users\miker\wake_word_project\data\negative\five\5de8f2f0_nohash_0.wav,0.001696
C:\Users\miker\wake_word_project\data\negative\left\fc3ba625_nohash_0.wav,0.110861
C:\Users\miker\wake_word_project\data\negative\five\b66f4f93_nohash_0.wav,0.002130
C:\Users\miker\wake_word_project\data\negative\backward\57152045_nohash_5.wav,0.018623
C:\Users\miker\wake_word_project\data\negative\wow\85d2ac4b_nohash_0.wav,0.000764
C:\Users\miker\wake_word_project\data\negative\sheila\2aa787cf_nohash_0.wav,0.011301
C:\Users\miker\wake_word_project\data\negative\marvin\afe0b87d_nohash_0.wav,0.003753
C:\Users\miker\wake_word_project\data\negative\tree\13dce503_nohash_0.wav,0.000353
C:\Users\miker\wake_word_project\data\negative\up\94d370bf_nohash_1.wav,0.005066
C:\Users\miker\wake_word_project\data\negative\left\256c0a05_nohash_2.wav,0.020760
C:\Users\miker\wake_word_project\data\negative\one\afbec28d_nohash_0.wav,0.000925
C:\Users\miker\wake_word_project\data\negative\learn\e0c782d5_nohash_2.wav,0.000879
C:\Users\miker\wake_word_project\data\negative\yes\41285056_nohash_3.wav,0.001857
C:\Users\miker\wake_word_project\data\negative\six\86fa2dcd_nohash_0.wav,0.004914
C:\Users\miker\wake_word_project\data\negative\five\69a1a79f_nohash_4.wav,0.001543
C:\Users\miker\wake_word_project\data\negative\zero\bca56796_nohash_0.wav,0.000604
C:\Users\miker\wake_word_project\data\negative\six\370844f7_nohash_0.wav,0.002107
C:\Users\miker\wake_word_project\data\negative\on\97ae8b25_nohash_0.wav,0.002131
C:\Users\miker\wake_word_project\data\negative\nine\1473be6a_nohash_0.wav,0.000144
C:\Users\miker\wake_word_project\data\negative\two\fbdc07bb_nohash_0.wav,0.002031
C:\Users\miker\wake_word_project\data\negative\eight\3cfc6b3a_nohash_3.wav,0.001016
C:\Users\miker\wake_word_project\data\negative\wow\1b18600d_nohash_0.wav,0.000212
C:\Users\miker\wake_word_project\data\negative\bird\c53b335a_nohash_0.wav,0.001658
C:\Users\miker\wake_word_project\data\negative\five\2ad772d6_nohash_1.wav,0.001408
C:\Users\miker\wake_word_project\data\negative\two\a1e71565_nohash_0.wav,0.003573
C:\Users\miker\wake_word_project\data\negative\sheila\7a5530c9_nohash_3.wav,0.005001
C:\Users\miker\wake_word_project\data\negative\eight\679463fc_nohash_4.wav,0.031195
C:\Users\miker\wake_word_project\data\negative\left\96a48d28_nohash_2.wav,0.010009
C:\Users\miker\wake_word_project\data\negative\bed\cb2929ce_nohash_0.wav,0.002846
C:\Users\miker\wake_word_project\data\negative\off\2e75d37a_nohash_2.wav,0.012918
C:\Users\miker\wake_word_project\data\negative\stop\fbb2f6cc_nohash_0.wav,0.001565
C:\Users\miker\wake_word_project\data\negative\go\18e910f4_nohash_4.wav,0.006687
C:\Users\miker\wake_word_project\data\negative\on\b87bdb22_nohash_0.wav,0.000774
C:\Users\miker\wake_word_project\data\negative\nine\b4aa9fef_nohash_1.wav,0.001543
C:\Users\miker\wake_word_project\data\negative\down\9a69672b_nohash_0.wav,0.001126
C:\Users\miker\wake_word_project\data\negative\marvin\6166ae21_nohash_0.wav,0.027747
C:\Users\miker\wake_word_project\data\negative\cat\bbc30633_nohash_0.wav,0.022112
C:\Users\miker\wake_word_project\data\negative\stop\aff582a1_nohash_2.wav,0.000368
C:\Users\miker\wake_word_project\data\negative\four\35c29afe_nohash_0.wav,0.000534
C:\Users\miker\wake_word_project\data\negative\six\d6360b32_nohash_0.wav,0.008696
C:\Users\miker\wake_word_project\data\negative\seven\72242187_nohash_3.wav,0.002343
C:\Users\miker\wake_word_project\data\negative\go\264f471d_nohash_0.wav,0.000641
C:\Users\miker\wake_word_project\data\negative\zero\234d6a48_nohash_4.wav,0.001159
C:\Users\miker\wake_word_project\data\negative\yes\b49caed3_nohash_0.wav,0.072005
C:\Users\miker\wake_word_project\data\negative\house\e4ed81a1_nohash_0.wav,0.001363
C:\Users\miker\wake_word_project\data\negative\four\3a70ab7f_nohash_2.wav,0.003958
C:\Users\miker\wake_word_project\data\negative\bed\a902ce9b_nohash_0.wav,0.000484
C:\Users\miker\wake_word_project\data\negative\down\437455be_nohash_2.wav,0.001168
C:\Users\miker\wake_word_project\data\negative\seven\d2eae23d_nohash_1.wav,0.001930
C:\Users\miker\wake_word_project\data\negative\on\b5552931_nohash_1.wav,0.001291
C:\Users\miker\wake_word_project\data\negative\two\9a69672b_nohash_0.wav,0.000542
C:\Users\miker\wake_word_project\data\negative\two\65846c5f_nohash_0.wav,0.000561
C:\Users\miker\wake_word_project\data\negative\down\679463fc_nohash_3.wav,0.000435
C:\Users\miker\wake_word_project\data\negative\right\f5d09ebd_nohash_1.wav,0.001524
C:\Users\miker\wake_word_project\data\negative\no\ee1d8d49_nohash_3.wav,0.011801
C:\Users\miker\wake_word_project\data\negative\four\30276d03_nohash_1.wav,0.076565
C:\Users\miker\wake_word_project\data\negative\right\380abbad_nohash_0.wav,0.000700
C:\Users\miker\wake_word_project\data\negative\left\e9bc5cc2_nohash_2.wav,0.001127
C:\Users\miker\wake_word_project\data\negative\stop\8335f893_nohash_1.wav,0.007289
C:\Users\miker\wake_word_project\data\negative\stop\94d370bf_nohash_3.wav,0.000397
C:\Users\miker\wake_word_project\data\negative\right\f4386675_nohash_0.wav,0.000798
C:\Users\miker\wake_word_project\data\negative\cat\cc592808_nohash_0.wav,0.001627
C:\Users\miker\wake_word_project\data\negative\two\3b195250_nohash_0.wav,0.000386
C:\Users\miker\wake_word_project\data\negative\nine\cdee383b_nohash_2.wav,0.001020
C:\Users\miker\wake_word_project\data\negative\off\0b09edd3_nohash_1.wav,0.000369
C:\Users\miker\wake_word_project\data\negative\up\f0522ff4_nohash_1.wav,0.000828
C:\Users\miker\wake_word_project\data\negative\on\18ffa72d_nohash_1.wav,0.008740
C:\Users\miker\wake_word_project\data\negative\no\1b42b551_nohash_4.wav,0.007953
C:\Users\miker\wake_word_project\data\negative\no\aba19127_nohash_2.wav,0.000758
C:\Users\miker\wake_word_project\data\negative\no\3589bc72_nohash_1.wav,0.001234
C:\Users\miker\wake_word_project\data\negative\backward\f798ac78_nohash_2.wav,0.019699
C:\Users\miker\wake_word_project\data\negative\learn\6969e51a_nohash_1.wav,0.004102
C:\Users\miker\wake_word_project\data\negative\nine\460209ac_nohash_0.wav,0.000079
C:\Users\miker\wake_word_project\data\negative\nine\8056e897_nohash_0.wav,0.024532
C:\Users\miker\wake_word_project\data\negative\left\96a48d28_nohash_3.wav,0.008534
C:\Users\miker\wake_word_project\data\negative\on\b5cf6ea8_nohash_4.wav,0.002643
C:\Users\miker\wake_word_project\data\negative\six\14df1e28_nohash_0.wav,0.003362
C:\Users\miker\wake_word_project\data\negative\down\6982fc2a_nohash_0.wav,0.001732
C:\Users\miker\wake_word_project\data\negative\four\ee4a907f_nohash_0.wav,0.000663
C:\Users\miker\wake_word_project\data\negative\on\ab71c9a7_nohash_0.wav,0.016129
C:\Users\miker\wake_word_project\data\negative\wow\b11a05d2_nohash_0.wav,0.001538
C:\Users\miker\wake_word_project\data\negative\off\ace072ba_nohash_0.wav,0.000977
C:\Users\miker\wake_word_project\data\negative\zero\dc269564_nohash_0.wav,0.004055
C:\Users\miker\wake_word_project\data\negative\on\9a8d8d34_nohash_0.wav,0.000024
C:\Users\miker\wake_word_project\data\negative\learn\c68b2763_nohash_0.wav,0.000112
C:\Users\miker\wake_word_project\data\negative\five\f44f440f_nohash_1.wav,0.000298
C:\Users\miker\wake_word_project\data\negative\zero\eeaf97c3_nohash_4.wav,0.000162
C:\Users\miker\wake_word_project\data\negative\visual\da040491_nohash_4.wav,0.007527
C:\Users\miker\wake_word_project\data\negative\off\f45fcf9a_nohash_1.wav,0.002612
C:\Users\miker\wake_word_project\data\negative\visual\eaa83485_nohash_1.wav,0.000636
C:\Users\miker\wake_word_project\data\negative\off\9f93e408_nohash_0.wav,0.016450
C:\Users\miker\wake_word_project\data\negative\five\2bfe70ef_nohash_0.wav,0.002685
C:\Users\miker\wake_word_project\data\negative\six\f68160c0_nohash_2.wav,0.002059
C:\Users\miker\wake_word_project\data\negative\down\5d9bb361_nohash_0.wav,0.002352
C:\Users\miker\wake_word_project\data\negative\five\4e6902d0_nohash_1.wav,0.000443
C:\Users\miker\wake_word_project\data\negative\four\aa80f517_nohash_3.wav,0.000375
C:\Users\miker\wake_word_project\data\negative\left\66aa0f29_nohash_0.wav,0.076446
C:\Users\miker\wake_word_project\data\negative\one\b4ea0d9a_nohash_5.wav,0.000638
C:\Users\miker\wake_word_project\data\negative\seven\692a88e6_nohash_2.wav,0.021378
C:\Users\miker\wake_word_project\data\negative\marvin\ef77b778_nohash_0.wav,0.002327
C:\Users\miker\wake_word_project\data\negative\stop\171edea9_nohash_1.wav,0.001275
C:\Users\miker\wake_word_project\data\negative\yes\52162b51_nohash_2.wav,0.003051
C:\Users\miker\wake_word_project\data\negative\no\513aeddf_nohash_2.wav,0.000166
C:\Users\miker\wake_word_project\data\negative\down\71d0ded4_nohash_0.wav,0.004164
C:\Users\miker\wake_word_project\data\negative\backward\893705bb_nohash_0.wav,0.005747
C:\Users\miker\wake_word_project\data\negative\off\71d0ded4_nohash_3.wav,0.000589
C:\Users\miker\wake_word_project\data\negative\three\beb458a4_nohash_0.wav,0.010313
C:\Users\miker\wake_word_project\data\negative\off\a1cff772_nohash_3.wav,0.124470
C:\Users\miker\wake_word_project\data\negative\follow\ceef6d96_nohash_0.wav,0.000112
C:\Users\miker\wake_word_project\data\negative\sheila\c90c0105_nohash_1.wav,0.001380
C:\Users\miker\wake_word_project\data\negative\one\3e31dffe_nohash_1.wav,0.002587
C:\Users\miker\wake_word_project\data\negative\up\beb458a4_nohash_4.wav,0.019089
C:\Users\miker\wake_word_project\data\negative\six\508e30ee_nohash_3.wav,0.002968
C:\Users\miker\wake_word_project\data\negative\yes\4c13fe25_nohash_0.wav,0.000995
C:\Users\miker\wake_word_project\data\negative\five\1890e5c3_nohash_0.wav,0.000736
C:\Users\miker\wake_word_project\data\negative\four\5cf1ecce_nohash_2.wav,0.000407
C:\Users\miker\wake_word_project\data\negative\forward\bde0f20a_nohash_0.wav,0.000566
C:\Users\miker\wake_word_project\data\negative\no\86478fab_nohash_0.wav,0.003104
C:\Users\miker\wake_word_project\data\negative\learn\d962e5ac_nohash_0.wav,0.002953
C:\Users\miker\wake_word_project\data\negative\sheila\aa1645d3_nohash_0.wav,0.000210
C:\Users\miker\wake_word_project\data\negative\right\39a12648_nohash_2.wav,0.020997
C:\Users\miker\wake_word_project\data\negative\bird\e7334395_nohash_1.wav,0.000341
C:\Users\miker\wake_word_project\data\negative\left\5e25eeef_nohash_0.wav,0.000038
C:\Users\miker\wake_word_project\data\negative\six\e7ea8b76_nohash_1.wav,0.003431
C:\Users\miker\wake_word_project\data\negative\right\5d4e3bb8_nohash_0.wav,0.006337
C:\Users\miker\wake_word_project\data\negative\six\02ade946_nohash_4.wav,0.001054
C:\Users\miker\wake_word_project\data\negative\wow\9b402bc2_nohash_0.wav,0.001902
C:\Users\miker\wake_word_project\data\negative\one\4cee0c60_nohash_0.wav,0.004017
C:\Users\miker\wake_word_project\data\negative\go\39a12648_nohash_2.wav,0.010663
C:\Users\miker\wake_word_project\data\negative\bed\ec545975_nohash_3.wav,0.000964
C:\Users\miker\wake_word_project\data\negative\zero\779de043_nohash_1.wav,0.004937
C:\Users\miker\wake_word_project\data\negative\backward\30276d03_nohash_2.wav,0.017404
C:\Users\miker\wake_word_project\data\negative\five\a7200079_nohash_3.wav,0.000406
C:\Users\miker\wake_word_project\data\negative\happy\fbb56351_nohash_0.wav,0.000336
C:\Users\miker\wake_word_project\data\negative\left\4c6167ca_nohash_4.wav,0.001605
C:\Users\miker\wake_word_project\data\negative\three\ccb1266b_nohash_0.wav,0.000530
C:\Users\miker\wake_word_project\data\negative\three\ae32324a_nohash_0.wav,0.000262
C:\Users\miker\wake_word_project\data\negative\one\a1e71565_nohash_0.wav,0.001159
C:\Users\miker\wake_word_project\data\negative\eight\ab46af55_nohash_3.wav,0.000680
C:\Users\miker\wake_word_project\data\negative\tree\8b775397_nohash_1.wav,0.004159
C:\Users\miker\wake_word_project\data\negative\two\333784b7_nohash_3.wav,0.000045
C:\Users\miker\wake_word_project\data\negative\off\b91b718c_nohash_0.wav,0.000292
C:\Users\miker\wake_word_project\data\negative\forward\2c5e0347_nohash_0.wav,0.005403
C:\Users\miker\wake_word_project\data\negative\right\43b85b64_nohash_0.wav,0.002734
C:\Users\miker\wake_word_project\data\negative\two\f2a90886_nohash_2.wav,0.001518
C:\Users\miker\wake_word_project\data\negative\three\f2898d06_nohash_4.wav,0.000155
C:\Users\miker\wake_word_project\data\negative\go\ea356919_nohash_0.wav,0.000740
C:\Users\miker\wake_word_project\data\negative\bird\095847e4_nohash_0.wav,0.002216
C:\Users\miker\wake_word_project\data\negative\eight\80f056c0_nohash_1.wav,0.007081
C:\Users\miker\wake_word_project\data\negative\yes\9f93e408_nohash_0.wav,0.025503
C:\Users\miker\wake_word_project\data\negative\house\d8ee4734_nohash_0.wav,0.000619
C:\Users\miker\wake_word_project\data\negative\right\5195f0ec_nohash_0.wav,0.000018
C:\Users\miker\wake_word_project\data\negative\dog\7ab5b8f7_nohash_2.wav,0.006456
C:\Users\miker\wake_word_project\data\negative\stop\5e1b34a6_nohash_0.wav,0.000286
C:\Users\miker\wake_word_project\data\negative\wow\f804cbb3_nohash_0.wav,0.000144
C:\Users\miker\wake_word_project\data\negative\nine\d55aa56c_nohash_0.wav,0.003392
C:\Users\miker\wake_word_project\data\negative\six\c351e611_nohash_0.wav,0.018722
C:\Users\miker\wake_word_project\data\negative\one\e0c782d5_nohash_0.wav,0.001038
C:\Users\miker\wake_word_project\data\negative\six\3a69f765_nohash_2.wav,0.024782
C:\Users\miker\wake_word_project\data\negative\on\611d2b50_nohash_3.wav,0.002161
C:\Users\miker\wake_word_project\data\negative\happy\b0bad4a9_nohash_0.wav,0.002795
C:\Users\miker\wake_word_project\data\negative\three\5e3b7a84_nohash_0.wav,0.000571
C:\Users\miker\wake_word_project\data\negative\two\e11fbc6e_nohash_3.wav,0.002460
C:\Users\miker\wake_word_project\data\negative\one\be91a00a_nohash_0.wav,0.000117
C:\Users\miker\wake_word_project\data\negative\up\2c6446f7_nohash_0.wav,0.000175
C:\Users\miker\wake_word_project\data\negative\eight\825f450d_nohash_0.wav,0.000254
C:\Users\miker\wake_word_project\data\negative\right\fb7c9b3b_nohash_0.wav,0.000359
C:\Users\miker\wake_word_project\data\negative\wow\30802c5d_nohash_0.wav,0.003911
C:\Users\miker\wake_word_project\data\negative\six\953fe1ad_nohash_2.wav,0.007434
C:\Users\miker\wake_word_project\data\negative\bed\56eab10e_nohash_3.wav,0.002308
C:\Users\miker\wake_word_project\data\negative\happy\c885a039_nohash_1.wav,0.004927
C:\Users\miker\wake_word_project\data\negative\five\ede2f4ee_nohash_0.wav,0.000435
C:\Users\miker\wake_word_project\data\negative\six\c86d4fd4_nohash_0.wav,0.002897
C:\Users\miker\wake_word_project\data\negative\cat\f30285c8_nohash_0.wav,0.000094
C:\Users\miker\wake_word_project\data\negative\five\62605293_nohash_0.wav,0.000254
C:\Users\miker\wake_word_project\data\negative\left\f8f60f59_nohash_3.wav,0.000449
C:\Users\miker\wake_word_project\data\negative\one\37fc5d97_nohash_0.wav,0.002729
C:\Users\miker\wake_word_project\data\negative\up\24632875_nohash_2.wav,0.001151
C:\Users\miker\wake_word_project\data\negative\five\0b7ee1a0_nohash_4.wav,0.006971
C:\Users\miker\wake_word_project\data\negative\nine\b4aa9fef_nohash_0.wav,0.001136
C:\Users\miker\wake_word_project\data\negative\five\f0ebef1b_nohash_1.wav,0.000405
C:\Users\miker\wake_word_project\data\negative\cat\9c24bc76_nohash_0.wav,0.000411
C:\Users\miker\wake_word_project\data\negative\house\92b2bf59_nohash_0.wav,0.000898
C:\Users\miker\wake_word_project\data\negative\nine\ceef6d96_nohash_1.wav,0.000311
C:\Users\miker\wake_word_project\data\negative\off\cc3b5b62_nohash_1.wav,0.002075
C:\Users\miker\wake_word_project\data\negative\three\ab76ac76_nohash_0.wav,0.007129
C:\Users\miker\wake_word_project\data\negative\nine\a8cf01bc_nohash_3.wav,0.000201
C:\Users\miker\wake_word_project\data\negative\cat\53fd1780_nohash_2.wav,0.000280
C:\Users\miker\wake_word_project\data\negative\learn\e11fbc6e_nohash_2.wav,0.000718
C:\Users\miker\wake_word_project\data\negative\left\01648c51_nohash_0.wav,0.001605
C:\Users\miker\wake_word_project\data\negative\seven\9151f184_nohash_3.wav,0.002715
C:\Users\miker\wake_word_project\data\negative\three\c0445658_nohash_0.wav,0.000075
C:\Users\miker\wake_word_project\data\negative\down\0d6d7360_nohash_3.wav,0.000764
C:\Users\miker\wake_word_project\data\negative\seven\08ab231c_nohash_2.wav,0.010520
C:\Users\miker\wake_word_project\data\negative\four\29229c21_nohash_4.wav,0.001351
C:\Users\miker\wake_word_project\data\negative\yes\adc216c5_nohash_0.wav,0.001528
C:\Users\miker\wake_word_project\data\negative\three\5ebc1cda_nohash_0.wav,0.000765
C:\Users\miker\wake_word_project\data\negative\forward\85851131_nohash_2.wav,0.003221
C:\Users\miker\wake_word_project\data\negative\yes\9f869f70_nohash_0.wav,0.001484
C:\Users\miker\wake_word_project\data\negative\stop\5bf1f1cb_nohash_0.wav,0.000128
C:\Users\miker\wake_word_project\data\negative\yes\3589bc72_nohash_0.wav,0.005961
C:\Users\miker\wake_word_project\data\negative\follow\25e95412_nohash_3.wav,0.000251
C:\Users\miker\wake_word_project\data\negative\sheila\0227998e_nohash_0.wav,0.015199
C:\Users\miker\wake_word_project\data\negative\left\db24628d_nohash_2.wav,0.002727
C:\Users\miker\wake_word_project\data\negative\two\d962e5ac_nohash_2.wav,0.000582
C:\Users\miker\wake_word_project\data\negative\zero\be7a5b2d_nohash_1.wav,0.002729
C:\Users\miker\wake_word_project\data\negative\left\54aecbd5_nohash_2.wav,0.000760
C:\Users\miker\wake_word_project\data\negative\house\80b8eab4_nohash_0.wav,0.000959
C:\Users\miker\wake_word_project\data\negative\two\dc6e9c04_nohash_0.wav,0.000231
C:\Users\miker\wake_word_project\data\negative\up\4c7c95de_nohash_1.wav,0.002250
C:\Users\miker\wake_word_project\data\negative\two\f5e5e8b0_nohash_1.wav,0.000968
C:\Users\miker\wake_word_project\data\negative\down\b4ea0d9a_nohash_6.wav,0.000708
C:\Users\miker\wake_word_project\data\negative\seven\b69fe0e2_nohash_4.wav,0.000626
C:\Users\miker\wake_word_project\data\negative\six\bbf38549_nohash_2.wav,0.006287
C:\Users\miker\wake_word_project\data\negative\nine\8281a2a8_nohash_4.wav,0.001034
C:\Users\miker\wake_word_project\data\negative\bed\0227998e_nohash_0.wav,0.008334
C:\Users\miker\wake_word_project\data\negative\five\189cbabe_nohash_2.wav,0.018833
C:\Users\miker\wake_word_project\data\negative\seven\2dcb6848_nohash_0.wav,0.002372
C:\Users\miker\wake_word_project\data\negative\learn\27c24504_nohash_3.wav,0.001627
C:\Users\miker\wake_word_project\data\negative\no\3777c08e_nohash_1.wav,0.001658
C:\Users\miker\wake_word_project\data\negative\zero\11321027_nohash_1.wav,0.006048
C:\Users\miker\wake_word_project\data\negative\right\0717b9f6_nohash_0.wav,0.003069
C:\Users\miker\wake_word_project\data\negative\nine\20d779bf_nohash_0.wav,0.012266
C:\Users\miker\wake_word_project\data\negative\five\ef2578c0_nohash_3.wav,0.002124
C:\Users\miker\wake_word_project\data\negative\down\e7ea8b76_nohash_2.wav,0.000451
C:\Users\miker\wake_word_project\data\negative\go\017c4098_nohash_3.wav,0.000157
C:\Users\miker\wake_word_project\data\negative\right\b0f5b16d_nohash_0.wav,0.002372
C:\Users\miker\wake_word_project\data\negative\go\1e412fac_nohash_0.wav,0.004200
C:\Users\miker\wake_word_project\data\negative\forward\f2898d06_nohash_4.wav,0.000640
C:\Users\miker\wake_word_project\data\negative\zero\9b402bc2_nohash_0.wav,0.003181
C:\Users\miker\wake_word_project\data\negative\sheila\fb7cfe0e_nohash_0.wav,0.012793
C:\Users\miker\wake_word_project\data\negative\stop\dae01802_nohash_1.wav,0.001458
C:\Users\miker\wake_word_project\data\negative\up\026290a7_nohash_0.wav,0.000434
C:\Users\miker\wake_word_project\data\negative\seven\6bf5baf3_nohash_2.wav,0.003521
C:\Users\miker\wake_word_project\data\negative\seven\a583c5b0_nohash_1.wav,0.002191
C:\Users\miker\wake_word_project\data\negative\up\ce49cb60_nohash_0.wav,0.000523
C:\Users\miker\wake_word_project\data\negative\sheila\7e6bd776_nohash_0.wav,0.001852
C:\Users\miker\wake_word_project\data\negative\up\74241b28_nohash_3.wav,0.000861
C:\Users\miker\wake_word_project\data\negative\yes\54ad8f22_nohash_3.wav,0.006215
C:\Users\miker\wake_word_project\data\negative\zero\d1a17cbe_nohash_1.wav,0.005558
C:\Users\miker\wake_word_project\data\negative\eight\4def68db_nohash_1.wav,0.001329
C:\Users\miker\wake_word_project\data\negative\off\baeac2ba_nohash_1.wav,0.000212
C:\Users\miker\wake_word_project\data\negative\one\3291330e_nohash_4.wav,0.000724
C:\Users\miker\wake_word_project\data\negative\down\08ab8082_nohash_0.wav,0.000488
C:\Users\miker\wake_word_project\data\negative\eight\64f83f0e_nohash_1.wav,0.000727
C:\Users\miker\wake_word_project\data\negative\eight\e54a0f16_nohash_2.wav,0.006256
C:\Users\miker\wake_word_project\data\negative\bed\533c6564_nohash_0.wav,0.000333
C:\Users\miker\wake_word_project\data\negative\one\d9aa8c90_nohash_2.wav,0.000113
C:\Users\miker\wake_word_project\data\negative\nine\62ccd358_nohash_0.wav,0.000634
C:\Users\miker\wake_word_project\data\negative\up\113b3fbc_nohash_3.wav,0.001786
C:\Users\miker\wake_word_project\data\negative\nine\ddedba85_nohash_0.wav,0.000188
C:\Users\miker\wake_word_project\data\negative\five\28ce0c58_nohash_2.wav,0.000421
C:\Users\miker\wake_word_project\data\negative\on\96c67073_nohash_0.wav,0.003622
C:\Users\miker\wake_word_project\data\negative\stop\5170b77f_nohash_1.wav,0.002555
C:\Users\miker\wake_word_project\data\negative\yes\954f190f_nohash_1.wav,0.015087
C:\Users\miker\wake_word_project\data\negative\nine\2c6d3924_nohash_0.wav,0.000641
C:\Users\miker\wake_word_project\data\negative\follow\9e92ef0c_nohash_1.wav,0.000406
C:\Users\miker\wake_word_project\data\negative\up\bbf38549_nohash_0.wav,0.000836
C:\Users\miker\wake_word_project\data\negative\left\74241b28_nohash_2.wav,0.046847
C:\Users\miker\wake_word_project\data\negative\bird\0f7266cf_nohash_0.wav,0.000319
C:\Users\miker\wake_word_project\data\negative\wow\e2286c18_nohash_0.wav,0.003283
C:\Users\miker\wake_word_project\data\negative\eight\78030270_nohash_0.wav,0.001185
C:\Users\miker\wake_word_project\data\negative\go\28ce0c58_nohash_2.wav,0.001175
C:\Users\miker\wake_word_project\data\negative\eight\cce7416f_nohash_6.wav,0.045707
C:\Users\miker\wake_word_project\data\negative\up\2bfe70ef_nohash_0.wav,0.000986
C:\Users\miker\wake_word_project\data\negative\five\4254621e_nohash_0.wav,0.001704
C:\Users\miker\wake_word_project\data\negative\go\4abb2400_nohash_0.wav,0.002644
C:\Users\miker\wake_word_project\data\negative\left\8f447c3e_nohash_0.wav,0.018867
C:\Users\miker\wake_word_project\data\negative\eight\b528edb3_nohash_1.wav,0.000363
C:\Users\miker\wake_word_project\data\negative\eight\db24628d_nohash_0.wav,0.000794
C:\Users\miker\wake_word_project\data\negative\down\1b88bf70_nohash_0.wav,0.000561
C:\Users\miker\wake_word_project\data\negative\off\fbb2f6cc_nohash_3.wav,0.091605
C:\Users\miker\wake_word_project\data\negative\up\0f7266cf_nohash_1.wav,0.000525
C:\Users\miker\wake_word_project\data\negative\yes\902258bb_nohash_0.wav,0.002819
C:\Users\miker\wake_word_project\data\negative\eight\38d78313_nohash_2.wav,0.002553
C:\Users\miker\wake_word_project\data\negative\down\15dd287d_nohash_1.wav,0.001643
C:\Users\miker\wake_word_project\data\negative\bed\679463fc_nohash_0.wav,0.001107
C:\Users\miker\wake_word_project\data\negative\yes\ee4a907f_nohash_0.wav,0.000119
C:\Users\miker\wake_word_project\data\negative\right\0132a06d_nohash_1.wav,0.001307
C:\Users\miker\wake_word_project\data\negative\yes\5f5eef60_nohash_4.wav,0.004014
C:\Users\miker\wake_word_project\data\negative\on\35d1b6ee_nohash_4.wav,0.001270
C:\Users\miker\wake_word_project\data\negative\bird\ec32860c_nohash_1.wav,0.000065
C:\Users\miker\wake_word_project\data\negative\four\3e2ba5f7_nohash_0.wav,0.000502
C:\Users\miker\wake_word_project\data\negative\eight\179a61b7_nohash_0.wav,0.007020
C:\Users\miker\wake_word_project\data\negative\bird\5104f2f4_nohash_0.wav,0.045729
C:\Users\miker\wake_word_project\data\negative\zero\890cc926_nohash_0.wav,0.022733
C:\Users\miker\wake_word_project\data\negative\tree\ffbb695d_nohash_0.wav,0.000398
C:\Users\miker\wake_word_project\data\negative\seven\0474c92a_nohash_0.wav,0.003166
C:\Users\miker\wake_word_project\data\negative\stop\2a1f4853_nohash_2.wav,0.000026
C:\Users\miker\wake_word_project\data\negative\cat\fe5c4a7a_nohash_0.wav,0.000384
C:\Users\miker\wake_word_project\data\negative\one\8335f893_nohash_0.wav,0.003160
C:\Users\miker\wake_word_project\data\negative\eight\7cf14c54_nohash_0.wav,0.003621
C:\Users\miker\wake_word_project\data\negative\happy\5f814c23_nohash_0.wav,0.000772
C:\Users\miker\wake_word_project\data\negative\bird\f68160c0_nohash_0.wav,0.001516
C:\Users\miker\wake_word_project\data\negative\dog\71aa5b54_nohash_0.wav,0.000175
C:\Users\miker\wake_word_project\data\negative\two\42a99aec_nohash_0.wav,0.001004
C:\Users\miker\wake_word_project\data\negative\backward\ceef6d96_nohash_1.wav,0.009718
C:\Users\miker\wake_word_project\data\negative\yes\44bc77f7_nohash_1.wav,0.001162
C:\Users\miker\wake_word_project\data\negative\down\b91b718c_nohash_1.wav,0.000689
C:\Users\miker\wake_word_project\data\negative\zero\2a1f4853_nohash_2.wav,0.013812
C:\Users\miker\wake_word_project\data\negative\eight\a7acbbeb_nohash_3.wav,0.000567
C:\Users\miker\wake_word_project\data\negative\stop\74241b28_nohash_0.wav,0.019633
C:\Users\miker\wake_word_project\data\negative\six\f9f9751d_nohash_0.wav,0.001445
C:\Users\miker\wake_word_project\data\negative\four\61abbf52_nohash_2.wav,0.009806
C:\Users\miker\wake_word_project\data\negative\two\5fadb538_nohash_0.wav,0.001328
C:\Users\miker\wake_word_project\data\negative\bird\1746d7b6_nohash_1.wav,0.000316
C:\Users\miker\wake_word_project\data\negative\down\88f8a99c_nohash_0.wav,0.003662
C:\Users\miker\wake_word_project\data\negative\five\5f8097e1_nohash_0.wav,0.000284
C:\Users\miker\wake_word_project\data\negative\yes\00f0204f_nohash_2.wav,0.008324
C:\Users\miker\wake_word_project\data\negative\house\da8fa823_nohash_1.wav,0.001568
C:\Users\miker\wake_word_project\data\negative\six\b97c9f77_nohash_4.wav,0.033194
C:\Users\miker\wake_word_project\data\negative\nine\61482e52_nohash_0.wav,0.000765
C:\Users\miker\wake_word_project\data\negative\nine\8769c34c_nohash_0.wav,0.002092
C:\Users\miker\wake_word_project\data\negative\five\d9aa8c90_nohash_1.wav,0.000028
C:\Users\miker\wake_word_project\data\negative\right\982babaf_nohash_2.wav,0.003300
C:\Users\miker\wake_word_project\data\negative\zero\1fc04a13_nohash_2.wav,0.003020
C:\Users\miker\wake_word_project\data\negative\visual\e9bc5cc2_nohash_4.wav,0.000224
C:\Users\miker\wake_word_project\data\negative\stop\d5b963aa_nohash_1.wav,0.001142
C:\Users\miker\wake_word_project\data\negative\go\ce9410da_nohash_0.wav,0.000348
C:\Users\miker\wake_word_project\data\negative\right\bbc30633_nohash_1.wav,0.165418
C:\Users\miker\wake_word_project\data\negative\six\63f7a489_nohash_4.wav,0.015718
C:\Users\miker\wake_word_project\data\negative\dog\93b62ffd_nohash_0.wav,0.000413
C:\Users\miker\wake_word_project\data\negative\down\cb72dfb6_nohash_3.wav,0.004683
C:\Users\miker\wake_word_project\data\negative\six\ad63d93c_nohash_0.wav,0.017027
C:\Users\miker\wake_word_project\data\negative\yes\92521ccc_nohash_1.wav,0.006211
C:\Users\miker\wake_word_project\data\negative\bed\1890e5c3_nohash_0.wav,0.000730
C:\Users\miker\wake_word_project\data\negative\seven\8931f494_nohash_0.wav,0.002964
C:\Users\miker\wake_word_project\data\negative\four\f9643d42_nohash_1.wav,0.000618
C:\Users\miker\wake_word_project\data\negative\up\ef3367d9_nohash_2.wav,0.000149
C:\Users\miker\wake_word_project\data\negative\four\189cbabe_nohash_4.wav,0.010921
C:\Users\miker\wake_word_project\data\negative\learn\3108acca_nohash_1.wav,0.000257
C:\Users\miker\wake_word_project\data\negative\follow\9151f184_nohash_0.wav,0.005922
C:\Users\miker\wake_word_project\data\negative\yes\3f45a0cf_nohash_2.wav,0.002786
C:\Users\miker\wake_word_project\data\negative\seven\caedb73a_nohash_1.wav,0.001722
C:\Users\miker\wake_word_project\data\negative\backward\5769c5ab_nohash_4.wav,0.007278
C:\Users\miker\wake_word_project\data\negative\visual\a293e285_nohash_0.wav,0.005926
C:\Users\miker\wake_word_project\data\negative\down\c948d727_nohash_0.wav,0.006761
C:\Users\miker\wake_word_project\data\negative\four\df1d5024_nohash_0.wav,0.001553
C:\Users\miker\wake_word_project\data\negative\right\b665723d_nohash_0.wav,0.004197
C:\Users\miker\wake_word_project\data\negative\up\aa80f517_nohash_3.wav,0.003129
C:\Users\miker\wake_word_project\data\negative\one\b5552931_nohash_1.wav,0.000642
C:\Users\miker\wake_word_project\data\negative\nine\ff63ab0b_nohash_1.wav,0.001580
C:\Users\miker\wake_word_project\data\negative\up\4e99c1b7_nohash_0.wav,0.098869
C:\Users\miker\wake_word_project\data\negative\stop\0a2b400e_nohash_3.wav,0.004480
C:\Users\miker\wake_word_project\data\negative\forward\ac9dee0e_nohash_1.wav,0.001664
C:\Users\miker\wake_word_project\data\negative\on\8134f43f_nohash_0.wav,0.011215
C:\Users\miker\wake_word_project\data\negative\two\7c1d8533_nohash_4.wav,0.006349
C:\Users\miker\wake_word_project\data\negative\eight\11860c84_nohash_2.wav,0.000042
C:\Users\miker\wake_word_project\data\negative\forward\4c6167ca_nohash_3.wav,0.000894
C:\Users\miker\wake_word_project\data\negative\no\7117fb6d_nohash_1.wav,0.002971
C:\Users\miker\wake_word_project\data\negative\off\f5c3de1b_nohash_1.wav,0.000705
C:\Users\miker\wake_word_project\data\negative\four\e11fbc6e_nohash_1.wav,0.001594
C:\Users\miker\wake_word_project\data\negative\seven\0d2bcf9d_nohash_1.wav,0.003899
C:\Users\miker\wake_word_project\data\negative\go\54ad8f22_nohash_3.wav,0.003775
C:\Users\miker\wake_word_project\data\negative\off\61abbf52_nohash_3.wav,0.049823
C:\Users\miker\wake_word_project\data\negative\yes\82305c3a_nohash_1.wav,0.002403
C:\Users\miker\wake_word_project\data\negative\left\caedb73a_nohash_0.wav,0.001744
C:\Users\miker\wake_word_project\data\negative\eight\a6f2fd71_nohash_4.wav,0.009738
C:\Users\miker\wake_word_project\data\negative\one\645ed69d_nohash_2.wav,0.000506
C:\Users\miker\wake_word_project\data\negative\eight\2cec1d47_nohash_2.wav,0.001254
C:\Users\miker\wake_word_project\data\negative\seven\39dce8cc_nohash_1.wav,0.000152
C:\Users\miker\wake_word_project\data\negative\five\0f7266cf_nohash_2.wav,0.001726
C:\Users\miker\wake_word_project\data\negative\right\6a1908f8_nohash_0.wav,0.000363
C:\Users\miker\wake_word_project\data\negative\yes\890cc926_nohash_1.wav,0.028737
C:\Users\miker\wake_word_project\data\negative\up\8b775397_nohash_1.wav,0.002742
C:\Users\miker\wake_word_project\data\negative\learn\beb458a4_nohash_4.wav,0.022778
C:\Users\miker\wake_word_project\data\negative\visual\57152045_nohash_1.wav,0.006781
C:\Users\miker\wake_word_project\data\negative\bird\cc8b3228_nohash_0.wav,0.002197
C:\Users\miker\wake_word_project\data\negative\down\39833acb_nohash_0.wav,0.013483
C:\Users\miker\wake_word_project\data\negative\marvin\7e4fa1d8_nohash_0.wav,0.001921
C:\Users\miker\wake_word_project\data\negative\right\57b68383_nohash_0.wav,0.000774
C:\Users\miker\wake_word_project\data\negative\eight\5f814c23_nohash_0.wav,0.001995
C:\Users\miker\wake_word_project\data\negative\no\a16013b7_nohash_0.wav,0.000305
C:\Users\miker\wake_word_project\data\negative\learn\54b6d355_nohash_2.wav,0.000010
C:\Users\miker\wake_word_project\data\negative\one\17cc40ee_nohash_0.wav,0.000687
C:\Users\miker\wake_word_project\data\negative\stop\686d030b_nohash_0.wav,0.002177
C:\Users\miker\wake_word_project\data\negative\wow\62641b88_nohash_0.wav,0.000833
C:\Users\miker\wake_word_project\data\negative\left\b87bdb22_nohash_0.wav,0.001414
C:\Users\miker\wake_word_project\data\negative\two\ec989d6d_nohash_1.wav,0.000132
C:\Users\miker\wake_word_project\data\negative\on\a957fef5_nohash_0.wav,0.000610
C:\Users\miker\wake_word_project\data\negative\go\435695e3_nohash_1.wav,0.000777
C:\Users\miker\wake_word_project\data\negative\sheila\aa48c94a_nohash_2.wav,0.005063
C:\Users\miker\wake_word_project\data\negative\off\6071a214_nohash_0.wav,0.002341
C:\Users\miker\wake_word_project\data\negative\learn\f01a0d63_nohash_2.wav,0.004704
C:\Users\miker\wake_word_project\data\negative\on\1acc97de_nohash_2.wav,0.002712
C:\Users\miker\wake_word_project\data\negative\forward\f8ba7c0e_nohash_0.wav,0.001860
C:\Users\miker\wake_word_project\data\negative\zero\d070ea86_nohash_3.wav,0.009350
C:\Users\miker\wake_word_project\data\negative\one\bbd0bbd0_nohash_0.wav,0.000896
C:\Users\miker\wake_word_project\data\negative\two\ac7840d8_nohash_2.wav,0.000579
C:\Users\miker\wake_word_project\data\negative\no\0a196374_nohash_4.wav,0.001158
C:\Users\miker\wake_word_project\data\negative\forward\2aca1e72_nohash_4.wav,0.000956
C:\Users\miker\wake_word_project\data\negative\bed\012187a4_nohash_0.wav,0.016102
C:\Users\miker\wake_word_project\data\negative\two\80b8eab4_nohash_0.wav,0.000586
C:\Users\miker\wake_word_project\data\negative\down\fc3ba625_nohash_3.wav,0.002026
C:\Users\miker\wake_word_project\data\negative\no\fd5ccd39_nohash_0.wav,0.000736
C:\Users\miker\wake_word_project\data\negative\on\71d0ded4_nohash_3.wav,0.001989
C:\Users\miker\wake_word_project\data\negative\seven\525eaa62_nohash_3.wav,0.000910
C:\Users\miker\wake_word_project\data\negative\tree\e9b61425_nohash_2.wav,0.014598
C:\Users\miker\wake_word_project\data\negative\two\95fd5a0f_nohash_0.wav,0.000247
C:\Users\miker\wake_word_project\data\negative\down\52162b51_nohash_2.wav,0.001554
C:\Users\miker\wake_word_project\data\negative\eight\7fb8d703_nohash_2.wav,0.004012
C:\Users\miker\wake_word_project\data\negative\five\4c3cddb8_nohash_3.wav,0.001259
C:\Users\miker\wake_word_project\data\negative\no\f15a354c_nohash_0.wav,0.000963
C:\Users\miker\wake_word_project\data\negative\off\24cab2cb_nohash_0.wav,0.000524
C:\Users\miker\wake_word_project\data\negative\up\3291330e_nohash_2.wav,0.001924
C:\Users\miker\wake_word_project\data\negative\stop\15c563d7_nohash_1.wav,0.002820
C:\Users\miker\wake_word_project\data\negative\down\e0611c84_nohash_0.wav,0.006669
C:\Users\miker\wake_word_project\data\negative\follow\460209ac_nohash_1.wav,0.000667
C:\Users\miker\wake_word_project\data\negative\dog\57b38f48_nohash_0.wav,0.000916
C:\Users\miker\wake_word_project\data\negative\nine\e95c70e2_nohash_0.wav,0.001339
C:\Users\miker\wake_word_project\data\negative\four\5ac04a92_nohash_1.wav,0.002801
C:\Users\miker\wake_word_project\data\negative\nine\144d27ff_nohash_1.wav,0.000516
C:\Users\miker\wake_word_project\data\negative\four\638685f2_nohash_0.wav,0.033545
C:\Users\miker\wake_word_project\data\negative\stop\37e8db82_nohash_0.wav,0.002932
C:\Users\miker\wake_word_project\data\negative\off\42e3f068_nohash_0.wav,0.000949
C:\Users\miker\wake_word_project\data\negative\eight\9f93e408_nohash_0.wav,0.624036
C:\Users\miker\wake_word_project\data\negative\go\85851131_nohash_0.wav,0.002289
C:\Users\miker\wake_word_project\data\negative\off\fb727898_nohash_4.wav,0.003092
C:\Users\miker\wake_word_project\data\negative\visual\a05a90c1_nohash_0.wav,0.027660
C:\Users\miker\wake_word_project\data\negative\right\893705bb_nohash_7.wav,0.003333
C:\Users\miker\wake_word_project\data\negative\house\eefd26f3_nohash_0.wav,0.003966
C:\Users\miker\wake_word_project\data\negative\yes\9ff2d2f4_nohash_1.wav,0.001480
C:\Users\miker\wake_word_project\data\negative\up\da27460c_nohash_2.wav,0.000561
C:\Users\miker\wake_word_project\data\negative\yes\aa753bb9_nohash_0.wav,0.000879
C:\Users\miker\wake_word_project\data\negative\six\ca4912b6_nohash_3.wav,0.003378
C:\Users\miker\wake_word_project\data\negative\stop\2f0ce4d9_nohash_1.wav,0.012210
C:\Users\miker\wake_word_project\data\negative\house\97addd88_nohash_0.wav,0.000901
C:\Users\miker\wake_word_project\data\negative\zero\679463fc_nohash_4.wav,0.007781
C:\Users\miker\wake_word_project\data\negative\zero\c6ee87a7_nohash_4.wav,0.003984
C:\Users\miker\wake_word_project\data\negative\three\eb0676ec_nohash_3.wav,0.056882
C:\Users\miker\wake_word_project\data\negative\off\22296dbe_nohash_0.wav,0.000194
C:\Users\miker\wake_word_project\data\negative\nine\a9b574b3_nohash_0.wav,0.000697
C:\Users\miker\wake_word_project\data\negative\one\bd2db1a5_nohash_0.wav,0.001729
C:\Users\miker\wake_word_project\data\negative\two\3a3ee7ed_nohash_3.wav,0.002755
C:\Users\miker\wake_word_project\data\negative\right\042186b8_nohash_0.wav,0.002441
C:\Users\miker\wake_word_project\data\negative\right\f2e59fea_nohash_3.wav,0.000147
C:\Users\miker\wake_word_project\data\negative\house\f4cae173_nohash_0.wav,0.001285
C:\Users\miker\wake_word_project\data\negative\five\6c429c7b_nohash_1.wav,0.001103
C:\Users\miker\wake_word_project\data\negative\yes\b9db6e42_nohash_0.wav,0.003209
C:\Users\miker\wake_word_project\data\negative\one\0137b3f4_nohash_3.wav,0.000558
C:\Users\miker\wake_word_project\data\negative\eight\99e6cab8_nohash_0.wav,0.000644
C:\Users\miker\wake_word_project\data\negative\right\300384f0_nohash_0.wav,0.001943
C:\Users\miker\wake_word_project\data\negative\right\779de043_nohash_1.wav,0.000613
C:\Users\miker\wake_word_project\data\negative\go\6fca237d_nohash_0.wav,0.000042
C:\Users\miker\wake_word_project\data\negative\three\6124b431_nohash_1.wav,0.003328
C:\Users\miker\wake_word_project\data\negative\five\0227998e_nohash_2.wav,0.006260
C:\Users\miker\wake_word_project\data\negative\bird\1cc80e39_nohash_0.wav,0.000123
C:\Users\miker\wake_word_project\data\negative\wow\7c83c5f6_nohash_0.wav,0.000697
C:\Users\miker\wake_word_project\data\negative\cat\9be15e93_nohash_0.wav,0.000040
C:\Users\miker\wake_word_project\data\negative\dog\91bed2e0_nohash_0.wav,0.000213
C:\Users\miker\wake_word_project\data\negative\right\8134f43f_nohash_0.wav,0.004981
C:\Users\miker\wake_word_project\data\negative\two\a2cc5444_nohash_2.wav,0.003033
C:\Users\miker\wake_word_project\data\negative\bed\eb3f7d82_nohash_0.wav,0.000072
C:\Users\miker\wake_word_project\data\negative\forward\27c24504_nohash_1.wav,0.005143
C:\Users\miker\wake_word_project\data\negative\no\8d5e1dc0_nohash_0.wav,0.001495
C:\Users\miker\wake_word_project\data\negative\stop\8e523821_nohash_2.wav,0.002951
C:\Users\miker\wake_word_project\data\negative\two\acb9db68_nohash_0.wav,0.001978
C:\Users\miker\wake_word_project\data\negative\marvin\682e1687_nohash_1.wav,0.001038
C:\Users\miker\wake_word_project\data\negative\five\9b8a7439_nohash_2.wav,0.002642
C:\Users\miker\wake_word_project\data\negative\left\62605293_nohash_0.wav,0.000593
C:\Users\miker\wake_word_project\data\negative\three\24ed94ab_nohash_0.wav,0.001777
C:\Users\miker\wake_word_project\data\negative\three\30276d03_nohash_0.wav,0.003689
C:\Users\miker\wake_word_project\data\negative\down\b76f6088_nohash_3.wav,0.000551
C:\Users\miker\wake_word_project\data\negative\yes\74241b28_nohash_3.wav,0.003577
C:\Users\miker\wake_word_project\data\negative\down\0a5636ca_nohash_0.wav,0.001636
C:\Users\miker\wake_word_project\data\negative\two\0cb74144_nohash_0.wav,0.001331
C:\Users\miker\wake_word_project\data\negative\yes\2e75d37a_nohash_2.wav,0.002012
C:\Users\miker\wake_word_project\data\negative\seven\3b3d2f59_nohash_1.wav,0.002927
C:\Users\miker\wake_word_project\data\negative\right\479e64cc_nohash_0.wav,0.003055
C:\Users\miker\wake_word_project\data\negative\zero\8625475c_nohash_1.wav,0.081905
C:\Users\miker\wake_word_project\data\negative\one\650daf8e_nohash_0.wav,0.000114
C:\Users\miker\wake_word_project\data\negative\left\14c7b073_nohash_0.wav,0.006527
C:\Users\miker\wake_word_project\data\negative\two\15b0c947_nohash_2.wav,0.017166
C:\Users\miker\wake_word_project\data\negative\right\7e7ca854_nohash_4.wav,0.000209
C:\Users\miker\wake_word_project\data\negative\right\36050ef3_nohash_2.wav,0.003047
C:\Users\miker\wake_word_project\data\negative\right\baeac2ba_nohash_0.wav,0.000312
C:\Users\miker\wake_word_project\data\negative\happy\ef2578c0_nohash_0.wav,0.032329
C:\Users\miker\wake_word_project\data\negative\nine\3a69f765_nohash_0.wav,0.001618
C:\Users\miker\wake_word_project\data\negative\seven\e71a9381_nohash_1.wav,0.008041
C:\Users\miker\wake_word_project\data\negative\sheila\338dacf5_nohash_0.wav,0.002678
C:\Users\miker\wake_word_project\data\negative\bed\57de2379_nohash_1.wav,0.001134
C:\Users\miker\wake_word_project\data\negative\yes\989a2213_nohash_0.wav,0.000610
C:\Users\miker\wake_word_project\data\negative\bird\3b8406c0_nohash_0.wav,0.000719
C:\Users\miker\wake_word_project\data\negative\on\2fee065a_nohash_3.wav,0.000246
C:\Users\miker\wake_word_project\data\negative\eight\7f74626f_nohash_1.wav,0.006358
C:\Users\miker\wake_word_project\data\negative\no\96c67073_nohash_2.wav,0.001508
C:\Users\miker\wake_word_project\data\negative\on\da1d320c_nohash_0.wav,0.002120
C:\Users\miker\wake_word_project\data\negative\left\cc8b3228_nohash_0.wav,0.006106
C:\Users\miker\wake_word_project\data\negative\no\559bc36a_nohash_1.wav,0.003976
C:\Users\miker\wake_word_project\data\negative\on\9aa21fa9_nohash_4.wav,0.000084
C:\Users\miker\wake_word_project\data\negative\one\2bfe70ef_nohash_0.wav,0.001027
C:\Users\miker\wake_word_project\data\negative\bird\833d9f56_nohash_0.wav,0.011005
C:\Users\miker\wake_word_project\data\negative\bird\51f4d5b0_nohash_2.wav,0.001213
C:\Users\miker\wake_word_project\data\negative\follow\f798ac78_nohash_3.wav,0.001085
C:\Users\miker\wake_word_project\data\negative\sheila\d98dd124_nohash_0.wav,0.008616
C:\Users\miker\wake_word_project\data\negative\zero\161fcca8_nohash_0.wav,0.007299
C:\Users\miker\wake_word_project\data\negative\left\65040d9b_nohash_0.wav,0.002235
C:\Users\miker\wake_word_project\data\negative\up\990ebd1f_nohash_0.wav,0.000568
C:\Users\miker\wake_word_project\data\negative\five\f68160c0_nohash_4.wav,0.001107
C:\Users\miker\wake_word_project\data\negative\right\3f45a0cf_nohash_0.wav,0.000605
C:\Users\miker\wake_word_project\data\negative\five\014f9f65_nohash_0.wav,0.003591
C:\Users\miker\wake_word_project\data\negative\left\bbc30633_nohash_3.wav,0.011344
C:\Users\miker\wake_word_project\data\negative\up\eeaf97c3_nohash_1.wav,0.000358
C:\Users\miker\wake_word_project\data\negative\no\c1d39ce8_nohash_4.wav,0.000348
C:\Users\miker\wake_word_project\data\negative\right\1f3e4139_nohash_0.wav,0.001005
C:\Users\miker\wake_word_project\data\negative\yes\98ea0818_nohash_5.wav,0.001955
C:\Users\miker\wake_word_project\data\negative\eight\24befdb3_nohash_1.wav,0.010620
C:\Users\miker\wake_word_project\data\negative\six\578d3efb_nohash_3.wav,0.003742
C:\Users\miker\wake_word_project\data\negative\two\879a2b38_nohash_0.wav,0.000368
C:\Users\miker\wake_word_project\data\negative\two\02746d24_nohash_0.wav,0.000575
C:\Users\miker\wake_word_project\data\negative\sheila\a97017df_nohash_0.wav,0.009475
C:\Users\miker\wake_word_project\data\negative\two\db8a3397_nohash_2.wav,0.000835
C:\Users\miker\wake_word_project\data\negative\seven\dca2797e_nohash_2.wav,0.001165
C:\Users\miker\wake_word_project\data\negative\six\77def3ee_nohash_2.wav,0.001878
C:\Users\miker\wake_word_project\data\negative\one\890cc926_nohash_0.wav,0.008035
C:\Users\miker\wake_word_project\data\negative\one\bdd22e4d_nohash_3.wav,0.000222
C:\Users\miker\wake_word_project\data\negative\six\1e412fac_nohash_0.wav,0.006098
C:\Users\miker\wake_word_project\data\negative\five\b7a6f709_nohash_0.wav,0.000300
C:\Users\miker\wake_word_project\data\negative\cat\c7b4049e_nohash_0.wav,0.000090
C:\Users\miker\wake_word_project\data\negative\no\cfbedff9_nohash_3.wav,0.000623
C:\Users\miker\wake_word_project\data\negative\house\00b01445_nohash_0.wav,0.001552
C:\Users\miker\wake_word_project\data\negative\right\61ab8fbc_nohash_1.wav,0.012710
C:\Users\miker\wake_word_project\data\negative\no\61ab8fbc_nohash_2.wav,0.004196
C:\Users\miker\wake_word_project\data\negative\two\954f190f_nohash_2.wav,0.025527
C:\Users\miker\wake_word_project\data\negative\nine\8b25410a_nohash_3.wav,0.004287
C:\Users\miker\wake_word_project\data\negative\yes\adec6a94_nohash_1.wav,0.000653
C:\Users\miker\wake_word_project\data\negative\learn\64df20d8_nohash_2.wav,0.001278
C:\Users\miker\wake_word_project\data\negative\left\ffb86d3c_nohash_0.wav,0.005731
C:\Users\miker\wake_word_project\data\negative\bird\00f0204f_nohash_3.wav,0.000646
C:\Users\miker\wake_word_project\data\negative\stop\1496195a_nohash_1.wav,0.001071
C:\Users\miker\wake_word_project\data\negative\cat\1816b768_nohash_1.wav,0.000316
C:\Users\miker\wake_word_project\data\negative\eight\ca4912b6_nohash_2.wav,0.002770
C:\Users\miker\wake_word_project\data\negative\nine\ff2b842e_nohash_4.wav,0.000661
C:\Users\miker\wake_word_project\data\negative\nine\67961766_nohash_2.wav,0.008819
C:\Users\miker\wake_word_project\data\negative\wow\b84f83d2_nohash_0.wav,0.000146
C:\Users\miker\wake_word_project\data\negative\six\dae01802_nohash_4.wav,0.001025
C:\Users\miker\wake_word_project\data\negative\bed\ecef25ba_nohash_0.wav,0.001158
C:\Users\miker\wake_word_project\data\negative\yes\a2cc5444_nohash_4.wav,0.007609
C:\Users\miker\wake_word_project\data\negative\three\3e31dffe_nohash_0.wav,0.002834
C:\Users\miker\wake_word_project\data\negative\nine\265bd13a_nohash_0.wav,0.000272
C:\Users\miker\wake_word_project\data\negative\no\7c83c5f6_nohash_2.wav,0.004892
C:\Users\miker\wake_word_project\data\negative\down\bf70feda_nohash_1.wav,0.007996
C:\Users\miker\wake_word_project\data\negative\on\1b755c65_nohash_3.wav,0.000624
C:\Users\miker\wake_word_project\data\negative\nine\48a8a69d_nohash_0.wav,0.003101
C:\Users\miker\wake_word_project\data\negative\nine\b49caed3_nohash_2.wav,0.044028
C:\Users\miker\wake_word_project\data\negative\off\88f8a99c_nohash_0.wav,0.000925
C:\Users\miker\wake_word_project\data\negative\nine\7fb8d703_nohash_3.wav,0.002565
C:\Users\miker\wake_word_project\data\negative\two\0e5193e6_nohash_0.wav,0.001695
C:\Users\miker\wake_word_project\data\negative\go\e57abea3_nohash_0.wav,0.004612
C:\Users\miker\wake_word_project\data\negative\happy\070b49af_nohash_0.wav,0.006379
C:\Users\miker\wake_word_project\data\negative\go\977a3be4_nohash_0.wav,0.001166
C:\Users\miker\wake_word_project\data\negative\tree\21cbe292_nohash_0.wav,0.000478
C:\Users\miker\wake_word_project\data\negative\left\b91b718c_nohash_0.wav,0.000445
C:\Users\miker\wake_word_project\data\negative\stop\25132942_nohash_2.wav,0.000133
C:\Users\miker\wake_word_project\data\negative\down\51f7a034_nohash_2.wav,0.000471
C:\Users\miker\wake_word_project\data\negative\two\f30285c8_nohash_2.wav,0.000555
C:\Users\miker\wake_word_project\data\negative\dog\65d844fc_nohash_0.wav,0.000391
C:\Users\miker\wake_word_project\data\negative\left\772db621_nohash_0.wav,0.007025
C:\Users\miker\wake_word_project\data\negative\eight\51f7a034_nohash_2.wav,0.002410
C:\Users\miker\wake_word_project\data\negative\nine\0a7c2a8d_nohash_2.wav,0.001521
C:\Users\miker\wake_word_project\data\negative\follow\5f9cd2eb_nohash_1.wav,0.001827
C:\Users\miker\wake_word_project\data\negative\bed\78622c2b_nohash_0.wav,0.000634
C:\Users\miker\wake_word_project\data\negative\seven\d312f481_nohash_0.wav,0.001340
C:\Users\miker\wake_word_project\data\negative\marvin\5d4e3bb8_nohash_1.wav,0.002956
C:\Users\miker\wake_word_project\data\negative\bird\9c59dd28_nohash_0.wav,0.000983
C:\Users\miker\wake_word_project\data\negative\one\364f979f_nohash_0.wav,0.000808
C:\Users\miker\wake_word_project\data\negative\tree\db79a764_nohash_0.wav,0.001480
C:\Users\miker\wake_word_project\data\negative\off\e8c3c5ca_nohash_2.wav,0.000814
C:\Users\miker\wake_word_project\data\negative\six\513aeddf_nohash_2.wav,0.034429
C:\Users\miker\wake_word_project\data\negative\seven\11860c84_nohash_0.wav,0.000923
C:\Users\miker\wake_word_project\data\negative\off\db24628d_nohash_0.wav,0.001187
C:\Users\miker\wake_word_project\data\negative\house\34881b10_nohash_0.wav,0.001943
C:\Users\miker\wake_word_project\data\negative\bed\850e2222_nohash_1.wav,0.000134
C:\Users\miker\wake_word_project\data\negative\up\3b3d2f59_nohash_0.wav,0.000626
C:\Users\miker\wake_word_project\data\negative\one\87d5e978_nohash_3.wav,0.001316
C:\Users\miker\wake_word_project\data\negative\six\fc3ba625_nohash_2.wav,0.019669
C:\Users\miker\wake_word_project\data\negative\bed\a3255f5c_nohash_1.wav,0.005381
C:\Users\miker\wake_word_project\data\negative\left\ddedba85_nohash_8.wav,0.000119
C:\Users\miker\wake_word_project\data\negative\no\617de221_nohash_0.wav,0.005808
C:\Users\miker\wake_word_project\data\negative\six\64f83f0e_nohash_0.wav,0.000538
C:\Users\miker\wake_word_project\data\negative\no\c9b5ff26_nohash_2.wav,0.001119
C:\Users\miker\wake_word_project\data\negative\marvin\1fd85ee4_nohash_0.wav,0.000868
C:\Users\miker\wake_word_project\data\negative\six\7d6b4b10_nohash_2.wav,0.021024
C:\Users\miker\wake_word_project\data\negative\down\c1e0e8e3_nohash_3.wav,0.018033
C:\Users\miker\wake_word_project\data\negative\right\25e95412_nohash_3.wav,0.001049
C:\Users\miker\wake_word_project\data\negative\down\d21fd169_nohash_5.wav,0.001729
C:\Users\miker\wake_word_project\data\negative\up\0ff728b5_nohash_0.wav,0.000229
C:\Users\miker\wake_word_project\data\negative\two\88120683_nohash_1.wav,0.000339
C:\Users\miker\wake_word_project\data\negative\four\9886d8bf_nohash_2.wav,0.012873
C:\Users\miker\wake_word_project\data\negative\marvin\f7879738_nohash_0.wav,0.004786
C:\Users\miker\wake_word_project\data\negative\right\ab7b5acd_nohash_0.wav,0.000097
C:\Users\miker\wake_word_project\data\negative\yes\a04817c2_nohash_2.wav,0.001032
C:\Users\miker\wake_word_project\data\negative\two\3e549219_nohash_0.wav,0.000395
C:\Users\miker\wake_word_project\data\negative\nine\1a673010_nohash_0.wav,0.010807
C:\Users\miker\wake_word_project\data\negative\follow\1dc86f91_nohash_1.wav,0.005646
C:\Users\miker\wake_word_project\data\negative\stop\e805a617_nohash_0.wav,0.001176
C:\Users\miker\wake_word_project\data\negative\left\45692b02_nohash_4.wav,0.000364
C:\Users\miker\wake_word_project\data\negative\nine\e53139ad_nohash_3.wav,0.000335
C:\Users\miker\wake_word_project\data\negative\on\605ed0ff_nohash_0.wav,0.000490
C:\Users\miker\wake_word_project\data\negative\four\70a00e98_nohash_2.wav,0.002872
C:\Users\miker\wake_word_project\data\negative\right\73f0c1f7_nohash_0.wav,0.002235
C:\Users\miker\wake_word_project\data\negative\three\a489191a_nohash_2.wav,0.000906
C:\Users\miker\wake_word_project\data\negative\zero\54b6d355_nohash_0.wav,0.000008
C:\Users\miker\wake_word_project\data\negative\dog\fbb2f6cc_nohash_0.wav,0.000581
C:\Users\miker\wake_word_project\data\negative\seven\c120e80e_nohash_3.wav,0.005773
C:\Users\miker\wake_word_project\data\negative\four\df6bd83f_nohash_1.wav,0.000456
C:\Users\miker\wake_word_project\data\negative\learn\ace072ba_nohash_2.wav,0.001517
C:\Users\miker\wake_word_project\data\negative\house\1cc80e39_nohash_0.wav,0.000457
C:\Users\miker\wake_word_project\data\negative\cat\3cc595de_nohash_0.wav,0.000335
C:\Users\miker\wake_word_project\data\negative\left\32ad5b65_nohash_0.wav,0.002492
C:\Users\miker\wake_word_project\data\negative\six\856eb138_nohash_2.wav,0.002158
C:\Users\miker\wake_word_project\data\negative\off\31d31fa0_nohash_0.wav,0.018285
C:\Users\miker\wake_word_project\data\negative\zero\e4be0cf6_nohash_3.wav,0.000766
C:\Users\miker\wake_word_project\data\negative\go\435695e3_nohash_3.wav,0.000452
C:\Users\miker\wake_word_project\data\negative\three\3a929277_nohash_0.wav,0.000891
C:\Users\miker\wake_word_project\data\negative\wow\c578beb0_nohash_0.wav,0.005045
C:\Users\miker\wake_word_project\data\negative\down\95ba4996_nohash_0.wav,0.000444
C:\Users\miker\wake_word_project\data\negative\up\ff2b842e_nohash_0.wav,0.000377
C:\Users\miker\wake_word_project\data\negative\six\ad9de4dd_nohash_0.wav,0.000169
C:\Users\miker\wake_word_project\data\negative\down\ab76ac76_nohash_0.wav,0.001621
C:\Users\miker\wake_word_project\data\negative\stop\1f653d27_nohash_0.wav,0.001351
C:\Users\miker\wake_word_project\data\negative\nine\02ade946_nohash_3.wav,0.000408
C:\Users\miker\wake_word_project\data\negative\house\9e075bf1_nohash_0.wav,0.000199
C:\Users\miker\wake_word_project\data\negative\dog\82b99576_nohash_0.wav,0.005572
C:\Users\miker\wake_word_project\data\negative\six\409c962a_nohash_0.wav,0.005026
C:\Users\miker\wake_word_project\data\negative\zero\c93d5e22_nohash_1.wav,0.000216
C:\Users\miker\wake_word_project\data\negative\seven\9c59dd28_nohash_0.wav,0.001295
C:\Users\miker\wake_word_project\data\negative\on\14775481_nohash_0.wav,0.001975
C:\Users\miker\wake_word_project\data\negative\four\bb05582b_nohash_3.wav,0.003926
C:\Users\miker\wake_word_project\data\negative\zero\a04817c2_nohash_1.wav,0.003448
C:\Users\miker\wake_word_project\data\negative\down\0ba018fc_nohash_2.wav,0.003407
C:\Users\miker\wake_word_project\data\negative\tree\61e50f62_nohash_0.wav,0.001311
C:\Users\miker\wake_word_project\data\negative\left\5c39594f_nohash_3.wav,0.004794
C:\Users\miker\wake_word_project\data\negative\right\b91b718c_nohash_3.wav,0.000590
C:\Users\miker\wake_word_project\data\negative\zero\df1d5024_nohash_4.wav,0.006770
C:\Users\miker\wake_word_project\data\negative\left\499be02e_nohash_1.wav,0.008308
C:\Users\miker\wake_word_project\data\negative\on\435695e3_nohash_1.wav,0.020829
C:\Users\miker\wake_word_project\data\negative\two\20fd451f_nohash_0.wav,0.001003
C:\Users\miker\wake_word_project\data\negative\seven\e2008f39_nohash_0.wav,0.000702
C:\Users\miker\wake_word_project\data\negative\four\61e2f74f_nohash_1.wav,0.000849
C:\Users\miker\wake_word_project\data\negative\off\a04817c2_nohash_0.wav,0.002817
C:\Users\miker\wake_word_project\data\negative\off\3291330e_nohash_0.wav,0.003718
C:\Users\miker\wake_word_project\data\negative\happy\4254621e_nohash_0.wav,0.003202
C:\Users\miker\wake_word_project\data\negative\three\3cdecb0b_nohash_0.wav,0.009575
C:\Users\miker\wake_word_project\data\negative\seven\17c94b23_nohash_0.wav,0.004640
C:\Users\miker\wake_word_project\data\negative\on\f5496439_nohash_1.wav,0.001099
C:\Users\miker\wake_word_project\data\negative\yes\94d370bf_nohash_0.wav,0.016240
C:\Users\miker\wake_word_project\data\negative\sheila\434a267c_nohash_0.wav,0.000645
C:\Users\miker\wake_word_project\data\negative\forward\42f81601_nohash_3.wav,0.008902
C:\Users\miker\wake_word_project\data\negative\bed\650daf8e_nohash_0.wav,0.000208
C:\Users\miker\wake_word_project\data\negative\three\5c39594f_nohash_1.wav,0.001360
C:\Users\miker\wake_word_project\data\negative\up\80b8eab4_nohash_1.wav,0.000169
C:\Users\miker\wake_word_project\data\negative\seven\1dc86f91_nohash_0.wav,0.000042
C:\Users\miker\wake_word_project\data\negative\forward\cb62dbf1_nohash_1.wav,0.003709
C:\Users\miker\wake_word_project\data\negative\six\a1cf7fd8_nohash_2.wav,0.003889
C:\Users\miker\wake_word_project\data\negative\right\8a0457c9_nohash_0.wav,0.001768
C:\Users\miker\wake_word_project\data\negative\four\d430b3cc_nohash_0.wav,0.001884
C:\Users\miker\wake_word_project\data\negative\two\09a7aa2a_nohash_0.wav,0.000235
C:\Users\miker\wake_word_project\data\negative\wow\bbc30633_nohash_0.wav,0.002662
C:\Users\miker\wake_word_project\data\negative\one\70a00e98_nohash_3.wav,0.000834
C:\Users\miker\wake_word_project\data\negative\house\462e1919_nohash_0.wav,0.000713
C:\Users\miker\wake_word_project\data\negative\three\b7e9f841_nohash_0.wav,0.000696
C:\Users\miker\wake_word_project\data\negative\seven\ab00c4b2_nohash_1.wav,0.001102
C:\Users\miker\wake_word_project\data\negative\stop\e4be0cf6_nohash_3.wav,0.000298
C:\Users\miker\wake_word_project\data\negative\yes\c1d39ce8_nohash_8.wav,0.031834
C:\Users\miker\wake_word_project\data\negative\on\4c841771_nohash_0.wav,0.000508
C:\Users\miker\wake_word_project\data\negative\six\3d9200b9_nohash_1.wav,0.000910
C:\Users\miker\wake_word_project\data\negative\visual\bbf38549_nohash_4.wav,0.000800
C:\Users\miker\wake_word_project\data\negative\three\50f55535_nohash_0.wav,0.005375
C:\Users\miker\wake_word_project\data\negative\dog\08ab8082_nohash_1.wav,0.000758
C:\Users\miker\wake_word_project\data\negative\seven\50033893_nohash_0.wav,0.001492
C:\Users\miker\wake_word_project\data\negative\four\6727b579_nohash_2.wav,0.001543
C:\Users\miker\wake_word_project\data\negative\nine\edd8bfe3_nohash_0.wav,0.000400
C:\Users\miker\wake_word_project\data\negative\one\42a99aec_nohash_2.wav,0.001691
C:\Users\miker\wake_word_project\data\negative\five\6f5b4d3d_nohash_1.wav,0.000509
C:\Users\miker\wake_word_project\data\negative\go\c50f55b8_nohash_5.wav,0.005736
C:\Users\miker\wake_word_project\data\negative\five\87eff300_nohash_1.wav,0.000828
C:\Users\miker\wake_word_project\data\negative\yes\022cd682_nohash_0.wav,0.001220
C:\Users\miker\wake_word_project\data\negative\two\dae01802_nohash_4.wav,0.001041
C:\Users\miker\wake_word_project\data\negative\yes\a6f2fd71_nohash_2.wav,0.006081
C:\Users\miker\wake_word_project\data\negative\left\4cee0c60_nohash_1.wav,0.008096
C:\Users\miker\wake_word_project\data\negative\off\7b301939_nohash_0.wav,0.002556
C:\Users\miker\wake_word_project\data\negative\left\f19d1738_nohash_0.wav,0.004956
C:\Users\miker\wake_word_project\data\negative\dog\53578f4e_nohash_0.wav,0.001228
C:\Users\miker\wake_word_project\data\negative\three\96cd0255_nohash_0.wav,0.005659
C:\Users\miker\wake_word_project\data\negative\off\8e05039f_nohash_1.wav,0.003076
C:\Users\miker\wake_word_project\data\negative\house\38c388bc_nohash_1.wav,0.001134
C:\Users\miker\wake_word_project\data\negative\learn\a7216980_nohash_2.wav,0.000936
C:\Users\miker\wake_word_project\data\negative\three\fbb2f6cc_nohash_1.wav,0.011214
C:\Users\miker\wake_word_project\data\negative\five\d9ae8983_nohash_0.wav,0.003192
C:\Users\miker\wake_word_project\data\negative\stop\7014b07e_nohash_0.wav,0.000386
C:\Users\miker\wake_word_project\data\negative\go\a55105d0_nohash_2.wav,0.006671
C:\Users\miker\wake_word_project\data\negative\off\52162b51_nohash_1.wav,0.002998
C:\Users\miker\wake_word_project\data\negative\five\83c9e7e6_nohash_1.wav,0.000264
C:\Users\miker\wake_word_project\data\negative\four\1b4c9b89_nohash_0.wav,0.008691
C:\Users\miker\wake_word_project\data\negative\bed\f9af0887_nohash_1.wav,0.000386
C:\Users\miker\wake_word_project\data\negative\go\f250345e_nohash_0.wav,0.001346
C:\Users\miker\wake_word_project\data\negative\zero\ab5d7179_nohash_0.wav,0.000426
C:\Users\miker\wake_word_project\data\negative\left\acb9db68_nohash_1.wav,0.002672
C:\Users\miker\wake_word_project\data\negative\one\54ad8f22_nohash_0.wav,0.002708
C:\Users\miker\wake_word_project\data\negative\right\0cb74144_nohash_0.wav,0.001652
C:\Users\miker\wake_word_project\data\negative\six\08ab231c_nohash_1.wav,0.006096
C:\Users\miker\wake_word_project\data\negative\on\616420be_nohash_2.wav,0.001101
C:\Users\miker\wake_word_project\data\negative\off\e41a903b_nohash_2.wav,0.001402
C:\Users\miker\wake_word_project\data\negative\tree\0c2d2ffa_nohash_0.wav,0.000308
C:\Users\miker\wake_word_project\data\negative\bird\964e8cfd_nohash_0.wav,0.003520
C:\Users\miker\wake_word_project\data\negative\four\721f767c_nohash_1.wav,0.000783
C:\Users\miker\wake_word_project\data\negative\five\ccfd721c_nohash_2.wav,0.000634
C:\Users\miker\wake_word_project\data\negative\house\936de313_nohash_0.wav,0.001808
C:\Users\miker\wake_word_project\data\negative\five\144d27ff_nohash_4.wav,0.000976
C:\Users\miker\wake_word_project\data\negative\bird\15f04ff8_nohash_0.wav,0.001733
C:\Users\miker\wake_word_project\data\negative\happy\b665723d_nohash_1.wav,0.004991
C:\Users\miker\wake_word_project\data\negative\zero\6969e51a_nohash_0.wav,0.002394
C:\Users\miker\wake_word_project\data\negative\zero\dae01802_nohash_1.wav,0.006667
C:\Users\miker\wake_word_project\data\negative\house\e1936ce8_nohash_1.wav,0.000573
C:\Users\miker\wake_word_project\data\negative\tree\ec74a8a5_nohash_1.wav,0.000748
C:\Users\miker\wake_word_project\data\negative\sheila\74551073_nohash_0.wav,0.007894
C:\Users\miker\wake_word_project\data\negative\follow\ea0cf37f_nohash_1.wav,0.000044
C:\Users\miker\wake_word_project\data\negative\three\ef3367d9_nohash_2.wav,0.023121
C:\Users\miker\wake_word_project\data\negative\visual\5f9cd2eb_nohash_3.wav,0.000458
C:\Users\miker\wake_word_project\data\negative\right\106a6183_nohash_1.wav,0.001711
C:\Users\miker\wake_word_project\data\negative\zero\2927c601_nohash_1.wav,0.002622
C:\Users\miker\wake_word_project\data\negative\bed\7dc50b88_nohash_0.wav,0.000467
C:\Users\miker\wake_word_project\data\negative\cat\c08e5058_nohash_1.wav,0.000352
C:\Users\miker\wake_word_project\data\negative\down\472b8045_nohash_4.wav,0.000125
C:\Users\miker\wake_word_project\data\negative\stop\723efc4c_nohash_0.wav,0.000775
C:\Users\miker\wake_word_project\data\negative\left\39833acb_nohash_2.wav,0.005034
C:\Users\miker\wake_word_project\data\negative\dog\437455be_nohash_1.wav,0.002684
C:\Users\miker\wake_word_project\data\negative\off\5ebc1cda_nohash_4.wav,0.003557
C:\Users\miker\wake_word_project\data\negative\nine\e6327279_nohash_2.wav,0.002064
C:\Users\miker\wake_word_project\data\negative\two\6727b579_nohash_3.wav,0.004631
C:\Users\miker\wake_word_project\data\negative\tree\d7d733d2_nohash_0.wav,0.001305
C:\Users\miker\wake_word_project\data\negative\off\02ade946_nohash_1.wav,0.001057
C:\Users\miker\wake_word_project\data\negative\visual\893705bb_nohash_3.wav,0.001540
C:\Users\miker\wake_word_project\data\negative\five\32ad5b65_nohash_3.wav,0.000720
C:\Users\miker\wake_word_project\data\negative\go\a3fc7884_nohash_1.wav,0.005201
C:\Users\miker\wake_word_project\data\negative\eight\3ae5c04f_nohash_0.wav,0.003855
C:\Users\miker\wake_word_project\data\negative\six\6ace4fe1_nohash_3.wav,0.006324
C:\Users\miker\wake_word_project\data\negative\wow\462e1919_nohash_0.wav,0.000793
C:\Users\miker\wake_word_project\data\negative\right\954f190f_nohash_1.wav,0.001969
C:\Users\miker\wake_word_project\data\negative\eight\893705bb_nohash_8.wav,0.001611
C:\Users\miker\wake_word_project\data\negative\seven\4c6944d6_nohash_2.wav,0.001695
C:\Users\miker\wake_word_project\data\negative\two\25e95412_nohash_3.wav,0.000062
C:\Users\miker\wake_word_project\data\negative\six\beb458a4_nohash_2.wav,0.004165
C:\Users\miker\wake_word_project\data\negative\seven\6904f0cb_nohash_0.wav,0.001433
C:\Users\miker\wake_word_project\data\negative\happy\4c594e0f_nohash_0.wav,0.002163
C:\Users\miker\wake_word_project\data\negative\right\70a00e98_nohash_3.wav,0.001873
C:\Users\miker\wake_word_project\data\negative\down\8523766b_nohash_0.wav,0.012644
C:\Users\miker\wake_word_project\data\negative\go\b528edb3_nohash_4.wav,0.000906
C:\Users\miker\wake_word_project\data\negative\stop\637c702a_nohash_1.wav,0.001387
C:\Users\miker\wake_word_project\data\negative\eight\9a76f8c3_nohash_2.wav,0.003616
C:\Users\miker\wake_word_project\data\negative\yes\e0c782d5_nohash_3.wav,0.000472
C:\Users\miker\wake_word_project\data\negative\zero\f5e5e8b0_nohash_0.wav,0.003409
C:\Users\miker\wake_word_project\data\negative\six\de89e2ca_nohash_6.wav,0.003820
C:\Users\miker\wake_word_project\data\negative\wow\71f6fed7_nohash_0.wav,0.000110
C:\Users\miker\wake_word_project\data\negative\no\c71e3acc_nohash_0.wav,0.000185
C:\Users\miker\wake_word_project\data\negative\zero\f01a0d63_nohash_2.wav,0.001511
C:\Users\miker\wake_word_project\data\negative\yes\14775481_nohash_1.wav,0.001923
C:\Users\miker\wake_word_project\data\negative\wow\d9ae8983_nohash_0.wav,0.001374
C:\Users\miker\wake_word_project\data\negative\go\a293e285_nohash_0.wav,0.000609
C:\Users\miker\wake_word_project\data\negative\off\ec21c46b_nohash_2.wav,0.000618
C:\Users\miker\wake_word_project\data\negative\five\525eaa62_nohash_3.wav,0.000985
C:\Users\miker\wake_word_project\data\negative\eight\0d82fd99_nohash_1.wav,0.002347
C:\Users\miker\wake_word_project\data\negative\follow\d394ef8e_nohash_1.wav,0.000898
C:\Users\miker\wake_word_project\data\negative\four\dff327c5_nohash_0.wav,0.001252
C:\Users\miker\wake_word_project\data\negative\house\afb9e62e_nohash_0.wav,0.001771
C:\Users\miker\wake_word_project\data\negative\on\7fb8d703_nohash_3.wav,0.008943
C:\Users\miker\wake_word_project\data\negative\off\67c7fecb_nohash_0.wav,0.000491
C:\Users\miker\wake_word_project\data\negative\happy\71aa5b54_nohash_1.wav,0.005273
C:\Users\miker\wake_word_project\data\negative\stop\0ba018fc_nohash_2.wav,0.011338
C:\Users\miker\wake_word_project\data\negative\cat\cb5d2c6e_nohash_0.wav,0.000773
C:\Users\miker\wake_word_project\data\negative\right\37a3cd33_nohash_1.wav,0.000368
C:\Users\miker\wake_word_project\data\negative\no\45864319_nohash_0.wav,0.003574
C:\Users\miker\wake_word_project\data\negative\up\5c39594f_nohash_3.wav,0.000608
C:\Users\miker\wake_word_project\data\negative\eight\435695e3_nohash_1.wav,0.002441
C:\Users\miker\wake_word_project\data\negative\sheila\23ad12d8_nohash_0.wav,0.002731
C:\Users\miker\wake_word_project\data\negative\off\f428ca69_nohash_0.wav,0.004422
C:\Users\miker\wake_word_project\data\negative\two\c5c60d8d_nohash_2.wav,0.001055
C:\Users\miker\wake_word_project\data\negative\go\f839238a_nohash_2.wav,0.000213
C:\Users\miker\wake_word_project\data\negative\house\e10e2cbb_nohash_1.wav,0.002354
C:\Users\miker\wake_word_project\data\negative\zero\3a929277_nohash_1.wav,0.000428
C:\Users\miker\wake_word_project\data\negative\five\591d32f3_nohash_0.wav,0.001415
C:\Users\miker\wake_word_project\data\negative\nine\e1469561_nohash_2.wav,0.004895
C:\Users\miker\wake_word_project\data\negative\one\b8872c20_nohash_0.wav,0.002001
C:\Users\miker\wake_word_project\data\negative\bed\8f447c3e_nohash_0.wav,0.004025
C:\Users\miker\wake_word_project\data\negative\three\f798ac78_nohash_3.wav,0.005693
C:\Users\miker\wake_word_project\data\negative\stop\9a7c1f83_nohash_1.wav,0.001836
C:\Users\miker\wake_word_project\data\negative\bird\6e2ef3d5_nohash_0.wav,0.000139
C:\Users\miker\wake_word_project\data\negative\wow\954f190f_nohash_0.wav,0.001629
C:\Users\miker\wake_word_project\data\negative\two\1678e6f1_nohash_0.wav,0.007059
C:\Users\miker\wake_word_project\data\negative\zero\b83c1acf_nohash_4.wav,0.051621
C:\Users\miker\wake_word_project\data\negative\cat\b59fe16d_nohash_1.wav,0.000991
C:\Users\miker\wake_word_project\data\negative\up\0e6e36c9_nohash_2.wav,0.000393
C:\Users\miker\wake_word_project\data\negative\zero\627c0bec_nohash_0.wav,0.010586
C:\Users\miker\wake_word_project\data\negative\two\65ec06e5_nohash_0.wav,0.000242
C:\Users\miker\wake_word_project\data\negative\go\c120e80e_nohash_2.wav,0.000133
C:\Users\miker\wake_word_project\data\negative\happy\5f1253e9_nohash_0.wav,0.010828
C:\Users\miker\wake_word_project\data\negative\sheila\982babaf_nohash_0.wav,0.005626
C:\Users\miker\wake_word_project\data\negative\left\a04817c2_nohash_2.wav,0.001780
C:\Users\miker\wake_word_project\data\negative\up\645ed69d_nohash_1.wav,0.000285
C:\Users\miker\wake_word_project\data\negative\nine\dff327c5_nohash_2.wav,0.002825
C:\Users\miker\wake_word_project\data\negative\eight\97f4c236_nohash_4.wav,0.030824
C:\Users\miker\wake_word_project\data\negative\seven\bab36420_nohash_2.wav,0.005782
C:\Users\miker\wake_word_project\data\negative\go\a759efbc_nohash_1.wav,0.001782
C:\Users\miker\wake_word_project\data\negative\on\9a69672b_nohash_3.wav,0.001049
C:\Users\miker\wake_word_project\data\negative\no\bdd22e4d_nohash_3.wav,0.000460
C:\Users\miker\wake_word_project\data\negative\backward\a56859ea_nohash_0.wav,0.001419
C:\Users\miker\wake_word_project\data\negative\no\e0a7c5a0_nohash_0.wav,0.000523
C:\Users\miker\wake_word_project\data\negative\happy\87eff300_nohash_0.wav,0.000896
C:\Users\miker\wake_word_project\data\negative\left\52bfbce8_nohash_0.wav,0.000133
C:\Users\miker\wake_word_project\data\negative\yes\57152045_nohash_3.wav,0.009061
C:\Users\miker\wake_word_project\data\negative\go\9f869f70_nohash_0.wav,0.007061
C:\Users\miker\wake_word_project\data\negative\left\333784b7_nohash_4.wav,0.001486
C:\Users\miker\wake_word_project\data\negative\four\bfd26d6b_nohash_0.wav,0.001451
C:\Users\miker\wake_word_project\data\negative\five\d55aa56c_nohash_2.wav,0.003083
C:\Users\miker\wake_word_project\data\negative\on\78884794_nohash_0.wav,0.000570
C:\Users\miker\wake_word_project\data\negative\three\7ea032f3_nohash_0.wav,0.000602
C:\Users\miker\wake_word_project\data\negative\left\e41a903b_nohash_4.wav,0.003574
C:\Users\miker\wake_word_project\data\negative\yes\b0ae6326_nohash_2.wav,0.001353
C:\Users\miker\wake_word_project\data\negative\three\f035e2ea_nohash_0.wav,0.001808
C:\Users\miker\wake_word_project\data\negative\off\56eb74ae_nohash_4.wav,0.005225
C:\Users\miker\wake_word_project\data\negative\zero\66a412a7_nohash_0.wav,0.003383
C:\Users\miker\wake_word_project\data\negative\bird\61e2f74f_nohash_0.wav,0.001235
C:\Users\miker\wake_word_project\data\negative\house\a879a2c3_nohash_0.wav,0.001200
C:\Users\miker\wake_word_project\data\negative\down\27b9a84f_nohash_1.wav,0.000389
